Company,Work_Type,Rating,Category
FinEdge Enterprises,Civil Construction,4.4,Design
TechNova Solutions,Interior Design,3.1,Design
SkyHigh Enterprises,Digital Marketing,4.3,Education
VisionTech Pvt Ltd,Digital Marketing,3.0,Marketing
CloudLink Pvt Ltd,Cyber Security,4.9,Education
GreenLeaf Enterprises,Cyber Security,5.0,Marketing
BuildPro Enterprises,Web Development,3.6,IT Services
AdWise Enterprises,Mobile App Development,3.4,Infrastructure
InteriorHive Solutions,AI/ML Services,4.6,Finance
BrightPath Industries,Civil Construction,4.0,IT Services
CoreBuild Enterprises,Mobile App Development,3.0,Design
CyberMatrix Industries,AI/ML Services,4.5,Design
VisionTech Group,Mobile App Development,4.4,Finance
CoreBuild Pvt Ltd,Digital Marketing,3.4,IT Services
MarketGenius Pvt Ltd,Financial Consulting,3.8,Finance
FinEdge Solutions,Civil Construction,4.3,Finance
BuildPro Solutions,Cloud Services,4.5,Education
MarketGenius Solutions,Cloud Services,4.2,Infrastructure
CyberMatrix Industries,AI/ML Services,4.4,Infrastructure
MarketGenius Industries,Cloud Services,4.2,IT Services
BrightPath Enterprises,Interior Design,3.7,Education
CyberMatrix Pvt Ltd,Corporate Training,3.3,Finance
VisionTech Solutions,Digital Marketing,4.5,Design
CloudSphere Industries,Web Development,4.5,Marketing
MegaBuild Solutions,AI/ML Services,3.7,Finance
BuildPro Enterprises,Cyber Security,3.2,IT Services
CoreBuild Industries,Cloud Services,3.6,Marketing
CloudSphere Group,AI/ML Services,4.5,Marketing
CloudSphere Enterprises,Civil Construction,4.5,IT Services
NextGen Solutions,Cloud Services,3.3,Infrastructure
VisionTech Solutions,Web Development,4.3,IT Services
GreenLeaf Industries,Web Development,3.9,Design
AdWise Enterprises,Interior Design,3.7,Marketing
VisionTech Industries,Interior Design,4.1,Education
BrightPath Industries,Corporate Training,3.1,Infrastructure
FinEdge Industries,Cyber Security,4.8,IT Services
InteriorHive Industries,Web Development,3.2,Marketing
CloudSphere Industries,Cloud Services,3.4,Finance
BuildPro Solutions,Interior Design,3.1,Marketing
BrightPath Industries,Corporate Training,3.7,Finance
AlphaWorks Solutions,Cloud Services,3.3,IT Services
GreenLeaf Enterprises,Cyber Security,4.9,IT Services
CloudSphere Group,Civil Construction,3.7,Infrastructure
SkyHigh Pvt Ltd,AI/ML Services,4.6,Design
TechNova Pvt Ltd,Financial Consulting,4.1,Infrastructure
SkyHigh Industries,AI/ML Services,4.4,Finance
PrimeLogics Group,Cloud Services,4.7,Design
InteriorHive Solutions,Civil Construction,3.3,Education
PrimeLogics Solutions,Web Development,4.2,Infrastructure
GreenLeaf Industries,Cyber Security,3.5,Design
TechNova Solutions,Corporate Training,4.3,IT Services
GreenLeaf Group,Corporate Training,3.4,Design
UrbanCraft Enterprises,Mobile App Development,4.5,Infrastructure
CyberMatrix Solutions,AI/ML Services,4.9,IT Services
NextGen Solutions,Cloud Services,4.3,Finance
CloudLink Enterprises,Interior Design,4.2,Infrastructure
VisionTech Industries,Civil Construction,3.0,Infrastructure
BrightPath Enterprises,Mobile App Development,3.1,Infrastructure
CloudLink Group,Financial Consulting,4.5,Design
FinEdge Pvt Ltd,Interior Design,3.5,Finance
CoreBuild Solutions,Web Development,3.7,Education
NextGen Solutions,Interior Design,4.2,IT Services
CloudLink Enterprises,Corporate Training,3.4,Finance
FinEdge Pvt Ltd,Mobile App Development,4.8,Marketing
InteriorHive Solutions,Financial Consulting,4.8,IT Services
VisionTech Industries,Civil Construction,3.6,Finance
MarketGenius Enterprises,Civil Construction,3.8,Education
AdWise Industries,Cloud Services,3.4,Education
CyberMatrix Solutions,Financial Consulting,4.9,IT Services
CloudSphere Pvt Ltd,AI/ML Services,4.0,Education
AlphaWorks Enterprises,Corporate Training,3.1,Infrastructure
FinEdge Industries,Mobile App Development,5.0,Education
GreenLeaf Solutions,Financial Consulting,3.0,IT Services
CloudLink Solutions,Web Development,4.1,Finance
AdWise Pvt Ltd,Cyber Security,3.6,Infrastructure
CyberMatrix Pvt Ltd,Cloud Services,4.8,Design
BrightPath Pvt Ltd,Civil Construction,4.4,IT Services
CyberMatrix Solutions,Mobile App Development,4.4,Finance
CyberMatrix Enterprises,Cyber Security,3.7,Infrastructure
BrightPath Enterprises,Mobile App Development,4.0,Infrastructure
NextGen Pvt Ltd,Corporate Training,4.9,Design
TechNova Group,Cloud Services,3.7,Finance
MegaBuild Enterprises,Web Development,4.3,Education
MarketGenius Group,Digital Marketing,5.0,IT Services
MarketGenius Enterprises,Web Development,3.1,Education
TechNova Pvt Ltd,AI/ML Services,3.6,Marketing
CloudLink Enterprises,AI/ML Services,4.8,Education
GreenLeaf Group,Corporate Training,3.3,Marketing
CloudLink Solutions,AI/ML Services,4.4,Marketing
SecureNet Pvt Ltd,Corporate Training,3.1,IT Services
CloudLink Enterprises,Interior Design,4.3,Finance
UrbanCraft Solutions,Corporate Training,4.6,IT Services
UrbanCraft Industries,Cyber Security,4.5,IT Services
SecureNet Solutions,Mobile App Development,3.1,Marketing
InteriorHive Group,Financial Consulting,4.2,Finance
AdWise Solutions,Digital Marketing,3.4,Infrastructure
SecureNet Industries,Cyber Security,4.6,Design
FinEdge Industries,Digital Marketing,4.3,IT Services
NextGen Solutions,AI/ML Services,4.8,Infrastructure
VisionTech Pvt Ltd,Financial Consulting,5.0,Design
PrimeLogics Enterprises,AI/ML Services,3.5,Finance
AdWise Group,Corporate Training,3.7,Education
AdWise Pvt Ltd,Cloud Services,4.6,Infrastructure
MegaBuild Solutions,Mobile App Development,3.0,Finance
NextGen Group,Civil Construction,3.4,Marketing
BuildPro Group,Digital Marketing,4.7,Education
NextGen Pvt Ltd,Corporate Training,4.8,Infrastructure
MarketGenius Industries,Civil Construction,3.8,Finance
FinEdge Group,Corporate Training,4.5,Finance
CoreBuild Solutions,Digital Marketing,4.2,Education
AlphaWorks Industries,Mobile App Development,3.1,Finance
CloudSphere Group,Mobile App Development,3.4,Finance
CyberMatrix Group,AI/ML Services,3.4,Marketing
AdWise Pvt Ltd,Mobile App Development,4.0,Finance
MegaBuild Industries,Corporate Training,4.4,Finance
MarketGenius Solutions,Civil Construction,3.1,Marketing
TechNova Pvt Ltd,Cyber Security,4.0,Infrastructure
MegaBuild Enterprises,AI/ML Services,3.8,Design
NextGen Enterprises,Financial Consulting,3.5,Education
FinEdge Enterprises,Financial Consulting,3.4,Infrastructure
MegaBuild Industries,Cyber Security,3.2,Design
AdWise Industries,Cyber Security,4.6,Infrastructure
MegaBuild Enterprises,Cloud Services,4.3,IT Services
CoreBuild Industries,Digital Marketing,3.9,Education
SkyHigh Enterprises,Digital Marketing,4.4,IT Services
CoreBuild Group,Cloud Services,4.6,IT Services
MarketGenius Enterprises,Cloud Services,4.1,Infrastructure
CoreBuild Group,Financial Consulting,4.1,Finance
VisionTech Solutions,Cloud Services,3.4,Marketing
CoreBuild Industries,Civil Construction,3.9,Design
TechNova Solutions,Interior Design,4.7,Education
BrightPath Enterprises,Web Development,3.1,Marketing
CoreBuild Group,Financial Consulting,5.0,Finance
UrbanCraft Solutions,AI/ML Services,3.4,Finance
BuildPro Enterprises,Digital Marketing,4.4,Marketing
TechNova Enterprises,Civil Construction,4.8,Design
VisionTech Enterprises,Financial Consulting,3.1,Marketing
PrimeLogics Solutions,Corporate Training,5.0,Finance
SkyHigh Enterprises,Cloud Services,4.5,Infrastructure
PrimeLogics Solutions,Civil Construction,4.8,IT Services
MarketGenius Solutions,Web Development,4.7,Infrastructure
TechNova Solutions,Civil Construction,4.2,Finance
SkyHigh Solutions,Financial Consulting,3.6,Education
CyberMatrix Group,Digital Marketing,4.5,Education
GreenLeaf Group,Mobile App Development,4.3,Design
BrightPath Enterprises,Mobile App Development,4.4,Design
BrightPath Enterprises,Mobile App Development,3.9,Infrastructure
BrightPath Industries,Digital Marketing,4.6,Education
SecureNet Industries,AI/ML Services,3.4,Design
AlphaWorks Solutions,Interior Design,5.0,Design
BrightPath Enterprises,Web Development,4.0,Marketing
CloudSphere Pvt Ltd,Interior Design,3.6,Education
MegaBuild Industries,Cyber Security,3.1,Marketing
UrbanCraft Industries,Financial Consulting,4.8,Infrastructure
InteriorHive Solutions,Mobile App Development,4.7,Finance
CyberMatrix Group,Civil Construction,4.5,Marketing
VisionTech Group,AI/ML Services,4.5,Marketing
InteriorHive Enterprises,Financial Consulting,4.3,Infrastructure
CoreBuild Enterprises,Civil Construction,4.5,Finance
CyberMatrix Industries,Mobile App Development,3.2,Design
NextGen Pvt Ltd,Cyber Security,3.6,IT Services
UrbanCraft Solutions,Cloud Services,4.8,Marketing
FinEdge Group,Corporate Training,3.8,Infrastructure
TechNova Pvt Ltd,Civil Construction,4.6,Marketing
PrimeLogics Solutions,Corporate Training,3.9,Marketing
CloudSphere Solutions,Cloud Services,4.5,Marketing
CoreBuild Enterprises,AI/ML Services,3.2,Design
MegaBuild Industries,Corporate Training,3.7,Marketing
TechNova Group,Mobile App Development,3.6,IT Services
SkyHigh Enterprises,Financial Consulting,3.8,Design
AlphaWorks Industries,Web Development,3.9,Infrastructure
InteriorHive Solutions,Cyber Security,4.6,IT Services
CloudLink Industries,Corporate Training,4.8,Finance
CyberMatrix Industries,AI/ML Services,4.7,Finance
InteriorHive Pvt Ltd,Cyber Security,4.0,Design
GreenLeaf Solutions,Cyber Security,3.3,Marketing
NextGen Industries,Cloud Services,3.8,Design
CyberMatrix Group,Digital Marketing,3.1,Finance
TechNova Enterprises,Mobile App Development,3.4,Marketing
BuildPro Industries,Cloud Services,5.0,Marketing
MegaBuild Enterprises,Civil Construction,3.8,Infrastructure
MegaBuild Pvt Ltd,Interior Design,3.3,Finance
NextGen Pvt Ltd,Mobile App Development,4.7,IT Services
AlphaWorks Pvt Ltd,Digital Marketing,4.1,Education
CoreBuild Solutions,Cloud Services,3.2,Education
VisionTech Industries,Cloud Services,3.2,Design
CloudSphere Industries,Corporate Training,4.4,Infrastructure
CoreBuild Solutions,Civil Construction,3.6,IT Services
MarketGenius Industries,Civil Construction,3.5,Marketing
CloudLink Group,Civil Construction,4.9,Marketing
GreenLeaf Solutions,AI/ML Services,4.2,Education
VisionTech Solutions,Civil Construction,3.4,Education
PrimeLogics Enterprises,Corporate Training,3.0,Design
NextGen Group,Corporate Training,4.2,Marketing
TechNova Enterprises,Corporate Training,3.3,Marketing
CyberMatrix Enterprises,Cyber Security,3.5,Marketing
SkyHigh Pvt Ltd,Mobile App Development,3.3,Design
GreenLeaf Pvt Ltd,Cyber Security,3.3,IT Services
MegaBuild Pvt Ltd,Corporate Training,3.7,Finance
AlphaWorks Industries,Web Development,4.3,Infrastructure
CoreBuild Industries,AI/ML Services,3.1,Education
MarketGenius Pvt Ltd,Cyber Security,4.5,Finance
MarketGenius Pvt Ltd,Digital Marketing,4.5,Finance
GreenLeaf Pvt Ltd,Cloud Services,4.8,Infrastructure
InteriorHive Solutions,Web Development,3.6,Marketing
NextGen Enterprises,Civil Construction,3.9,Infrastructure
SkyHigh Group,Civil Construction,3.9,Finance
BrightPath Group,Cyber Security,4.8,Design
TechNova Industries,Mobile App Development,4.4,Education
InteriorHive Enterprises,AI/ML Services,3.8,Design
FinEdge Industries,Web Development,4.5,Design
FinEdge Group,Cyber Security,3.6,Design
FinEdge Group,Digital Marketing,3.6,Design
CyberMatrix Pvt Ltd,Cloud Services,4.1,Education
PrimeLogics Pvt Ltd,Digital Marketing,3.3,Finance
AlphaWorks Group,Web Development,3.2,IT Services
TechNova Solutions,Cloud Services,4.0,Education
UrbanCraft Pvt Ltd,Financial Consulting,3.8,Design
CoreBuild Enterprises,Civil Construction,3.4,Design
CoreBuild Industries,Financial Consulting,3.1,Education
CloudLink Enterprises,Financial Consulting,4.1,Design
AlphaWorks Group,Digital Marketing,4.8,Design
FinEdge Enterprises,Web Development,4.6,Infrastructure
SkyHigh Solutions,Cyber Security,3.0,IT Services
CloudLink Industries,Civil Construction,4.1,Education
NextGen Group,Civil Construction,3.7,Education
FinEdge Group,Web Development,3.9,Marketing
AdWise Solutions,AI/ML Services,4.6,Finance
CloudLink Industries,Cyber Security,4.4,Marketing
GreenLeaf Industries,Cloud Services,4.1,Marketing
SkyHigh Group,Interior Design,3.4,Design
NextGen Solutions,Cyber Security,4.6,IT Services
VisionTech Solutions,Financial Consulting,4.4,Infrastructure
InteriorHive Enterprises,Financial Consulting,4.7,Design
AdWise Enterprises,Cloud Services,3.3,Education
InteriorHive Enterprises,Corporate Training,4.1,Education
AdWise Solutions,Mobile App Development,4.9,Education
CloudLink Pvt Ltd,Corporate Training,4.1,Infrastructure
SkyHigh Enterprises,Digital Marketing,3.4,Education
CloudLink Industries,Web Development,4.3,Marketing
CoreBuild Pvt Ltd,Web Development,4.8,Design
CoreBuild Pvt Ltd,Digital Marketing,3.5,Design
CloudSphere Group,Cloud Services,4.2,Marketing
AlphaWorks Enterprises,Web Development,4.9,Education
AlphaWorks Industries,Cyber Security,4.5,Finance
CloudSphere Enterprises,AI/ML Services,3.4,Marketing
BuildPro Solutions,Financial Consulting,4.7,Marketing
FinEdge Group,Digital Marketing,4.5,Design
CloudSphere Enterprises,Cyber Security,3.6,Finance
UrbanCraft Industries,Mobile App Development,3.7,Finance
CoreBuild Solutions,Digital Marketing,3.9,IT Services
FinEdge Solutions,Web Development,4.4,Design
AlphaWorks Industries,Corporate Training,4.5,Infrastructure
CoreBuild Solutions,Web Development,4.7,Marketing
AlphaWorks Industries,Cloud Services,4.1,Finance
NextGen Group,Digital Marketing,3.5,IT Services
CloudLink Enterprises,Mobile App Development,4.9,Education
CloudLink Industries,Mobile App Development,4.6,IT Services
TechNova Group,AI/ML Services,4.9,IT Services
MarketGenius Pvt Ltd,Cloud Services,3.5,Design
MarketGenius Pvt Ltd,Cloud Services,4.4,Design
SecureNet Pvt Ltd,Interior Design,4.2,Infrastructure
MarketGenius Enterprises,Civil Construction,4.3,IT Services
AlphaWorks Industries,Mobile App Development,5.0,IT Services
SkyHigh Group,Interior Design,3.3,Marketing
BrightPath Industries,Civil Construction,4.0,Marketing
CloudLink Group,Cyber Security,4.2,Design
CyberMatrix Solutions,Civil Construction,3.8,Infrastructure
AlphaWorks Pvt Ltd,Civil Construction,4.6,Design
BrightPath Enterprises,Cyber Security,3.5,Education
TechNova Enterprises,AI/ML Services,3.3,Infrastructure
MegaBuild Solutions,Financial Consulting,3.1,Design
VisionTech Solutions,Cloud Services,4.6,Education
MegaBuild Pvt Ltd,Digital Marketing,3.3,Infrastructure
MegaBuild Pvt Ltd,Web Development,4.6,Marketing
InteriorHive Enterprises,Civil Construction,4.4,Design
UrbanCraft Group,Mobile App Development,3.4,Design
BuildPro Industries,Corporate Training,3.2,Education
GreenLeaf Pvt Ltd,AI/ML Services,3.7,Finance
CloudLink Industries,Corporate Training,4.0,IT Services
CloudLink Pvt Ltd,Mobile App Development,3.2,Infrastructure
BrightPath Enterprises,Interior Design,3.2,Education
CyberMatrix Solutions,Web Development,3.1,Infrastructure
GreenLeaf Industries,Digital Marketing,4.1,Finance
NextGen Solutions,Web Development,4.0,IT Services
PrimeLogics Industries,Corporate Training,4.6,IT Services
GreenLeaf Pvt Ltd,Financial Consulting,3.7,Finance
CloudSphere Pvt Ltd,Mobile App Development,3.4,IT Services
CloudLink Group,Cyber Security,4.6,Marketing
CoreBuild Pvt Ltd,Corporate Training,3.5,IT Services
CloudSphere Group,AI/ML Services,4.0,Marketing
CoreBuild Enterprises,Mobile App Development,4.8,Design
InteriorHive Pvt Ltd,Digital Marketing,4.3,IT Services
BrightPath Solutions,Civil Construction,4.7,Finance
BrightPath Industries,Interior Design,3.1,Infrastructure
AlphaWorks Industries,Financial Consulting,3.8,Finance
NextGen Enterprises,Cyber Security,4.7,Finance
CoreBuild Solutions,Corporate Training,4.4,IT Services
CyberMatrix Industries,Civil Construction,3.2,Infrastructure
CoreBuild Pvt Ltd,Mobile App Development,4.0,IT Services
PrimeLogics Pvt Ltd,Civil Construction,4.1,Education
NextGen Solutions,Cloud Services,3.4,Finance
SecureNet Enterprises,Corporate Training,3.9,Infrastructure
MarketGenius Industries,Financial Consulting,3.1,Design
BrightPath Group,Cloud Services,4.8,Design
GreenLeaf Enterprises,Cyber Security,3.5,IT Services
UrbanCraft Group,Corporate Training,3.2,Design
CoreBuild Enterprises,Mobile App Development,3.0,Finance
CoreBuild Pvt Ltd,Cloud Services,4.4,Finance
TechNova Industries,Cloud Services,4.1,Finance
CloudLink Group,Civil Construction,3.4,Education
BuildPro Solutions,Interior Design,4.9,Infrastructure
CloudSphere Group,Civil Construction,3.2,Infrastructure
PrimeLogics Pvt Ltd,Cloud Services,3.0,IT Services
BrightPath Solutions,Financial Consulting,3.9,Design
VisionTech Enterprises,Financial Consulting,3.4,Finance
FinEdge Industries,Interior Design,4.0,IT Services
MarketGenius Group,Cloud Services,4.2,Infrastructure
AdWise Solutions,AI/ML Services,4.3,Marketing
FinEdge Industries,Web Development,3.8,IT Services
InteriorHive Pvt Ltd,Interior Design,4.4,Education
AdWise Enterprises,Civil Construction,3.6,Marketing
GreenLeaf Industries,Mobile App Development,3.7,Design
CloudLink Industries,Cloud Services,3.8,IT Services
MegaBuild Group,AI/ML Services,4.0,IT Services
BrightPath Solutions,Cyber Security,3.4,Infrastructure
InteriorHive Group,Cloud Services,3.9,Design
AdWise Group,AI/ML Services,3.5,Finance
TechNova Solutions,Web Development,3.6,Education
CoreBuild Enterprises,Financial Consulting,3.9,Education
NextGen Solutions,Interior Design,4.2,Marketing
CloudLink Solutions,Financial Consulting,4.5,Design
CloudSphere Enterprises,Digital Marketing,4.3,IT Services
GreenLeaf Industries,Web Development,3.9,Finance
MegaBuild Industries,AI/ML Services,4.6,Design
AdWise Enterprises,Civil Construction,4.1,Design
VisionTech Pvt Ltd,Financial Consulting,4.6,Design
TechNova Industries,Cloud Services,4.4,Design
CyberMatrix Pvt Ltd,Interior Design,3.5,IT Services
AdWise Solutions,Civil Construction,4.5,Infrastructure
InteriorHive Solutions,Cyber Security,4.9,Finance
CloudLink Solutions,Financial Consulting,3.5,Marketing
CloudLink Industries,Mobile App Development,3.1,Education
FinEdge Industries,Digital Marketing,3.4,IT Services
MarketGenius Enterprises,Cloud Services,3.3,Design
CyberMatrix Pvt Ltd,AI/ML Services,3.3,Education
GreenLeaf Enterprises,AI/ML Services,3.4,Infrastructure
CloudLink Pvt Ltd,Web Development,3.7,IT Services
CoreBuild Industries,Corporate Training,3.1,Education
InteriorHive Solutions,Web Development,3.4,Design
BuildPro Industries,AI/ML Services,4.6,Education
MarketGenius Group,Cloud Services,4.3,Finance
TechNova Solutions,Web Development,4.5,Education
MegaBuild Solutions,Web Development,4.8,Infrastructure
AlphaWorks Solutions,AI/ML Services,4.9,Design
UrbanCraft Group,AI/ML Services,3.7,Infrastructure
CoreBuild Enterprises,Financial Consulting,4.3,Education
CloudLink Enterprises,AI/ML Services,4.3,Education
CyberMatrix Group,Interior Design,4.2,Education
BuildPro Group,Civil Construction,4.8,Design
GreenLeaf Industries,Digital Marketing,3.5,Finance
PrimeLogics Solutions,Corporate Training,3.2,Finance
SecureNet Group,Mobile App Development,4.3,Education
UrbanCraft Industries,Digital Marketing,4.5,IT Services
UrbanCraft Solutions,Corporate Training,4.1,IT Services
SkyHigh Pvt Ltd,Cloud Services,4.6,IT Services
NextGen Pvt Ltd,Digital Marketing,4.8,Finance
AlphaWorks Enterprises,Interior Design,4.6,Finance
InteriorHive Enterprises,Cyber Security,4.0,Marketing
AlphaWorks Group,Civil Construction,3.3,Finance
BrightPath Enterprises,AI/ML Services,4.1,Marketing
SecureNet Industries,Cloud Services,4.6,Design
InteriorHive Enterprises,Corporate Training,4.7,Infrastructure
MegaBuild Pvt Ltd,Financial Consulting,3.1,Finance
AlphaWorks Enterprises,Cloud Services,4.4,Education
TechNova Group,Digital Marketing,4.1,Finance
CloudLink Pvt Ltd,Mobile App Development,3.5,IT Services
NextGen Industries,Digital Marketing,3.3,Infrastructure
PrimeLogics Group,Financial Consulting,3.0,Design
CloudLink Solutions,Web Development,3.0,Design
InteriorHive Solutions,Civil Construction,4.0,Infrastructure
TechNova Group,Interior Design,4.6,Infrastructure
CloudLink Enterprises,Digital Marketing,4.4,Design
CloudSphere Industries,Financial Consulting,4.3,Infrastructure
MarketGenius Enterprises,Cloud Services,3.8,Finance
NextGen Industries,Digital Marketing,3.9,Finance
NextGen Solutions,AI/ML Services,4.9,Finance
TechNova Pvt Ltd,Civil Construction,4.7,Design
PrimeLogics Solutions,Cyber Security,4.1,Infrastructure
GreenLeaf Pvt Ltd,Digital Marketing,4.6,Finance
AdWise Pvt Ltd,Digital Marketing,3.2,Education
VisionTech Industries,Digital Marketing,3.8,Finance
CyberMatrix Group,Financial Consulting,4.3,Infrastructure
SecureNet Enterprises,Digital Marketing,3.5,IT Services
AdWise Pvt Ltd,Web Development,4.9,Design
AdWise Industries,Mobile App Development,4.8,Infrastructure
MarketGenius Enterprises,Cyber Security,3.5,Education
PrimeLogics Solutions,Interior Design,4.0,Finance
CloudLink Solutions,Civil Construction,4.1,Infrastructure
CoreBuild Industries,Civil Construction,3.4,Design
CoreBuild Industries,Financial Consulting,4.1,IT Services
FinEdge Solutions,Interior Design,4.9,IT Services
GreenLeaf Pvt Ltd,Mobile App Development,4.1,Infrastructure
CloudLink Solutions,Digital Marketing,4.9,Design
CyberMatrix Group,Financial Consulting,4.4,Finance
BrightPath Industries,Web Development,4.0,Education
VisionTech Industries,AI/ML Services,4.9,Marketing
MarketGenius Group,Digital Marketing,3.1,Education
NextGen Pvt Ltd,Web Development,4.9,Marketing
FinEdge Solutions,Cyber Security,4.7,Education
BrightPath Solutions,Cyber Security,3.3,Design
PrimeLogics Industries,AI/ML Services,4.1,IT Services
SecureNet Group,Interior Design,4.2,Finance
GreenLeaf Pvt Ltd,Mobile App Development,4.2,Finance
SecureNet Solutions,Financial Consulting,3.5,Infrastructure
GreenLeaf Pvt Ltd,Web Development,4.8,Design
CyberMatrix Solutions,Mobile App Development,3.7,Education
FinEdge Enterprises,Civil Construction,4.1,Education
FinEdge Group,Cyber Security,3.3,Finance
VisionTech Solutions,Digital Marketing,4.2,Education
CyberMatrix Solutions,Cyber Security,3.4,Education
MarketGenius Enterprises,Civil Construction,4.6,Finance
UrbanCraft Pvt Ltd,Digital Marketing,4.4,Marketing
AlphaWorks Solutions,Web Development,3.3,IT Services
BuildPro Industries,Financial Consulting,4.9,Education
FinEdge Group,Corporate Training,3.3,Infrastructure
NextGen Enterprises,AI/ML Services,4.2,Infrastructure
TechNova Group,Mobile App Development,3.6,Marketing
GreenLeaf Enterprises,AI/ML Services,3.7,Marketing
SkyHigh Pvt Ltd,Civil Construction,3.1,IT Services
VisionTech Group,Financial Consulting,4.0,Marketing
MegaBuild Enterprises,AI/ML Services,4.1,Marketing
AlphaWorks Group,Interior Design,4.4,Marketing
TechNova Group,AI/ML Services,4.1,Infrastructure
MegaBuild Group,Digital Marketing,3.1,Design
NextGen Group,Cyber Security,4.9,Marketing
InteriorHive Enterprises,Cloud Services,4.4,IT Services
PrimeLogics Pvt Ltd,Cloud Services,4.2,Education
GreenLeaf Group,Interior Design,4.5,IT Services
CyberMatrix Industries,AI/ML Services,4.2,Finance
SkyHigh Industries,Web Development,4.9,Marketing
AlphaWorks Enterprises,Interior Design,4.3,Marketing
CyberMatrix Solutions,AI/ML Services,4.7,Design
GreenLeaf Industries,Mobile App Development,3.0,Education
PrimeLogics Group,Digital Marketing,4.8,Design
BuildPro Pvt Ltd,Civil Construction,3.9,Design
MegaBuild Group,Corporate Training,5.0,IT Services
BrightPath Enterprises,Interior Design,4.2,Marketing
VisionTech Industries,Mobile App Development,3.4,Design
SkyHigh Pvt Ltd,Civil Construction,4.0,Marketing
SecureNet Industries,Financial Consulting,4.8,Finance
MegaBuild Solutions,Digital Marketing,4.3,Design
InteriorHive Pvt Ltd,Digital Marketing,4.6,Finance
AdWise Group,Financial Consulting,4.1,Education
CyberMatrix Industries,Mobile App Development,4.9,IT Services
FinEdge Group,Corporate Training,4.8,Finance
MarketGenius Solutions,AI/ML Services,4.6,Marketing
MarketGenius Solutions,Web Development,3.7,Design
MarketGenius Enterprises,Web Development,3.8,Design
InteriorHive Enterprises,Cyber Security,4.8,Education
MarketGenius Solutions,Cyber Security,4.6,Marketing
BuildPro Solutions,Financial Consulting,3.8,IT Services
CloudSphere Pvt Ltd,Interior Design,4.8,Infrastructure
TechNova Enterprises,Cloud Services,5.0,Design
AlphaWorks Industries,Cyber Security,3.6,Finance
FinEdge Group,Digital Marketing,3.1,Design
UrbanCraft Pvt Ltd,Financial Consulting,3.3,Design
PrimeLogics Enterprises,Interior Design,4.3,Infrastructure
FinEdge Group,Web Development,3.4,Marketing
TechNova Pvt Ltd,AI/ML Services,4.3,Education
AdWise Pvt Ltd,Corporate Training,4.5,Marketing
InteriorHive Enterprises,AI/ML Services,3.2,IT Services
PrimeLogics Enterprises,AI/ML Services,4.5,Marketing
SkyHigh Pvt Ltd,Digital Marketing,3.8,IT Services
MarketGenius Solutions,Civil Construction,3.4,Education
CyberMatrix Group,Civil Construction,3.9,Marketing
PrimeLogics Industries,Cyber Security,4.1,Design
VisionTech Enterprises,Corporate Training,4.2,Design
GreenLeaf Solutions,Corporate Training,5.0,Finance
PrimeLogics Industries,Cyber Security,4.5,Marketing
CoreBuild Pvt Ltd,Mobile App Development,3.7,Design
AlphaWorks Solutions,Cyber Security,4.6,IT Services
SkyHigh Group,Digital Marketing,4.1,Design
BuildPro Solutions,Financial Consulting,4.2,Marketing
AlphaWorks Industries,Corporate Training,4.1,Design
SecureNet Industries,Mobile App Development,4.1,Education
FinEdge Group,Civil Construction,4.1,Education
BrightPath Group,Civil Construction,3.5,IT Services
TechNova Industries,Mobile App Development,3.8,Infrastructure
PrimeLogics Industries,Mobile App Development,4.7,IT Services
MegaBuild Industries,Mobile App Development,3.2,IT Services
BrightPath Enterprises,Financial Consulting,3.3,Infrastructure
CloudLink Pvt Ltd,Cloud Services,4.6,Education
CloudLink Pvt Ltd,Civil Construction,4.9,Infrastructure
BuildPro Industries,Mobile App Development,3.3,Education
CyberMatrix Group,AI/ML Services,4.6,Education
SecureNet Enterprises,Civil Construction,3.1,Finance
CoreBuild Enterprises,Web Development,3.5,Infrastructure
TechNova Industries,Digital Marketing,4.0,Design
VisionTech Group,Civil Construction,3.7,Design
MegaBuild Industries,AI/ML Services,4.8,Finance
VisionTech Group,Corporate Training,3.4,Finance
SkyHigh Pvt Ltd,Cloud Services,4.9,Finance
UrbanCraft Group,Civil Construction,4.6,IT Services
InteriorHive Pvt Ltd,Cloud Services,4.4,Infrastructure
CoreBuild Pvt Ltd,Corporate Training,3.6,Design
CloudSphere Industries,Web Development,3.1,Marketing
GreenLeaf Group,Financial Consulting,4.5,Infrastructure
FinEdge Group,Mobile App Development,3.2,IT Services
SecureNet Industries,Mobile App Development,3.2,Finance
GreenLeaf Industries,AI/ML Services,3.8,IT Services
MarketGenius Solutions,Digital Marketing,3.2,Marketing
SkyHigh Industries,Financial Consulting,3.4,Design
AlphaWorks Enterprises,Cloud Services,4.5,IT Services
SkyHigh Group,AI/ML Services,3.9,Education
MegaBuild Solutions,Financial Consulting,3.5,Infrastructure
TechNova Group,Financial Consulting,4.4,IT Services
GreenLeaf Enterprises,Cyber Security,3.6,Design
PrimeLogics Group,Financial Consulting,4.1,Education
BrightPath Enterprises,Digital Marketing,4.8,IT Services
CloudLink Solutions,Web Development,4.1,Education
TechNova Industries,Corporate Training,3.6,Infrastructure
CyberMatrix Enterprises,Civil Construction,3.5,Infrastructure
CloudSphere Pvt Ltd,Mobile App Development,3.4,Marketing
SkyHigh Solutions,AI/ML Services,4.2,Design
CloudSphere Enterprises,Web Development,3.8,IT Services
SkyHigh Enterprises,AI/ML Services,3.1,Marketing
CloudSphere Solutions,Digital Marketing,3.3,Infrastructure
GreenLeaf Pvt Ltd,Financial Consulting,3.2,Finance
AlphaWorks Enterprises,AI/ML Services,3.9,Infrastructure
CloudSphere Enterprises,Civil Construction,4.0,Marketing
CloudLink Solutions,Digital Marketing,4.6,IT Services
MarketGenius Enterprises,Interior Design,3.4,Infrastructure
BrightPath Industries,Digital Marketing,4.7,Infrastructure
BrightPath Industries,Digital Marketing,4.7,Marketing
CoreBuild Industries,Cloud Services,4.9,Infrastructure
CyberMatrix Solutions,Web Development,3.2,Finance
CloudSphere Group,AI/ML Services,4.6,Finance
GreenLeaf Enterprises,Mobile App Development,3.8,IT Services
InteriorHive Group,Mobile App Development,5.0,Marketing
CloudLink Solutions,Mobile App Development,4.0,Education
UrbanCraft Solutions,Digital Marketing,4.5,Design
GreenLeaf Solutions,Corporate Training,4.3,IT Services
BrightPath Solutions,Civil Construction,4.2,Finance
InteriorHive Solutions,AI/ML Services,3.0,Design
TechNova Industries,Corporate Training,5.0,Design
MegaBuild Group,AI/ML Services,3.1,IT Services
TechNova Industries,Financial Consulting,4.3,Education
BrightPath Pvt Ltd,Cyber Security,3.9,Finance
UrbanCraft Solutions,Corporate Training,4.7,Design
CloudLink Pvt Ltd,Interior Design,4.9,Marketing
SecureNet Enterprises,Corporate Training,3.4,Infrastructure
FinEdge Solutions,Corporate Training,4.6,Design
FinEdge Enterprises,Mobile App Development,3.9,IT Services
CyberMatrix Pvt Ltd,Interior Design,3.6,Design
AlphaWorks Enterprises,Interior Design,3.6,Infrastructure
SecureNet Enterprises,Cyber Security,3.3,Finance
GreenLeaf Industries,Civil Construction,4.9,Marketing
SecureNet Group,Web Development,4.0,Education
BuildPro Enterprises,Cloud Services,4.2,Finance
CyberMatrix Pvt Ltd,Digital Marketing,4.8,Design
AdWise Solutions,Civil Construction,3.6,Marketing
MegaBuild Pvt Ltd,Interior Design,4.3,Marketing
MegaBuild Industries,AI/ML Services,3.6,Infrastructure
NextGen Pvt Ltd,Web Development,3.8,Finance
TechNova Enterprises,Mobile App Development,4.6,Education
NextGen Solutions,Corporate Training,4.7,IT Services
AlphaWorks Group,Interior Design,3.2,Infrastructure
FinEdge Pvt Ltd,Mobile App Development,4.9,Finance
CyberMatrix Pvt Ltd,Cyber Security,3.8,Infrastructure
PrimeLogics Pvt Ltd,AI/ML Services,4.3,Finance
SecureNet Enterprises,Corporate Training,4.3,Infrastructure
CloudSphere Solutions,Interior Design,4.8,Infrastructure
AlphaWorks Enterprises,AI/ML Services,4.4,Finance
CyberMatrix Group,Cloud Services,5.0,IT Services
VisionTech Enterprises,Interior Design,4.9,IT Services
InteriorHive Solutions,Financial Consulting,4.3,Marketing
CyberMatrix Pvt Ltd,Interior Design,3.5,Marketing
TechNova Industries,Cloud Services,3.0,Design
InteriorHive Enterprises,Cyber Security,3.1,Marketing
PrimeLogics Group,Cloud Services,4.1,Infrastructure
BuildPro Solutions,Mobile App Development,3.6,Design
MegaBuild Group,Civil Construction,3.3,Infrastructure
NextGen Pvt Ltd,Cyber Security,3.4,Finance
UrbanCraft Enterprises,Financial Consulting,4.5,IT Services
SkyHigh Solutions,Civil Construction,4.9,Finance
PrimeLogics Solutions,Civil Construction,4.9,Design
GreenLeaf Pvt Ltd,Cyber Security,4.0,Education
MarketGenius Group,Corporate Training,4.2,Marketing
TechNova Pvt Ltd,Financial Consulting,3.1,Design
CoreBuild Group,Cyber Security,3.2,IT Services
AlphaWorks Group,Financial Consulting,4.3,Infrastructure
GreenLeaf Enterprises,AI/ML Services,3.5,Finance
BuildPro Group,Cloud Services,4.7,IT Services
CloudLink Enterprises,Corporate Training,5.0,Infrastructure
BuildPro Enterprises,Financial Consulting,4.8,Design
BuildPro Pvt Ltd,Web Development,3.4,Education
BrightPath Group,Cyber Security,4.5,Education
SkyHigh Industries,Web Development,4.7,Finance
InteriorHive Industries,Financial Consulting,4.5,Education
MegaBuild Enterprises,Interior Design,3.6,Education
CloudLink Pvt Ltd,Mobile App Development,3.5,Marketing
MegaBuild Enterprises,Corporate Training,3.1,Education
InteriorHive Industries,Corporate Training,4.2,IT Services
BrightPath Solutions,Web Development,4.7,Design
MegaBuild Industries,Mobile App Development,3.5,Design
BrightPath Industries,Cloud Services,3.7,Marketing
CoreBuild Solutions,Cyber Security,3.6,Education
BuildPro Industries,Digital Marketing,3.2,Infrastructure
CloudSphere Group,Cyber Security,4.3,Marketing
BuildPro Industries,Web Development,4.0,IT Services
BrightPath Enterprises,Mobile App Development,3.5,Design
CloudSphere Solutions,Cyber Security,3.1,Infrastructure
BrightPath Industries,Cyber Security,3.6,Marketing
VisionTech Industries,Cyber Security,3.3,Finance
BrightPath Pvt Ltd,Financial Consulting,4.6,Finance
CloudSphere Industries,Web Development,4.3,Education
SecureNet Enterprises,Corporate Training,4.7,Design
UrbanCraft Solutions,Web Development,4.2,Marketing
UrbanCraft Enterprises,Mobile App Development,3.0,Design
CloudLink Industries,Mobile App Development,4.3,Infrastructure
VisionTech Solutions,Cloud Services,4.8,Design
GreenLeaf Pvt Ltd,Web Development,3.9,Design
SecureNet Group,Cyber Security,4.4,Finance
VisionTech Industries,Interior Design,3.8,Marketing
BrightPath Industries,Mobile App Development,4.8,IT Services
GreenLeaf Enterprises,Mobile App Development,3.2,Education
AlphaWorks Enterprises,Financial Consulting,3.7,IT Services
BrightPath Enterprises,Web Development,4.9,Marketing
CloudSphere Solutions,Corporate Training,3.7,IT Services
CloudSphere Solutions,Digital Marketing,4.0,Marketing
InteriorHive Enterprises,Financial Consulting,3.5,Finance
VisionTech Pvt Ltd,Financial Consulting,4.4,Design
SkyHigh Solutions,Mobile App Development,4.0,Finance
MarketGenius Solutions,AI/ML Services,3.8,Design
AlphaWorks Solutions,Civil Construction,3.5,IT Services
NextGen Group,Mobile App Development,3.4,Marketing
InteriorHive Pvt Ltd,Corporate Training,3.8,Design
CoreBuild Pvt Ltd,Civil Construction,5.0,Infrastructure
BrightPath Solutions,Cyber Security,3.2,Marketing
PrimeLogics Group,Mobile App Development,3.3,Education
BrightPath Industries,Cloud Services,5.0,Marketing
PrimeLogics Group,Civil Construction,3.2,Finance
BrightPath Solutions,Digital Marketing,4.2,Marketing
BrightPath Industries,Interior Design,4.3,Education
MarketGenius Group,Corporate Training,3.2,Education
CoreBuild Pvt Ltd,Corporate Training,4.2,Education
NextGen Pvt Ltd,Mobile App Development,3.8,IT Services
AdWise Industries,Cyber Security,3.6,Design
AdWise Pvt Ltd,Corporate Training,3.7,Design
AdWise Solutions,Financial Consulting,4.6,Education
CloudSphere Enterprises,Cyber Security,3.6,Education
SecureNet Industries,Digital Marketing,3.9,IT Services
SkyHigh Pvt Ltd,Corporate Training,4.5,Marketing
AdWise Group,Mobile App Development,4.6,Finance
AdWise Industries,Web Development,3.4,IT Services
NextGen Solutions,Corporate Training,4.1,Education
AdWise Enterprises,Civil Construction,4.8,Education
GreenLeaf Pvt Ltd,Cloud Services,3.4,Infrastructure
TechNova Enterprises,Cyber Security,4.5,Infrastructure
CyberMatrix Industries,Financial Consulting,3.2,Finance
CoreBuild Industries,Cyber Security,3.1,Infrastructure
TechNova Group,Interior Design,4.9,Marketing
UrbanCraft Pvt Ltd,Mobile App Development,4.8,Finance
FinEdge Industries,Cloud Services,3.7,Education
AlphaWorks Pvt Ltd,Interior Design,4.7,Education
PrimeLogics Industries,Web Development,3.5,IT Services
MegaBuild Solutions,Corporate Training,4.9,Design
BrightPath Group,Digital Marketing,4.8,Infrastructure
AdWise Enterprises,Financial Consulting,4.2,Finance
BuildPro Group,Civil Construction,3.1,IT Services
BuildPro Enterprises,Financial Consulting,3.6,IT Services
NextGen Pvt Ltd,Financial Consulting,4.4,Education
NextGen Enterprises,Cloud Services,3.0,Education
NextGen Industries,Digital Marketing,3.1,Marketing
MegaBuild Solutions,Digital Marketing,4.2,Marketing
MarketGenius Solutions,Web Development,3.2,Design
AlphaWorks Pvt Ltd,Financial Consulting,3.0,Design
VisionTech Pvt Ltd,Civil Construction,4.5,Marketing
GreenLeaf Enterprises,Digital Marketing,4.7,Finance
MarketGenius Solutions,Cyber Security,5.0,IT Services
BuildPro Solutions,Financial Consulting,3.3,IT Services
CoreBuild Enterprises,AI/ML Services,4.4,IT Services
MegaBuild Pvt Ltd,Web Development,3.3,Design
PrimeLogics Solutions,Financial Consulting,3.9,Infrastructure
GreenLeaf Enterprises,Financial Consulting,4.9,IT Services
MegaBuild Group,Cloud Services,3.9,IT Services
SecureNet Solutions,Corporate Training,3.3,Education
FinEdge Pvt Ltd,Financial Consulting,4.6,Design
MarketGenius Enterprises,Interior Design,4.1,Finance
SkyHigh Pvt Ltd,Cyber Security,3.8,Marketing
TechNova Pvt Ltd,Financial Consulting,4.7,Education
NextGen Solutions,Cyber Security,4.1,Marketing
UrbanCraft Group,Civil Construction,4.2,Design
BrightPath Solutions,Financial Consulting,3.6,Finance
SecureNet Pvt Ltd,Financial Consulting,4.0,Design
PrimeLogics Group,Digital Marketing,4.8,Finance
UrbanCraft Industries,Financial Consulting,3.2,IT Services
TechNova Solutions,Web Development,4.6,Marketing
GreenLeaf Solutions,Web Development,4.5,IT Services
NextGen Group,Financial Consulting,4.3,Design
UrbanCraft Enterprises,Cyber Security,3.5,Education
AlphaWorks Group,Digital Marketing,3.4,Finance
CloudSphere Group,Interior Design,4.8,Education
MarketGenius Enterprises,Mobile App Development,4.5,Education
BrightPath Enterprises,Financial Consulting,4.2,Infrastructure
CloudSphere Solutions,Interior Design,3.6,Education
GreenLeaf Group,Cloud Services,4.8,Design
MarketGenius Enterprises,Web Development,3.8,Finance
InteriorHive Pvt Ltd,Cloud Services,4.0,Design
AlphaWorks Enterprises,Digital Marketing,4.9,Marketing
AdWise Group,Cloud Services,3.8,Finance
NextGen Group,Financial Consulting,4.2,Infrastructure
AlphaWorks Group,AI/ML Services,4.6,Finance
NextGen Group,Digital Marketing,3.0,Marketing
CoreBuild Solutions,Digital Marketing,4.9,Finance
CloudLink Solutions,Financial Consulting,4.2,Finance
BrightPath Enterprises,Civil Construction,4.5,Education
BrightPath Enterprises,Civil Construction,3.5,Infrastructure
MarketGenius Industries,Mobile App Development,3.0,IT Services
CloudSphere Solutions,Cyber Security,4.8,Education
MarketGenius Group,Corporate Training,4.5,Finance
NextGen Enterprises,Mobile App Development,3.9,Infrastructure
VisionTech Enterprises,Interior Design,4.1,IT Services
TechNova Pvt Ltd,Financial Consulting,3.8,Finance
InteriorHive Group,Corporate Training,3.1,Infrastructure
SkyHigh Industries,Cyber Security,4.3,IT Services
TechNova Pvt Ltd,Digital Marketing,3.8,IT Services
GreenLeaf Pvt Ltd,AI/ML Services,4.5,Design
InteriorHive Group,Mobile App Development,4.1,IT Services
MegaBuild Pvt Ltd,Mobile App Development,4.0,Design
FinEdge Pvt Ltd,Interior Design,3.0,Education
SecureNet Industries,Civil Construction,3.4,Design
CloudSphere Enterprises,Corporate Training,4.2,Finance
GreenLeaf Solutions,Corporate Training,3.4,Marketing
GreenLeaf Enterprises,Civil Construction,4.6,IT Services
MarketGenius Enterprises,Financial Consulting,3.6,IT Services
UrbanCraft Pvt Ltd,Cyber Security,3.7,Education
InteriorHive Solutions,Cloud Services,5.0,Infrastructure
InteriorHive Industries,Civil Construction,3.1,Finance
BuildPro Solutions,Corporate Training,3.1,Design
MegaBuild Group,Financial Consulting,3.2,Design
TechNova Pvt Ltd,Cloud Services,3.4,Infrastructure
FinEdge Solutions,Digital Marketing,3.6,Finance
UrbanCraft Pvt Ltd,Mobile App Development,4.5,Marketing
GreenLeaf Pvt Ltd,Cloud Services,3.3,Design
GreenLeaf Industries,Interior Design,4.7,Finance
MarketGenius Group,Mobile App Development,4.5,Design
InteriorHive Enterprises,Civil Construction,3.5,Finance
CloudSphere Enterprises,Web Development,4.7,Infrastructure
CloudSphere Solutions,Cloud Services,4.3,Education
CloudSphere Industries,Interior Design,4.3,Design
CloudSphere Pvt Ltd,Corporate Training,4.3,Design
CoreBuild Pvt Ltd,Interior Design,4.4,Infrastructure
TechNova Industries,Corporate Training,3.7,Finance
CyberMatrix Pvt Ltd,Civil Construction,3.6,Finance
MarketGenius Group,Cloud Services,3.9,Finance
GreenLeaf Industries,Digital Marketing,4.4,Education
UrbanCraft Group,Cyber Security,3.1,Finance
CloudSphere Pvt Ltd,Corporate Training,3.3,Marketing
TechNova Industries,Financial Consulting,4.2,IT Services
UrbanCraft Pvt Ltd,Corporate Training,3.0,Education
SecureNet Solutions,Financial Consulting,4.2,Education
CloudLink Pvt Ltd,Interior Design,4.0,Design
SecureNet Industries,Civil Construction,3.3,Marketing
PrimeLogics Enterprises,Interior Design,3.2,IT Services
VisionTech Solutions,Cyber Security,4.3,Design
CloudLink Pvt Ltd,Interior Design,4.4,Infrastructure
GreenLeaf Enterprises,Corporate Training,4.2,Design
TechNova Group,Digital Marketing,4.1,Education
CloudSphere Solutions,Corporate Training,3.4,Infrastructure
SecureNet Group,AI/ML Services,4.0,Finance
AlphaWorks Enterprises,Interior Design,3.1,Infrastructure
AdWise Industries,Mobile App Development,3.6,Education
BuildPro Industries,Mobile App Development,4.0,Infrastructure
SecureNet Enterprises,Corporate Training,4.9,Finance
GreenLeaf Pvt Ltd,Cyber Security,4.9,IT Services
PrimeLogics Enterprises,Civil Construction,5.0,Education
TechNova Solutions,Cloud Services,3.8,Design
CyberMatrix Pvt Ltd,Cyber Security,4.3,Design
AdWise Solutions,Civil Construction,3.1,Marketing
NextGen Industries,Financial Consulting,4.6,Infrastructure
AlphaWorks Pvt Ltd,Corporate Training,4.9,Design
VisionTech Solutions,Interior Design,4.9,IT Services
GreenLeaf Industries,Mobile App Development,3.6,Infrastructure
FinEdge Pvt Ltd,Mobile App Development,4.4,Finance
SkyHigh Group,Web Development,3.3,Marketing
AlphaWorks Solutions,Digital Marketing,4.1,Education
BuildPro Industries,Cyber Security,4.6,Infrastructure
AdWise Enterprises,Corporate Training,4.0,Marketing
FinEdge Pvt Ltd,Interior Design,4.2,Infrastructure
GreenLeaf Enterprises,Interior Design,4.6,IT Services
VisionTech Pvt Ltd,Financial Consulting,3.7,Finance
TechNova Group,Corporate Training,4.2,Education
SecureNet Industries,Digital Marketing,4.6,Design
UrbanCraft Industries,Mobile App Development,3.8,IT Services
FinEdge Enterprises,Financial Consulting,3.5,Education
SkyHigh Enterprises,Web Development,3.9,Infrastructure
FinEdge Enterprises,Cloud Services,4.2,Finance
CloudSphere Solutions,Financial Consulting,4.4,IT Services
FinEdge Group,AI/ML Services,3.7,Finance
AdWise Industries,Cloud Services,4.7,Education
GreenLeaf Group,Cyber Security,3.6,Finance
VisionTech Group,Digital Marketing,4.2,IT Services
MegaBuild Industries,Financial Consulting,3.5,Marketing
InteriorHive Enterprises,Cyber Security,4.9,Infrastructure
MegaBuild Industries,Civil Construction,3.8,Design
CyberMatrix Enterprises,Mobile App Development,3.9,Infrastructure
AdWise Group,Civil Construction,4.9,Infrastructure
SkyHigh Solutions,Interior Design,3.0,Education
CloudSphere Enterprises,Interior Design,3.4,IT Services
SecureNet Pvt Ltd,Cyber Security,4.4,Finance
TechNova Industries,Digital Marketing,3.3,Marketing
MegaBuild Group,Civil Construction,3.4,Finance
CoreBuild Industries,Financial Consulting,3.2,Infrastructure
BuildPro Group,Cloud Services,4.7,Marketing
MarketGenius Solutions,Financial Consulting,3.3,IT Services
NextGen Enterprises,Cyber Security,3.5,Marketing
CloudSphere Solutions,Digital Marketing,3.2,Design
BrightPath Solutions,Civil Construction,3.0,Infrastructure
CyberMatrix Industries,Digital Marketing,4.9,Finance
MegaBuild Enterprises,Corporate Training,3.5,IT Services
MarketGenius Industries,Cloud Services,3.6,Education
MegaBuild Industries,Financial Consulting,4.9,Education
AdWise Enterprises,Cloud Services,3.4,Infrastructure
NextGen Industries,Web Development,3.3,Finance
GreenLeaf Industries,Mobile App Development,3.2,Finance
TechNova Group,Corporate Training,3.3,Finance
AlphaWorks Industries,AI/ML Services,3.5,Infrastructure
CoreBuild Group,Digital Marketing,4.1,IT Services
AdWise Solutions,Cyber Security,3.8,Marketing
NextGen Pvt Ltd,Mobile App Development,4.5,Finance
NextGen Industries,Corporate Training,4.4,Education
AlphaWorks Enterprises,Civil Construction,3.1,Finance
CloudSphere Enterprises,Civil Construction,3.9,Education
BuildPro Pvt Ltd,Civil Construction,3.0,Infrastructure
CyberMatrix Industries,Corporate Training,3.5,IT Services
CyberMatrix Industries,Interior Design,3.2,Finance
SecureNet Group,Financial Consulting,3.3,IT Services
NextGen Enterprises,AI/ML Services,3.9,Education
TechNova Enterprises,Interior Design,4.0,Finance
SecureNet Pvt Ltd,Interior Design,4.1,Finance
FinEdge Enterprises,AI/ML Services,4.7,Infrastructure
CoreBuild Industries,Digital Marketing,4.7,IT Services
VisionTech Industries,Mobile App Development,3.1,Finance
CloudLink Industries,AI/ML Services,4.9,Infrastructure
SkyHigh Pvt Ltd,Interior Design,3.2,Infrastructure
CloudLink Industries,AI/ML Services,4.9,Marketing
CloudSphere Enterprises,AI/ML Services,4.9,Infrastructure
TechNova Solutions,Mobile App Development,4.7,Education
AdWise Enterprises,AI/ML Services,4.7,Education
MarketGenius Enterprises,Interior Design,3.2,Marketing
NextGen Industries,Cyber Security,4.6,Design
BrightPath Pvt Ltd,Digital Marketing,4.6,Marketing
AlphaWorks Industries,Financial Consulting,3.9,Marketing
MegaBuild Solutions,Interior Design,4.4,Infrastructure
VisionTech Industries,Financial Consulting,3.5,IT Services
AdWise Enterprises,Mobile App Development,4.0,IT Services
SecureNet Solutions,Cloud Services,4.3,Finance
FinEdge Enterprises,Financial Consulting,4.7,Infrastructure
AlphaWorks Group,Cyber Security,3.8,Infrastructure
UrbanCraft Solutions,Digital Marketing,3.3,IT Services
CloudSphere Enterprises,Civil Construction,4.3,Education
BuildPro Group,Civil Construction,4.3,Finance
SkyHigh Industries,Cyber Security,4.5,Infrastructure
MegaBuild Industries,Interior Design,3.8,Design
InteriorHive Solutions,Cyber Security,3.2,Infrastructure
AdWise Pvt Ltd,Corporate Training,4.3,Finance
SkyHigh Solutions,Interior Design,4.2,Infrastructure
CoreBuild Pvt Ltd,AI/ML Services,3.9,Design
CloudLink Industries,Web Development,3.5,Design
SecureNet Group,Civil Construction,4.0,Design
MarketGenius Pvt Ltd,Digital Marketing,4.0,Education
CloudLink Solutions,Web Development,4.2,Marketing
MegaBuild Group,Cyber Security,4.6,Finance
BrightPath Enterprises,Cyber Security,4.5,Infrastructure
AdWise Industries,Corporate Training,4.8,Finance
CyberMatrix Solutions,Cyber Security,3.3,IT Services
CyberMatrix Solutions,Digital Marketing,4.8,Marketing
VisionTech Industries,Civil Construction,4.2,Design
BuildPro Pvt Ltd,Mobile App Development,3.2,Finance
GreenLeaf Group,Interior Design,3.1,IT Services
UrbanCraft Enterprises,Cyber Security,4.0,IT Services
CloudLink Solutions,Digital Marketing,4.3,Infrastructure
InteriorHive Pvt Ltd,AI/ML Services,3.9,IT Services
MegaBuild Solutions,Web Development,3.2,IT Services
CloudSphere Group,Civil Construction,4.8,IT Services
SecureNet Solutions,Cyber Security,3.6,IT Services
TechNova Enterprises,Web Development,3.0,Education
TechNova Pvt Ltd,Web Development,4.3,Marketing
MegaBuild Pvt Ltd,Financial Consulting,3.7,IT Services
CloudLink Solutions,Interior Design,3.3,Finance
SecureNet Group,Digital Marketing,3.8,Design
GreenLeaf Pvt Ltd,Corporate Training,3.6,Design
VisionTech Pvt Ltd,Corporate Training,4.6,Infrastructure
SecureNet Industries,Digital Marketing,3.4,IT Services
CyberMatrix Pvt Ltd,Interior Design,3.8,Education
CoreBuild Solutions,Interior Design,4.5,Infrastructure
BrightPath Group,Web Development,4.2,Infrastructure
TechNova Group,Interior Design,4.0,Design
InteriorHive Pvt Ltd,AI/ML Services,4.8,Marketing
CyberMatrix Industries,Cyber Security,3.2,Marketing
CoreBuild Pvt Ltd,Financial Consulting,3.8,Marketing
VisionTech Pvt Ltd,Civil Construction,3.1,Infrastructure
AlphaWorks Solutions,Cyber Security,3.7,Infrastructure
SecureNet Enterprises,AI/ML Services,4.2,Design
InteriorHive Solutions,Interior Design,4.3,Marketing
MarketGenius Group,AI/ML Services,4.7,Design
CloudLink Solutions,Cloud Services,4.0,Finance
MegaBuild Enterprises,Web Development,3.5,Infrastructure
AdWise Enterprises,Web Development,4.5,IT Services
AdWise Enterprises,Cloud Services,3.7,Marketing
TechNova Pvt Ltd,Cyber Security,3.5,Finance
CloudLink Industries,Mobile App Development,4.2,Design
SkyHigh Industries,Cloud Services,3.8,Finance
CoreBuild Industries,Corporate Training,3.3,Design
TechNova Pvt Ltd,Digital Marketing,4.5,Finance
AdWise Solutions,Mobile App Development,3.5,Education
BrightPath Pvt Ltd,Cloud Services,4.6,Design
MarketGenius Enterprises,Financial Consulting,4.8,Finance
UrbanCraft Group,Financial Consulting,3.9,Marketing
FinEdge Enterprises,Web Development,3.3,Finance
MarketGenius Pvt Ltd,Corporate Training,3.2,Finance
GreenLeaf Pvt Ltd,AI/ML Services,3.2,Education
AdWise Industries,Cyber Security,3.6,Finance
AdWise Industries,Digital Marketing,3.6,Finance
AlphaWorks Industries,Interior Design,4.6,Design
MarketGenius Solutions,Cyber Security,5.0,Marketing
SecureNet Industries,Corporate Training,3.1,Education
BuildPro Group,Web Development,4.8,Design
UrbanCraft Enterprises,Financial Consulting,4.3,Design
TechNova Industries,Interior Design,4.2,Finance
TechNova Pvt Ltd,Corporate Training,4.5,Infrastructure
GreenLeaf Pvt Ltd,Corporate Training,3.0,Infrastructure
MegaBuild Industries,Financial Consulting,3.3,Design
SkyHigh Pvt Ltd,Cloud Services,3.4,Infrastructure
CloudSphere Group,Cloud Services,3.4,Finance
MarketGenius Solutions,Civil Construction,4.7,IT Services
BrightPath Pvt Ltd,Mobile App Development,4.7,IT Services
SkyHigh Solutions,Cyber Security,4.8,IT Services
BuildPro Industries,AI/ML Services,4.2,Infrastructure
UrbanCraft Industries,AI/ML Services,3.2,Marketing
CyberMatrix Enterprises,Interior Design,4.5,IT Services
CoreBuild Group,Cloud Services,4.4,Education
InteriorHive Group,Web Development,4.4,Finance
NextGen Industries,Cloud Services,4.5,Infrastructure
PrimeLogics Industries,Digital Marketing,3.5,Marketing
InteriorHive Solutions,Mobile App Development,3.9,IT Services
CloudSphere Group,Financial Consulting,3.6,Design
InteriorHive Solutions,Cloud Services,3.2,Infrastructure
FinEdge Industries,Civil Construction,5.0,Infrastructure
BrightPath Enterprises,AI/ML Services,3.0,Finance
PrimeLogics Pvt Ltd,Mobile App Development,4.6,IT Services
CyberMatrix Group,Financial Consulting,4.6,Education
NextGen Enterprises,Cyber Security,4.2,Education
GreenLeaf Pvt Ltd,Cyber Security,4.6,Marketing
MarketGenius Enterprises,Interior Design,4.9,Education
UrbanCraft Industries,Financial Consulting,3.2,Marketing
CloudLink Group,Cloud Services,4.3,Design
CloudLink Solutions,Digital Marketing,3.7,IT Services
CoreBuild Group,Mobile App Development,4.6,Design
UrbanCraft Enterprises,Web Development,4.3,Education
MarketGenius Enterprises,Financial Consulting,3.7,Design
GreenLeaf Group,Financial Consulting,3.7,Finance
InteriorHive Solutions,Corporate Training,3.8,IT Services
TechNova Solutions,Digital Marketing,3.9,Finance
MegaBuild Industries,Web Development,3.3,Education
AdWise Group,Cyber Security,3.5,IT Services
CloudSphere Enterprises,Interior Design,4.5,Infrastructure
MegaBuild Industries,Web Development,4.2,Education
CloudLink Group,Web Development,5.0,Infrastructure
CoreBuild Solutions,Digital Marketing,3.5,Finance
MegaBuild Industries,Financial Consulting,4.7,Finance
PrimeLogics Enterprises,Digital Marketing,3.6,Design
SkyHigh Group,AI/ML Services,3.8,IT Services
GreenLeaf Solutions,Cloud Services,3.4,Finance
UrbanCraft Pvt Ltd,Mobile App Development,3.1,IT Services
CoreBuild Group,Cloud Services,3.5,Finance
AdWise Pvt Ltd,AI/ML Services,4.5,Infrastructure
InteriorHive Group,Mobile App Development,4.1,Marketing
UrbanCraft Enterprises,Corporate Training,3.6,Education
PrimeLogics Pvt Ltd,Mobile App Development,5.0,Marketing
MarketGenius Pvt Ltd,Mobile App Development,3.1,Marketing
BuildPro Pvt Ltd,Cloud Services,4.6,Design
BrightPath Group,Digital Marketing,3.8,Design
TechNova Industries,Financial Consulting,3.8,IT Services
GreenLeaf Pvt Ltd,Web Development,3.1,Marketing
BuildPro Industries,Web Development,3.4,Finance
BrightPath Solutions,Cyber Security,3.5,Education
UrbanCraft Industries,Financial Consulting,4.6,Education
SecureNet Group,Web Development,4.9,Marketing
MegaBuild Enterprises,Digital Marketing,4.1,Finance
CoreBuild Pvt Ltd,Cloud Services,4.7,Infrastructure
UrbanCraft Group,Web Development,3.0,Finance
CloudLink Pvt Ltd,Interior Design,3.1,Design
BuildPro Pvt Ltd,Cyber Security,4.0,Infrastructure
CloudSphere Pvt Ltd,Interior Design,3.3,Design
CloudLink Enterprises,Cyber Security,5.0,Education
GreenLeaf Industries,Civil Construction,3.5,Infrastructure
MarketGenius Group,Mobile App Development,4.0,Design
CloudSphere Industries,Civil Construction,3.8,Design
CoreBuild Group,Financial Consulting,3.2,Education
CloudSphere Pvt Ltd,Interior Design,3.7,Marketing
PrimeLogics Enterprises,Cyber Security,3.5,Marketing
InteriorHive Industries,Digital Marketing,3.3,Design
UrbanCraft Solutions,Mobile App Development,3.3,Infrastructure
CloudSphere Pvt Ltd,Interior Design,3.2,IT Services
PrimeLogics Enterprises,Cyber Security,3.0,IT Services
NextGen Group,Corporate Training,3.1,Education
SecureNet Enterprises,AI/ML Services,3.5,IT Services
SkyHigh Enterprises,AI/ML Services,4.4,IT Services
VisionTech Group,Cyber Security,3.9,Infrastructure
MarketGenius Enterprises,Corporate Training,4.7,Infrastructure
CoreBuild Solutions,Cyber Security,4.1,IT Services
BrightPath Pvt Ltd,Mobile App Development,3.7,Education
CyberMatrix Industries,Web Development,3.4,Design
FinEdge Pvt Ltd,Digital Marketing,4.9,Infrastructure
MarketGenius Group,Digital Marketing,3.3,Finance
CloudLink Industries,Digital Marketing,3.8,Education
FinEdge Enterprises,Cyber Security,4.9,Design
TechNova Enterprises,Corporate Training,4.4,IT Services
GreenLeaf Solutions,Financial Consulting,3.9,Infrastructure
TechNova Enterprises,Interior Design,4.5,Education
NextGen Enterprises,Web Development,4.9,Infrastructure
SecureNet Solutions,Interior Design,3.1,Design
FinEdge Solutions,Civil Construction,3.5,IT Services
GreenLeaf Solutions,Civil Construction,4.2,Education
CloudSphere Enterprises,Web Development,4.3,Finance
VisionTech Enterprises,Cloud Services,3.8,IT Services
PrimeLogics Pvt Ltd,Cyber Security,3.8,Education
CoreBuild Pvt Ltd,AI/ML Services,3.5,Infrastructure
BrightPath Enterprises,Interior Design,3.6,Finance
NextGen Pvt Ltd,Web Development,4.2,Finance
CoreBuild Industries,Cloud Services,4.5,Finance
PrimeLogics Industries,Cyber Security,3.9,Education
AlphaWorks Pvt Ltd,Corporate Training,3.9,IT Services
BrightPath Solutions,AI/ML Services,4.7,Infrastructure
UrbanCraft Solutions,Cyber Security,4.9,Finance
SkyHigh Industries,Financial Consulting,4.1,Infrastructure
CyberMatrix Pvt Ltd,Web Development,4.1,Marketing
MegaBuild Group,Mobile App Development,3.5,Education
GreenLeaf Enterprises,Interior Design,4.6,Marketing
InteriorHive Industries,Digital Marketing,4.7,Finance
CyberMatrix Pvt Ltd,Mobile App Development,4.4,Infrastructure
CloudSphere Group,Civil Construction,5.0,Design
VisionTech Solutions,Civil Construction,3.5,Marketing
SecureNet Industries,Civil Construction,4.6,IT Services
InteriorHive Industries,Corporate Training,4.3,Design
MarketGenius Solutions,Interior Design,4.1,Education
BrightPath Industries,Civil Construction,4.7,IT Services
MegaBuild Solutions,AI/ML Services,3.9,Design
AdWise Pvt Ltd,Financial Consulting,4.9,Design
VisionTech Industries,Civil Construction,4.4,Finance
PrimeLogics Group,Cyber Security,3.0,Education
VisionTech Pvt Ltd,Cloud Services,3.3,Marketing
FinEdge Group,AI/ML Services,3.2,Finance
CloudLink Enterprises,Civil Construction,4.9,IT Services
NextGen Enterprises,Civil Construction,4.5,IT Services
AlphaWorks Group,Mobile App Development,3.8,Education
UrbanCraft Enterprises,Corporate Training,4.3,Infrastructure
CyberMatrix Enterprises,Mobile App Development,3.4,Marketing
SecureNet Industries,Mobile App Development,4.7,Infrastructure
UrbanCraft Enterprises,Civil Construction,3.8,Marketing
UrbanCraft Industries,Corporate Training,4.2,Design
TechNova Enterprises,Civil Construction,3.4,Design
MarketGenius Solutions,Web Development,3.4,Education
MarketGenius Industries,Digital Marketing,4.9,IT Services
MarketGenius Group,Cloud Services,3.2,Design
AdWise Group,Interior Design,4.1,Finance
UrbanCraft Solutions,Web Development,3.3,Infrastructure
NextGen Enterprises,Digital Marketing,4.0,Marketing
AlphaWorks Enterprises,Financial Consulting,3.8,Design
FinEdge Group,Web Development,4.1,Education
NextGen Enterprises,Mobile App Development,3.2,IT Services
CyberMatrix Industries,Corporate Training,4.5,Design
PrimeLogics Industries,AI/ML Services,3.2,Marketing
CoreBuild Group,Interior Design,4.7,IT Services
TechNova Group,Interior Design,4.2,Finance
PrimeLogics Pvt Ltd,AI/ML Services,3.7,Finance
AdWise Solutions,Web Development,4.6,Marketing
CyberMatrix Enterprises,Web Development,3.6,Design
SecureNet Enterprises,Cyber Security,4.9,Design
AlphaWorks Group,Corporate Training,3.2,Education
NextGen Pvt Ltd,Mobile App Development,4.0,Finance
BuildPro Solutions,Web Development,4.4,IT Services
MegaBuild Solutions,Cyber Security,4.7,Infrastructure
MegaBuild Pvt Ltd,Digital Marketing,4.4,IT Services
UrbanCraft Enterprises,Web Development,4.9,Marketing
GreenLeaf Group,Web Development,4.8,Design
AdWise Solutions,AI/ML Services,3.7,Education
TechNova Solutions,Corporate Training,3.7,Education
TechNova Enterprises,Civil Construction,3.3,Marketing
BuildPro Enterprises,Cyber Security,3.4,IT Services
FinEdge Industries,Corporate Training,3.0,Education
InteriorHive Pvt Ltd,Interior Design,4.3,Finance
CloudLink Enterprises,Mobile App Development,3.6,Marketing
UrbanCraft Enterprises,Cyber Security,4.6,Design
GreenLeaf Group,Web Development,4.7,Infrastructure
BrightPath Pvt Ltd,Corporate Training,3.8,IT Services
AdWise Enterprises,AI/ML Services,4.2,Education
AdWise Industries,Financial Consulting,3.9,IT Services
CloudLink Solutions,Cloud Services,4.5,Education
UrbanCraft Solutions,Mobile App Development,3.1,IT Services
InteriorHive Group,Financial Consulting,4.9,Design
VisionTech Pvt Ltd,Cyber Security,4.0,Education
BrightPath Enterprises,Digital Marketing,3.6,Infrastructure
SkyHigh Industries,Cyber Security,5.0,Design
SkyHigh Industries,Financial Consulting,4.9,Marketing
PrimeLogics Group,Interior Design,5.0,Education
BrightPath Group,Corporate Training,4.7,Finance
MarketGenius Pvt Ltd,Web Development,3.5,Finance
BuildPro Solutions,Interior Design,3.3,Marketing
BuildPro Industries,Cyber Security,4.9,Marketing
SkyHigh Enterprises,Corporate Training,4.1,Design
AlphaWorks Pvt Ltd,Digital Marketing,3.6,Marketing
MegaBuild Solutions,Mobile App Development,3.7,Design
MegaBuild Industries,Mobile App Development,4.8,Design
BuildPro Enterprises,Digital Marketing,4.3,IT Services
CloudSphere Enterprises,Cloud Services,3.2,Marketing
AdWise Industries,Web Development,3.5,Design
UrbanCraft Solutions,Cyber Security,3.7,Marketing
SecureNet Pvt Ltd,Cloud Services,4.7,Infrastructure
SkyHigh Industries,Civil Construction,4.3,Design
PrimeLogics Pvt Ltd,Civil Construction,3.9,Finance
VisionTech Solutions,Digital Marketing,4.1,IT Services
TechNova Industries,Corporate Training,4.3,Education
InteriorHive Group,AI/ML Services,3.4,IT Services
MegaBuild Industries,Mobile App Development,4.7,Infrastructure
BrightPath Solutions,Mobile App Development,4.0,Infrastructure
AlphaWorks Industries,Digital Marketing,3.1,Education
SecureNet Industries,Web Development,3.8,Marketing
VisionTech Enterprises,Civil Construction,3.2,Infrastructure
SkyHigh Pvt Ltd,Mobile App Development,4.3,Finance
AlphaWorks Pvt Ltd,Cloud Services,3.8,Finance
CyberMatrix Pvt Ltd,Mobile App Development,3.8,IT Services
PrimeLogics Enterprises,Civil Construction,3.0,Finance
CloudSphere Enterprises,AI/ML Services,4.5,Finance
BrightPath Pvt Ltd,Civil Construction,3.8,Education
InteriorHive Group,Web Development,4.9,Education
CyberMatrix Solutions,Digital Marketing,4.3,Marketing
UrbanCraft Enterprises,Cyber Security,4.0,Marketing
MarketGenius Industries,Mobile App Development,4.2,Finance
SkyHigh Pvt Ltd,Financial Consulting,3.3,Education
VisionTech Industries,Corporate Training,4.6,Infrastructure
CyberMatrix Industries,Mobile App Development,4.5,Design
SecureNet Solutions,Cloud Services,3.6,IT Services
CloudLink Solutions,Mobile App Development,4.7,Finance
MegaBuild Enterprises,Financial Consulting,4.4,Infrastructure
CoreBuild Group,Financial Consulting,4.7,Infrastructure
InteriorHive Enterprises,Cyber Security,3.8,IT Services
GreenLeaf Solutions,Interior Design,3.6,Finance
InteriorHive Solutions,Interior Design,4.9,Finance
VisionTech Solutions,Corporate Training,4.2,IT Services
GreenLeaf Solutions,AI/ML Services,4.6,Marketing
SkyHigh Group,Cyber Security,4.6,Finance
SkyHigh Pvt Ltd,Web Development,3.7,Marketing
CyberMatrix Enterprises,Cloud Services,4.0,Infrastructure
GreenLeaf Industries,Digital Marketing,4.5,IT Services
InteriorHive Pvt Ltd,Interior Design,3.1,IT Services
SkyHigh Enterprises,AI/ML Services,4.6,Infrastructure
MegaBuild Group,Web Development,4.3,Design
CloudSphere Solutions,Civil Construction,3.1,Education
AdWise Solutions,Mobile App Development,3.9,IT Services
FinEdge Industries,Cloud Services,3.2,Education
UrbanCraft Solutions,AI/ML Services,4.5,Design
TechNova Pvt Ltd,Cyber Security,4.7,IT Services
BuildPro Industries,Civil Construction,4.5,IT Services
FinEdge Enterprises,Financial Consulting,3.7,Design
BrightPath Solutions,Digital Marketing,3.7,Design
CoreBuild Solutions,Civil Construction,4.5,Design
AdWise Group,Web Development,4.0,Design
AlphaWorks Industries,Digital Marketing,4.8,Infrastructure
CloudLink Industries,Mobile App Development,3.2,Marketing
CoreBuild Solutions,Mobile App Development,4.7,Education
CloudSphere Enterprises,Corporate Training,4.2,Education
FinEdge Industries,Corporate Training,3.8,Education
AlphaWorks Enterprises,Cloud Services,3.2,Design
NextGen Pvt Ltd,Interior Design,4.1,IT Services
SkyHigh Industries,Mobile App Development,4.4,Finance
BrightPath Industries,Cloud Services,3.0,IT Services
VisionTech Industries,Cloud Services,4.4,Infrastructure
BuildPro Solutions,Cloud Services,3.5,IT Services
VisionTech Enterprises,Digital Marketing,3.1,Finance
FinEdge Solutions,Digital Marketing,3.6,Education
NextGen Solutions,Cyber Security,4.2,Finance
MarketGenius Solutions,Civil Construction,4.7,Marketing
BrightPath Solutions,Mobile App Development,4.4,Design
MarketGenius Group,Civil Construction,3.9,Infrastructure
SkyHigh Solutions,Cyber Security,4.8,Marketing
NextGen Enterprises,Civil Construction,4.7,Infrastructure
MegaBuild Pvt Ltd,AI/ML Services,4.1,Education
FinEdge Industries,Web Development,4.8,Infrastructure
AdWise Industries,Corporate Training,3.1,Marketing
CoreBuild Industries,Interior Design,4.6,Infrastructure
CoreBuild Group,Mobile App Development,3.6,Infrastructure
AdWise Industries,Mobile App Development,4.1,IT Services
SkyHigh Pvt Ltd,Digital Marketing,4.2,Marketing
MegaBuild Enterprises,Corporate Training,3.3,Design
BuildPro Group,Cloud Services,3.0,Infrastructure
AdWise Pvt Ltd,Web Development,3.2,IT Services
FinEdge Group,Web Development,4.7,Marketing
CloudSphere Solutions,Financial Consulting,4.1,Infrastructure
CoreBuild Solutions,Cyber Security,3.8,Design
AdWise Enterprises,Mobile App Development,4.8,Education
CloudSphere Industries,Mobile App Development,4.0,Education
FinEdge Enterprises,Cyber Security,4.1,Design
SkyHigh Solutions,Mobile App Development,4.6,Marketing
FinEdge Group,Web Development,4.2,IT Services
CyberMatrix Group,Corporate Training,4.0,Finance
CloudLink Solutions,Interior Design,4.9,Design
CoreBuild Industries,Interior Design,4.7,Finance
FinEdge Solutions,Digital Marketing,4.0,Education
PrimeLogics Group,Interior Design,3.5,Finance
CoreBuild Solutions,AI/ML Services,3.7,IT Services
CoreBuild Industries,Corporate Training,4.2,Finance
AlphaWorks Solutions,Corporate Training,4.3,IT Services
VisionTech Enterprises,Interior Design,3.3,Finance
TechNova Group,Civil Construction,4.7,Education
FinEdge Enterprises,Cyber Security,4.0,Infrastructure
CyberMatrix Pvt Ltd,Corporate Training,5.0,Education
CyberMatrix Solutions,Cloud Services,4.2,IT Services
TechNova Pvt Ltd,Civil Construction,4.8,IT Services
CloudSphere Solutions,Cloud Services,4.7,IT Services
NextGen Group,Digital Marketing,4.8,IT Services
MarketGenius Pvt Ltd,Financial Consulting,3.7,Finance
MegaBuild Industries,Digital Marketing,4.7,Marketing
MegaBuild Pvt Ltd,Web Development,4.5,Infrastructure
MarketGenius Group,Civil Construction,4.9,Finance
AdWise Group,Interior Design,3.2,Marketing
BrightPath Group,Mobile App Development,3.6,Design
MegaBuild Industries,Digital Marketing,4.2,IT Services
UrbanCraft Group,Digital Marketing,4.4,Design
AlphaWorks Group,Corporate Training,4.7,IT Services
TechNova Pvt Ltd,Digital Marketing,3.3,Infrastructure
GreenLeaf Solutions,Cyber Security,3.5,IT Services
BuildPro Pvt Ltd,Civil Construction,5.0,IT Services
TechNova Industries,Financial Consulting,3.3,IT Services
CyberMatrix Pvt Ltd,Cyber Security,3.9,Education
CloudLink Group,AI/ML Services,3.1,Education
CloudLink Industries,Civil Construction,3.0,Education
BuildPro Pvt Ltd,Corporate Training,3.7,Marketing
CyberMatrix Pvt Ltd,Financial Consulting,4.6,IT Services
AlphaWorks Group,Financial Consulting,4.9,Education
FinEdge Enterprises,Civil Construction,3.9,Finance
CyberMatrix Enterprises,Financial Consulting,4.6,Infrastructure
BuildPro Pvt Ltd,Cloud Services,4.0,Infrastructure
MarketGenius Enterprises,Financial Consulting,3.1,Marketing
AdWise Enterprises,AI/ML Services,4.8,Infrastructure
NextGen Group,Cloud Services,4.3,IT Services
GreenLeaf Enterprises,Interior Design,3.7,Marketing
UrbanCraft Industries,Web Development,3.5,Infrastructure
CloudLink Solutions,Cloud Services,4.3,Finance
BrightPath Pvt Ltd,Interior Design,4.4,Design
NextGen Enterprises,Corporate Training,3.9,Finance
InteriorHive Group,Interior Design,4.6,Finance
SecureNet Solutions,Web Development,3.7,Infrastructure
MarketGenius Solutions,Interior Design,3.7,Education
MarketGenius Enterprises,Cyber Security,4.0,Marketing
AlphaWorks Industries,Cloud Services,3.8,Infrastructure
SecureNet Group,Mobile App Development,3.8,IT Services
PrimeLogics Enterprises,Cyber Security,3.6,Finance
NextGen Solutions,Mobile App Development,4.3,Infrastructure
MarketGenius Enterprises,Corporate Training,4.2,Infrastructure
TechNova Group,Cloud Services,4.0,IT Services
VisionTech Solutions,Civil Construction,3.1,Design
FinEdge Pvt Ltd,Web Development,4.8,Marketing
VisionTech Industries,Financial Consulting,3.3,Finance
TechNova Group,Corporate Training,3.3,Education
CyberMatrix Group,Mobile App Development,4.3,Marketing
MarketGenius Pvt Ltd,Digital Marketing,5.0,IT Services
FinEdge Industries,Civil Construction,3.0,Marketing
FinEdge Pvt Ltd,Interior Design,3.9,Finance
MarketGenius Solutions,Corporate Training,4.6,IT Services
CyberMatrix Group,Cyber Security,4.4,IT Services
BrightPath Group,Cyber Security,3.6,Education
CyberMatrix Pvt Ltd,Web Development,4.7,Finance
UrbanCraft Group,Corporate Training,4.9,Marketing
VisionTech Pvt Ltd,Cyber Security,5.0,Marketing
SkyHigh Solutions,Mobile App Development,4.9,IT Services
MegaBuild Pvt Ltd,Financial Consulting,4.4,Education
CyberMatrix Solutions,Mobile App Development,4.2,Infrastructure
FinEdge Solutions,Civil Construction,3.5,Marketing
UrbanCraft Industries,Corporate Training,3.8,Design
CloudLink Group,Financial Consulting,3.1,Finance
SkyHigh Enterprises,Mobile App Development,3.9,Design
SkyHigh Pvt Ltd,Mobile App Development,3.4,IT Services
PrimeLogics Solutions,Web Development,4.1,Infrastructure
PrimeLogics Solutions,Financial Consulting,3.2,Marketing
CloudLink Group,Digital Marketing,3.1,IT Services
CloudLink Enterprises,Mobile App Development,4.3,Finance
VisionTech Enterprises,Cloud Services,3.3,IT Services
MegaBuild Industries,AI/ML Services,4.9,Infrastructure
AlphaWorks Pvt Ltd,Financial Consulting,3.2,Education
UrbanCraft Solutions,Web Development,3.4,Design
GreenLeaf Pvt Ltd,AI/ML Services,3.9,Design
InteriorHive Industries,Digital Marketing,4.2,Finance
CoreBuild Enterprises,Civil Construction,3.5,IT Services
AlphaWorks Industries,Digital Marketing,4.1,IT Services
UrbanCraft Industries,Mobile App Development,4.7,Marketing
BrightPath Industries,Civil Construction,4.7,Marketing
CloudLink Pvt Ltd,Corporate Training,4.3,Marketing
SecureNet Solutions,Mobile App Development,3.5,Marketing
AdWise Solutions,Cyber Security,4.8,Education
SecureNet Solutions,Cloud Services,3.9,Finance
BrightPath Industries,Web Development,3.5,IT Services
NextGen Industries,AI/ML Services,3.2,Design
FinEdge Pvt Ltd,Financial Consulting,4.8,Education
SecureNet Industries,Cloud Services,4.1,Education
FinEdge Industries,Cyber Security,3.2,IT Services
BuildPro Pvt Ltd,Digital Marketing,3.4,IT Services
SkyHigh Industries,AI/ML Services,3.2,Design
FinEdge Industries,Cloud Services,3.8,Marketing
GreenLeaf Group,Digital Marketing,4.1,Finance
NextGen Enterprises,Web Development,4.5,Finance
AlphaWorks Group,Mobile App Development,3.3,Education
CloudSphere Group,Web Development,3.4,Finance
CyberMatrix Industries,AI/ML Services,3.7,IT Services
TechNova Solutions,Cyber Security,4.4,IT Services
CloudSphere Enterprises,Cyber Security,4.1,Marketing
AdWise Industries,Corporate Training,4.8,Education
AlphaWorks Pvt Ltd,Mobile App Development,5.0,Finance
BrightPath Enterprises,Corporate Training,4.4,Finance
InteriorHive Enterprises,Interior Design,3.8,Finance
CoreBuild Group,Interior Design,3.8,Marketing
BrightPath Industries,Digital Marketing,3.1,IT Services
CyberMatrix Enterprises,Interior Design,3.3,Infrastructure
CloudSphere Industries,Cloud Services,3.5,Marketing
NextGen Solutions,Cloud Services,3.5,Infrastructure
SecureNet Group,AI/ML Services,4.7,Design
MegaBuild Pvt Ltd,Civil Construction,4.1,Education
BuildPro Solutions,Web Development,4.4,Marketing
BuildPro Industries,Cyber Security,3.6,Design
InteriorHive Pvt Ltd,Mobile App Development,4.4,Education
CyberMatrix Industries,Interior Design,4.4,Infrastructure
BrightPath Group,Financial Consulting,4.8,Infrastructure
InteriorHive Industries,Corporate Training,4.3,Finance
MegaBuild Solutions,Cyber Security,4.2,Infrastructure
SecureNet Solutions,Interior Design,4.3,Marketing
NextGen Enterprises,Corporate Training,3.1,Marketing
BrightPath Solutions,Interior Design,4.0,Finance
SkyHigh Enterprises,Cyber Security,4.8,Design
BuildPro Enterprises,Cyber Security,3.4,Marketing
TechNova Solutions,Financial Consulting,3.9,Design
BuildPro Pvt Ltd,AI/ML Services,5.0,Infrastructure
TechNova Pvt Ltd,Web Development,3.0,Design
BuildPro Pvt Ltd,Digital Marketing,4.8,Education
FinEdge Pvt Ltd,Cloud Services,4.4,Design
PrimeLogics Enterprises,Digital Marketing,3.3,IT Services
SecureNet Pvt Ltd,Digital Marketing,3.8,Infrastructure
AdWise Group,Mobile App Development,5.0,Education
NextGen Industries,Cyber Security,3.7,Finance
BuildPro Solutions,Digital Marketing,4.5,Marketing
SkyHigh Enterprises,Cyber Security,3.8,Marketing
InteriorHive Industries,Civil Construction,4.6,Marketing
VisionTech Group,Cyber Security,3.3,Design
AdWise Solutions,Corporate Training,3.6,Finance
UrbanCraft Pvt Ltd,Mobile App Development,4.3,Education
SecureNet Group,Civil Construction,4.9,Design
CyberMatrix Group,Digital Marketing,4.4,Education
UrbanCraft Solutions,Web Development,4.6,IT Services
NextGen Enterprises,Cloud Services,4.1,Finance
BrightPath Enterprises,Cyber Security,3.1,Infrastructure
TechNova Solutions,Interior Design,4.6,Education
TechNova Solutions,AI/ML Services,3.8,Infrastructure
MegaBuild Industries,Digital Marketing,4.4,Infrastructure
GreenLeaf Solutions,AI/ML Services,3.7,Infrastructure
CloudSphere Pvt Ltd,Corporate Training,4.9,IT Services
SecureNet Solutions,Cyber Security,3.2,Design
BrightPath Industries,AI/ML Services,4.0,Education
CoreBuild Enterprises,Cyber Security,4.2,Marketing
CloudLink Enterprises,Corporate Training,3.0,Marketing
AdWise Pvt Ltd,Civil Construction,4.5,Marketing
CyberMatrix Industries,Mobile App Development,3.6,Design
BrightPath Solutions,Digital Marketing,3.4,Finance
CloudSphere Group,Civil Construction,3.4,IT Services
VisionTech Group,Digital Marketing,3.6,IT Services
AdWise Group,AI/ML Services,4.1,Design
TechNova Industries,Interior Design,4.2,Education
VisionTech Enterprises,Digital Marketing,3.6,Education
SkyHigh Group,Web Development,3.6,Education
TechNova Solutions,Financial Consulting,3.8,Marketing
AdWise Solutions,Corporate Training,4.5,Finance
SecureNet Pvt Ltd,Digital Marketing,4.2,Marketing
SkyHigh Pvt Ltd,Interior Design,4.5,Infrastructure
GreenLeaf Group,Digital Marketing,4.9,Finance
BrightPath Group,Web Development,3.3,Infrastructure
VisionTech Pvt Ltd,AI/ML Services,4.8,Infrastructure
PrimeLogics Pvt Ltd,Cyber Security,3.6,Education
NextGen Industries,Civil Construction,4.2,Marketing
CyberMatrix Pvt Ltd,Web Development,4.4,Education
PrimeLogics Enterprises,Financial Consulting,3.2,Design
MegaBuild Solutions,Financial Consulting,5.0,Marketing
AdWise Pvt Ltd,Interior Design,3.6,Design
FinEdge Pvt Ltd,Cyber Security,4.2,Marketing
UrbanCraft Enterprises,Financial Consulting,3.9,Education
CoreBuild Group,AI/ML Services,3.3,Marketing
MegaBuild Group,Web Development,3.8,Infrastructure
GreenLeaf Group,Corporate Training,3.5,Marketing
GreenLeaf Industries,Web Development,4.4,Marketing
CoreBuild Solutions,Financial Consulting,4.7,Marketing
GreenLeaf Group,Corporate Training,4.4,Infrastructure
UrbanCraft Pvt Ltd,Cyber Security,3.3,IT Services
CloudLink Solutions,Mobile App Development,4.2,Finance
SkyHigh Enterprises,Civil Construction,3.0,Education
CloudSphere Industries,Civil Construction,4.4,Education
InteriorHive Enterprises,Corporate Training,3.1,Marketing
CoreBuild Industries,Corporate Training,4.7,Education
UrbanCraft Pvt Ltd,Interior Design,3.5,Marketing
InteriorHive Solutions,Interior Design,4.4,Finance
GreenLeaf Solutions,Web Development,3.2,Design
CloudSphere Solutions,Financial Consulting,4.7,Education
SkyHigh Pvt Ltd,Web Development,3.2,Marketing
CloudLink Solutions,Web Development,3.7,Design
CoreBuild Group,Civil Construction,3.5,Infrastructure
AlphaWorks Solutions,Mobile App Development,4.5,Infrastructure
AlphaWorks Group,AI/ML Services,4.1,Education
TechNova Pvt Ltd,Cyber Security,4.3,Design
InteriorHive Group,Civil Construction,4.1,Design
BrightPath Solutions,Cyber Security,4.0,Marketing
CloudLink Pvt Ltd,Cloud Services,3.6,IT Services
VisionTech Industries,Cyber Security,4.4,Design
SecureNet Solutions,Corporate Training,3.2,IT Services
InteriorHive Pvt Ltd,Civil Construction,3.6,Marketing
BrightPath Group,Corporate Training,3.1,Design
PrimeLogics Solutions,Cyber Security,4.8,IT Services
CloudSphere Enterprises,Financial Consulting,3.9,Design
SecureNet Solutions,Civil Construction,4.5,Infrastructure
CoreBuild Solutions,Cloud Services,4.4,IT Services
SkyHigh Solutions,Cyber Security,3.4,IT Services
PrimeLogics Industries,Civil Construction,4.1,IT Services
BrightPath Enterprises,Civil Construction,3.6,Education
SecureNet Enterprises,AI/ML Services,3.8,Finance
BrightPath Solutions,Civil Construction,3.3,Education
NextGen Group,AI/ML Services,4.3,Education
AlphaWorks Industries,Cyber Security,4.3,Infrastructure
SecureNet Group,Cloud Services,3.4,Finance
AdWise Solutions,Interior Design,3.8,IT Services
CoreBuild Pvt Ltd,AI/ML Services,4.6,IT Services
CloudSphere Solutions,Web Development,3.3,Education
SkyHigh Enterprises,Web Development,4.6,Education
NextGen Solutions,AI/ML Services,4.0,IT Services
CyberMatrix Solutions,Cloud Services,3.8,Infrastructure
BrightPath Group,Civil Construction,4.9,Design
FinEdge Industries,Civil Construction,4.2,Finance
FinEdge Solutions,Cyber Security,3.1,Education
PrimeLogics Pvt Ltd,Cloud Services,4.6,Finance
UrbanCraft Pvt Ltd,Web Development,3.2,Marketing
FinEdge Enterprises,AI/ML Services,3.1,Marketing
CyberMatrix Group,AI/ML Services,4.0,IT Services
CloudSphere Enterprises,AI/ML Services,3.3,IT Services
PrimeLogics Industries,Cloud Services,4.9,Infrastructure
SkyHigh Solutions,Cyber Security,4.3,Marketing
VisionTech Pvt Ltd,Corporate Training,3.6,Design
FinEdge Group,Digital Marketing,3.9,Marketing
MarketGenius Group,Corporate Training,4.8,Infrastructure
TechNova Industries,Corporate Training,3.2,Education
GreenLeaf Industries,Corporate Training,4.6,Marketing
AlphaWorks Pvt Ltd,Corporate Training,4.1,Education
NextGen Group,Civil Construction,4.5,Education
CloudSphere Enterprises,Financial Consulting,4.7,Marketing
BuildPro Pvt Ltd,Web Development,3.0,Infrastructure
MegaBuild Group,Cyber Security,3.0,Finance
CloudLink Enterprises,AI/ML Services,4.5,Finance
CloudSphere Enterprises,Financial Consulting,4.2,IT Services
NextGen Group,Web Development,4.7,Marketing
UrbanCraft Solutions,AI/ML Services,4.5,Finance
MarketGenius Industries,Interior Design,3.0,Design
TechNova Group,Web Development,3.1,Education
MarketGenius Solutions,Digital Marketing,3.6,Infrastructure
MegaBuild Enterprises,Interior Design,3.2,Infrastructure
GreenLeaf Enterprises,Cloud Services,3.2,Education
MegaBuild Group,Corporate Training,4.4,Marketing
CloudSphere Group,Cloud Services,5.0,Infrastructure
VisionTech Pvt Ltd,Digital Marketing,3.5,Finance
CoreBuild Solutions,Cyber Security,3.7,Marketing
MarketGenius Pvt Ltd,Digital Marketing,4.7,Design
CoreBuild Industries,Civil Construction,3.5,IT Services
InteriorHive Group,Mobile App Development,3.3,Finance
BrightPath Industries,Mobile App Development,4.6,Education
AlphaWorks Group,Digital Marketing,4.7,Finance
PrimeLogics Pvt Ltd,Civil Construction,4.9,IT Services
UrbanCraft Solutions,Digital Marketing,3.1,Education
FinEdge Group,Cyber Security,4.3,Infrastructure
CloudLink Group,Digital Marketing,4.3,Finance
CyberMatrix Enterprises,Digital Marketing,3.4,Marketing
AdWise Enterprises,AI/ML Services,3.9,Infrastructure
NextGen Group,Digital Marketing,4.3,IT Services
BuildPro Group,Mobile App Development,4.1,Infrastructure
MarketGenius Pvt Ltd,Cyber Security,3.2,IT Services
UrbanCraft Solutions,Civil Construction,3.8,Finance
MegaBuild Enterprises,AI/ML Services,4.3,IT Services
AlphaWorks Pvt Ltd,Civil Construction,4.4,Infrastructure
VisionTech Enterprises,Financial Consulting,4.2,Education
SecureNet Enterprises,Mobile App Development,4.0,Education
MegaBuild Pvt Ltd,Web Development,4.0,Infrastructure
NextGen Industries,Corporate Training,4.5,Marketing
TechNova Solutions,Cyber Security,4.7,Finance
AlphaWorks Group,AI/ML Services,3.5,Education
PrimeLogics Pvt Ltd,Web Development,3.8,Marketing
BuildPro Pvt Ltd,Civil Construction,5.0,Marketing
TechNova Industries,Financial Consulting,3.3,Marketing
TechNova Enterprises,Mobile App Development,3.6,IT Services
CloudSphere Industries,Cyber Security,3.7,Finance
MarketGenius Enterprises,Corporate Training,4.8,Education
VisionTech Solutions,Digital Marketing,3.4,Infrastructure
MarketGenius Enterprises,AI/ML Services,4.9,IT Services
CyberMatrix Pvt Ltd,Digital Marketing,3.4,Education
FinEdge Industries,Mobile App Development,4.5,Marketing
CoreBuild Industries,Digital Marketing,3.6,Finance
BrightPath Solutions,Corporate Training,3.7,Education
AlphaWorks Industries,Cyber Security,4.7,Design
SecureNet Pvt Ltd,Cloud Services,4.0,Marketing
SecureNet Enterprises,Cyber Security,4.6,Education
MegaBuild Solutions,Web Development,4.4,Education
SkyHigh Industries,Financial Consulting,3.2,Infrastructure
CoreBuild Solutions,Cyber Security,4.7,Finance
InteriorHive Enterprises,Civil Construction,4.2,Infrastructure
PrimeLogics Industries,Financial Consulting,3.7,Infrastructure
CloudLink Pvt Ltd,Corporate Training,3.9,Infrastructure
FinEdge Pvt Ltd,Cloud Services,4.6,Education
CloudLink Solutions,Cyber Security,5.0,IT Services
CoreBuild Industries,Cyber Security,3.8,IT Services
CoreBuild Industries,Mobile App Development,3.1,IT Services
CoreBuild Pvt Ltd,Corporate Training,4.8,Infrastructure
CyberMatrix Enterprises,Cyber Security,3.3,Education
CyberMatrix Group,Mobile App Development,4.9,Finance
MarketGenius Enterprises,Mobile App Development,4.4,Finance
AlphaWorks Pvt Ltd,Corporate Training,3.5,Design
BrightPath Solutions,Civil Construction,4.6,Finance
PrimeLogics Enterprises,Cloud Services,3.6,Finance
MegaBuild Pvt Ltd,AI/ML Services,4.4,Education
MegaBuild Pvt Ltd,Corporate Training,4.2,Infrastructure
CloudSphere Enterprises,Cyber Security,3.3,Design
SecureNet Industries,Web Development,3.0,Infrastructure
MegaBuild Group,AI/ML Services,4.4,Marketing
UrbanCraft Solutions,Digital Marketing,4.8,Infrastructure
CoreBuild Pvt Ltd,Financial Consulting,4.5,Education
UrbanCraft Group,Mobile App Development,4.1,Infrastructure
AdWise Industries,Mobile App Development,3.0,IT Services
AdWise Enterprises,Web Development,3.8,Infrastructure
AlphaWorks Group,Interior Design,5.0,IT Services
SecureNet Enterprises,Financial Consulting,3.0,Marketing
CloudSphere Group,Digital Marketing,4.4,Education
GreenLeaf Enterprises,Cyber Security,4.3,IT Services
VisionTech Group,Cyber Security,3.5,Finance
NextGen Enterprises,Corporate Training,4.6,Infrastructure
SecureNet Industries,Web Development,3.6,Finance
MarketGenius Solutions,Corporate Training,4.1,IT Services
CyberMatrix Industries,Cloud Services,4.0,Education
AdWise Industries,AI/ML Services,4.6,Finance
FinEdge Enterprises,Mobile App Development,4.7,Infrastructure
AdWise Group,Cloud Services,4.9,Design
SkyHigh Group,Digital Marketing,4.8,Design
AdWise Group,Financial Consulting,3.9,Finance
SkyHigh Pvt Ltd,Cyber Security,3.6,Education
AlphaWorks Pvt Ltd,Financial Consulting,3.6,IT Services
CyberMatrix Solutions,Financial Consulting,3.1,Finance
MarketGenius Group,Civil Construction,3.7,Marketing
InteriorHive Pvt Ltd,Interior Design,4.3,Education
CloudLink Group,AI/ML Services,4.3,Infrastructure
BuildPro Solutions,Corporate Training,4.4,Finance
AlphaWorks Industries,Digital Marketing,4.1,Marketing
AlphaWorks Industries,Digital Marketing,5.0,Infrastructure
InteriorHive Industries,Civil Construction,3.8,Design
SecureNet Industries,Interior Design,4.7,Design
GreenLeaf Industries,Digital Marketing,3.9,Finance
PrimeLogics Pvt Ltd,Cyber Security,4.6,IT Services
SecureNet Pvt Ltd,Corporate Training,3.0,Infrastructure
GreenLeaf Group,AI/ML Services,4.3,IT Services
InteriorHive Group,Cloud Services,4.2,Design
MegaBuild Enterprises,Cyber Security,4.3,Design
NextGen Pvt Ltd,Mobile App Development,4.8,Infrastructure
CloudLink Enterprises,Civil Construction,4.0,Design
AlphaWorks Group,Cloud Services,4.4,IT Services
CyberMatrix Solutions,Interior Design,4.7,Finance
TechNova Enterprises,AI/ML Services,4.9,Infrastructure
CyberMatrix Pvt Ltd,AI/ML Services,4.5,IT Services
SecureNet Pvt Ltd,Corporate Training,3.6,Finance
UrbanCraft Solutions,Civil Construction,4.0,Design
FinEdge Industries,Cyber Security,3.2,Marketing
AdWise Group,Financial Consulting,4.3,Finance
SkyHigh Enterprises,Cloud Services,4.1,Education
MegaBuild Enterprises,Cloud Services,4.7,IT Services
UrbanCraft Solutions,Civil Construction,3.5,Marketing
MegaBuild Pvt Ltd,Cyber Security,3.5,Marketing
MegaBuild Pvt Ltd,Digital Marketing,3.5,IT Services
FinEdge Industries,Cloud Services,3.3,Marketing
SkyHigh Group,Cyber Security,3.2,Marketing
CoreBuild Pvt Ltd,AI/ML Services,4.8,Infrastructure
CyberMatrix Industries,Mobile App Development,3.3,Finance
BrightPath Solutions,Web Development,3.2,Infrastructure
NextGen Solutions,Corporate Training,3.7,Design
CoreBuild Pvt Ltd,Cloud Services,4.6,Design
NextGen Group,Civil Construction,3.9,Finance
CloudSphere Pvt Ltd,Web Development,4.2,IT Services
CoreBuild Industries,AI/ML Services,4.1,Design
CloudSphere Pvt Ltd,Mobile App Development,3.6,IT Services
SecureNet Solutions,Cloud Services,4.6,Infrastructure
CloudSphere Group,AI/ML Services,4.2,Infrastructure
FinEdge Solutions,Mobile App Development,3.2,Finance
NextGen Industries,Financial Consulting,3.1,Design
MegaBuild Solutions,Financial Consulting,4.2,Design
AdWise Pvt Ltd,Financial Consulting,4.3,Marketing
UrbanCraft Pvt Ltd,Mobile App Development,3.4,Education
PrimeLogics Group,Interior Design,4.1,Education
CyberMatrix Solutions,Digital Marketing,3.9,Infrastructure
CloudLink Enterprises,Corporate Training,3.1,Design
CoreBuild Enterprises,Digital Marketing,3.8,Marketing
AdWise Solutions,AI/ML Services,3.6,IT Services
AlphaWorks Solutions,Digital Marketing,4.0,Finance
InteriorHive Solutions,Interior Design,4.9,Education
GreenLeaf Pvt Ltd,Financial Consulting,4.2,Marketing
TechNova Group,Civil Construction,3.6,Finance
BuildPro Enterprises,Cloud Services,3.4,Marketing
BrightPath Pvt Ltd,Digital Marketing,4.2,Finance
UrbanCraft Group,Cloud Services,3.9,Finance
PrimeLogics Enterprises,Digital Marketing,3.3,Marketing
CloudSphere Industries,Interior Design,3.6,Education
PrimeLogics Solutions,Digital Marketing,3.2,Design
FinEdge Pvt Ltd,Cloud Services,3.9,Marketing
TechNova Solutions,Financial Consulting,3.4,Design
TechNova Pvt Ltd,Interior Design,4.2,Finance
CloudSphere Pvt Ltd,Mobile App Development,4.5,IT Services
BrightPath Solutions,Web Development,3.3,Finance
MarketGenius Group,Web Development,4.3,Education
GreenLeaf Group,Web Development,4.2,Marketing
CoreBuild Enterprises,Interior Design,3.0,IT Services
TechNova Group,Web Development,4.2,Design
FinEdge Pvt Ltd,AI/ML Services,4.6,Infrastructure
TechNova Solutions,AI/ML Services,4.3,Design
SecureNet Group,AI/ML Services,4.6,Marketing
CloudLink Solutions,Web Development,3.4,Finance
MarketGenius Enterprises,AI/ML Services,4.3,Education
MarketGenius Pvt Ltd,Web Development,4.7,Infrastructure
BrightPath Pvt Ltd,Mobile App Development,4.0,Finance
MarketGenius Enterprises,Mobile App Development,4.1,Marketing
BuildPro Industries,Corporate Training,4.7,Design
InteriorHive Pvt Ltd,Corporate Training,3.3,Education
AdWise Enterprises,Cloud Services,4.8,Finance
MarketGenius Industries,Interior Design,4.1,Education
AdWise Industries,Civil Construction,3.6,IT Services
UrbanCraft Enterprises,Mobile App Development,3.3,IT Services
MarketGenius Industries,Interior Design,5.0,Education
GreenLeaf Industries,Web Development,3.5,IT Services
PrimeLogics Pvt Ltd,Web Development,3.5,Infrastructure
InteriorHive Industries,Web Development,4.7,IT Services
SkyHigh Group,Financial Consulting,4.0,Design
CyberMatrix Pvt Ltd,Civil Construction,4.1,IT Services
MegaBuild Industries,Digital Marketing,3.6,Finance
TechNova Industries,Financial Consulting,3.0,Infrastructure
VisionTech Group,Digital Marketing,3.6,Marketing
NextGen Pvt Ltd,Cyber Security,3.5,Infrastructure
VisionTech Solutions,Corporate Training,3.3,IT Services
PrimeLogics Industries,Civil Construction,3.7,Infrastructure
TechNova Solutions,Financial Consulting,3.3,Infrastructure
TechNova Industries,Civil Construction,4.7,Education
CyberMatrix Group,Mobile App Development,4.6,Education
CyberMatrix Enterprises,Cyber Security,4.9,Design
InteriorHive Industries,Digital Marketing,4.8,IT Services
VisionTech Pvt Ltd,Financial Consulting,3.8,IT Services
PrimeLogics Solutions,Financial Consulting,3.5,Education
NextGen Group,Cyber Security,3.1,Finance
UrbanCraft Pvt Ltd,Cyber Security,3.3,Marketing
CyberMatrix Enterprises,Interior Design,3.2,Design
AlphaWorks Solutions,Digital Marketing,3.3,Infrastructure
TechNova Solutions,Cloud Services,3.5,Education
PrimeLogics Group,AI/ML Services,3.7,Design
BrightPath Enterprises,Interior Design,4.6,IT Services
GreenLeaf Solutions,Cyber Security,4.7,Finance
SecureNet Group,Mobile App Development,3.5,Infrastructure
BuildPro Industries,Financial Consulting,4.8,Education
BuildPro Pvt Ltd,Financial Consulting,4.9,Marketing
PrimeLogics Group,Cyber Security,3.7,Design
MarketGenius Group,AI/ML Services,3.2,Infrastructure
SkyHigh Industries,Cyber Security,3.5,Design
TechNova Enterprises,Cloud Services,3.2,Finance
CloudLink Industries,Digital Marketing,3.9,Infrastructure
AdWise Group,Civil Construction,3.3,Marketing
UrbanCraft Enterprises,Corporate Training,4.1,Infrastructure
PrimeLogics Pvt Ltd,Mobile App Development,3.3,Design
BuildPro Group,Digital Marketing,3.5,Design
GreenLeaf Industries,Cyber Security,4.0,Marketing
GreenLeaf Industries,Digital Marketing,4.0,Marketing
BuildPro Solutions,AI/ML Services,4.3,Design
SkyHigh Industries,Digital Marketing,4.9,Infrastructure
PrimeLogics Group,Corporate Training,4.0,Education
UrbanCraft Pvt Ltd,Civil Construction,3.5,Marketing
SkyHigh Enterprises,Financial Consulting,4.5,Infrastructure
CloudLink Group,Mobile App Development,3.6,Design
CoreBuild Solutions,Digital Marketing,3.0,Education
SecureNet Enterprises,Web Development,3.7,Education
AlphaWorks Industries,Web Development,4.8,Finance
VisionTech Pvt Ltd,Mobile App Development,4.7,Education
BuildPro Industries,Web Development,4.7,IT Services
AdWise Enterprises,Digital Marketing,3.6,Education
PrimeLogics Solutions,Cyber Security,4.3,IT Services
VisionTech Solutions,Financial Consulting,4.8,Infrastructure
MarketGenius Solutions,Corporate Training,4.4,Finance
NextGen Group,Interior Design,4.0,IT Services
MegaBuild Pvt Ltd,Financial Consulting,4.5,IT Services
UrbanCraft Industries,Corporate Training,4.4,Education
SkyHigh Industries,Cyber Security,3.4,Marketing
MarketGenius Enterprises,Cloud Services,4.3,Marketing
PrimeLogics Group,Cyber Security,3.1,Infrastructure
CoreBuild Industries,Interior Design,3.8,Finance
MegaBuild Industries,Web Development,3.2,IT Services
SecureNet Pvt Ltd,Civil Construction,3.2,Education
CloudLink Pvt Ltd,Cloud Services,4.0,Infrastructure
MarketGenius Solutions,Web Development,4.9,Marketing
UrbanCraft Group,AI/ML Services,4.3,Marketing
BuildPro Enterprises,Cloud Services,3.2,IT Services
CyberMatrix Pvt Ltd,Financial Consulting,4.7,Design
VisionTech Solutions,Financial Consulting,4.9,Finance
AlphaWorks Group,Cloud Services,3.2,Infrastructure
VisionTech Enterprises,Corporate Training,3.6,Infrastructure
CyberMatrix Pvt Ltd,Corporate Training,4.1,Education
BuildPro Solutions,Web Development,3.7,Infrastructure
SkyHigh Pvt Ltd,Interior Design,4.4,Design
NextGen Enterprises,Corporate Training,3.9,Education
MegaBuild Industries,Mobile App Development,3.6,IT Services
BrightPath Group,Cyber Security,4.6,Marketing
AlphaWorks Enterprises,Civil Construction,5.0,Marketing
SkyHigh Enterprises,Financial Consulting,4.6,Finance
TechNova Solutions,Mobile App Development,4.9,Design
CloudLink Enterprises,Cloud Services,3.6,IT Services
PrimeLogics Industries,AI/ML Services,4.8,IT Services
PrimeLogics Pvt Ltd,Cyber Security,4.9,Finance
FinEdge Enterprises,AI/ML Services,4.9,IT Services
SecureNet Group,Corporate Training,4.4,Finance
CloudSphere Pvt Ltd,Mobile App Development,3.9,Design
PrimeLogics Industries,Digital Marketing,4.8,IT Services
AlphaWorks Industries,AI/ML Services,4.6,IT Services
UrbanCraft Enterprises,Cloud Services,3.4,Marketing
SkyHigh Enterprises,Corporate Training,3.9,Education
VisionTech Group,AI/ML Services,4.3,Design
CloudSphere Enterprises,Civil Construction,4.5,Design
InteriorHive Enterprises,Financial Consulting,4.1,Design
BuildPro Enterprises,Web Development,3.5,Infrastructure
NextGen Solutions,Web Development,3.5,Infrastructure
VisionTech Group,AI/ML Services,4.7,Marketing
AdWise Group,Digital Marketing,4.4,Marketing
VisionTech Industries,Financial Consulting,3.3,Education
CoreBuild Group,Mobile App Development,3.2,Finance
PrimeLogics Solutions,Digital Marketing,3.4,IT Services
GreenLeaf Pvt Ltd,AI/ML Services,4.0,Education
NextGen Solutions,Mobile App Development,3.9,Infrastructure
CoreBuild Solutions,AI/ML Services,3.2,Marketing
InteriorHive Industries,Civil Construction,3.4,Infrastructure
NextGen Solutions,Cloud Services,4.2,Education
MarketGenius Pvt Ltd,Cyber Security,4.2,Design
MarketGenius Industries,Digital Marketing,4.1,Infrastructure
AlphaWorks Solutions,Cloud Services,3.3,Design
UrbanCraft Industries,Mobile App Development,4.0,Finance
BuildPro Industries,Cyber Security,3.8,Education
BuildPro Enterprises,Digital Marketing,4.6,Education
MegaBuild Pvt Ltd,Mobile App Development,3.9,Marketing
SecureNet Solutions,AI/ML Services,3.2,Marketing
AlphaWorks Enterprises,Cyber Security,4.8,IT Services
CloudLink Solutions,Cyber Security,4.6,IT Services
InteriorHive Solutions,Corporate Training,3.4,Finance
VisionTech Group,Financial Consulting,4.2,Marketing
NextGen Enterprises,Financial Consulting,4.5,Design
MarketGenius Pvt Ltd,Web Development,4.5,Marketing
SecureNet Pvt Ltd,Cyber Security,3.5,Education
NextGen Solutions,Digital Marketing,3.1,Infrastructure
NextGen Enterprises,Financial Consulting,4.9,Marketing
VisionTech Group,Civil Construction,4.9,Infrastructure
SecureNet Pvt Ltd,Digital Marketing,4.5,Education
MarketGenius Industries,Cloud Services,4.7,Finance
GreenLeaf Enterprises,Civil Construction,4.2,Finance
InteriorHive Enterprises,Digital Marketing,4.2,Education
UrbanCraft Pvt Ltd,Digital Marketing,4.6,IT Services
CoreBuild Pvt Ltd,AI/ML Services,3.6,Education
CoreBuild Industries,Interior Design,3.6,Design
CloudSphere Industries,Corporate Training,3.3,Design
NextGen Pvt Ltd,Digital Marketing,4.2,IT Services
CyberMatrix Pvt Ltd,Cloud Services,3.4,Education
FinEdge Industries,Corporate Training,4.0,Infrastructure
BrightPath Solutions,Corporate Training,3.2,Education
BrightPath Industries,Financial Consulting,3.6,IT Services
BrightPath Enterprises,Interior Design,4.4,Marketing
NextGen Group,Corporate Training,4.4,Marketing
AdWise Pvt Ltd,Cyber Security,3.1,IT Services
SkyHigh Industries,Financial Consulting,3.8,Finance
InteriorHive Industries,Web Development,4.9,Infrastructure
CyberMatrix Solutions,Financial Consulting,4.9,Design
CloudSphere Enterprises,Mobile App Development,3.1,Infrastructure
CyberMatrix Group,Cloud Services,3.3,Finance
BrightPath Pvt Ltd,Interior Design,3.4,Infrastructure
MegaBuild Solutions,Financial Consulting,4.4,Finance
BrightPath Industries,AI/ML Services,4.6,Marketing
GreenLeaf Pvt Ltd,Digital Marketing,4.5,Marketing
CloudLink Pvt Ltd,AI/ML Services,4.6,IT Services
NextGen Solutions,AI/ML Services,3.0,Education
GreenLeaf Industries,Civil Construction,3.1,Finance
BrightPath Industries,Cyber Security,4.1,Infrastructure
NextGen Pvt Ltd,Interior Design,4.4,Education
CoreBuild Industries,Interior Design,3.5,Marketing
NextGen Pvt Ltd,Corporate Training,3.0,Education
CoreBuild Enterprises,Mobile App Development,4.1,Infrastructure
BuildPro Enterprises,Corporate Training,3.8,Finance
CloudSphere Solutions,Financial Consulting,3.0,Marketing
BrightPath Enterprises,AI/ML Services,4.1,Design
CoreBuild Pvt Ltd,Cyber Security,3.2,Design
BuildPro Group,Digital Marketing,3.2,Marketing
BrightPath Solutions,Interior Design,4.0,Education
CyberMatrix Pvt Ltd,Interior Design,3.4,Infrastructure
VisionTech Pvt Ltd,Cloud Services,4.7,Design
MarketGenius Solutions,Cloud Services,3.1,Design
SkyHigh Pvt Ltd,Financial Consulting,4.3,Marketing
MegaBuild Pvt Ltd,Web Development,3.9,Marketing
CloudLink Group,Digital Marketing,4.9,IT Services
BrightPath Pvt Ltd,Web Development,3.1,Infrastructure
FinEdge Enterprises,Interior Design,3.6,IT Services
MegaBuild Pvt Ltd,Web Development,3.4,IT Services
CloudSphere Pvt Ltd,Web Development,3.8,IT Services
AlphaWorks Group,Web Development,4.8,Education
CyberMatrix Industries,Cyber Security,3.8,Infrastructure
UrbanCraft Pvt Ltd,Financial Consulting,3.4,Marketing
BrightPath Industries,Interior Design,3.9,Design
CloudSphere Group,AI/ML Services,3.8,Infrastructure
VisionTech Solutions,Civil Construction,4.8,IT Services
GreenLeaf Group,Financial Consulting,4.7,Marketing
AlphaWorks Pvt Ltd,Corporate Training,3.5,Finance
FinEdge Solutions,Digital Marketing,4.7,Design
FinEdge Industries,Corporate Training,4.4,Design
InteriorHive Solutions,AI/ML Services,4.3,Finance
FinEdge Enterprises,Cloud Services,4.6,Finance
SkyHigh Group,Interior Design,3.0,Marketing
TechNova Enterprises,AI/ML Services,3.5,Marketing
SkyHigh Pvt Ltd,Cyber Security,4.0,Education
SkyHigh Pvt Ltd,Digital Marketing,4.0,Education
MarketGenius Solutions,Cloud Services,4.0,Design
CoreBuild Pvt Ltd,Cloud Services,3.6,Marketing
SecureNet Industries,Interior Design,3.2,Infrastructure
BuildPro Group,AI/ML Services,4.1,Finance
TechNova Enterprises,AI/ML Services,3.0,IT Services
FinEdge Pvt Ltd,Civil Construction,4.9,IT Services
PrimeLogics Solutions,Civil Construction,4.8,Design
CloudSphere Industries,Digital Marketing,3.4,Marketing
MegaBuild Industries,Financial Consulting,4.3,IT Services
BuildPro Solutions,Mobile App Development,3.9,Marketing
FinEdge Solutions,Web Development,4.5,IT Services
CyberMatrix Industries,AI/ML Services,3.2,Marketing
TechNova Industries,Digital Marketing,4.6,Marketing
MarketGenius Enterprises,Mobile App Development,3.2,Infrastructure
AdWise Enterprises,AI/ML Services,3.7,Marketing
MarketGenius Group,Corporate Training,5.0,IT Services
BrightPath Enterprises,Civil Construction,4.2,Design
MegaBuild Industries,Corporate Training,4.3,Finance
BuildPro Industries,Digital Marketing,3.6,Infrastructure
CoreBuild Solutions,Cloud Services,4.1,Infrastructure
CyberMatrix Solutions,Cloud Services,4.5,Education
CyberMatrix Pvt Ltd,Civil Construction,3.7,IT Services
CloudSphere Pvt Ltd,Web Development,4.2,Marketing
FinEdge Solutions,Cloud Services,3.3,Infrastructure
CloudLink Pvt Ltd,Digital Marketing,4.6,Infrastructure
AdWise Solutions,Web Development,4.2,Finance
CoreBuild Enterprises,Corporate Training,5.0,Finance
BrightPath Industries,AI/ML Services,4.9,Marketing
SecureNet Solutions,Corporate Training,3.0,Finance
BrightPath Industries,Interior Design,3.3,IT Services
BrightPath Industries,AI/ML Services,4.4,IT Services
GreenLeaf Industries,AI/ML Services,4.4,IT Services
PrimeLogics Solutions,Cloud Services,4.7,Education
CyberMatrix Group,AI/ML Services,3.4,Finance
AlphaWorks Industries,AI/ML Services,4.8,Infrastructure
PrimeLogics Solutions,Cloud Services,3.3,Education
SkyHigh Group,Corporate Training,4.3,IT Services
MarketGenius Enterprises,AI/ML Services,3.4,Education
SecureNet Industries,Interior Design,4.7,Finance
BrightPath Enterprises,Civil Construction,4.6,Marketing
FinEdge Industries,Cyber Security,4.1,Education
SkyHigh Enterprises,Digital Marketing,4.9,Finance
BuildPro Pvt Ltd,Corporate Training,4.9,Education
CloudSphere Enterprises,Financial Consulting,3.6,Finance
VisionTech Solutions,Cloud Services,3.4,Finance
BuildPro Solutions,Interior Design,3.7,IT Services
SecureNet Industries,Financial Consulting,4.7,Education
MegaBuild Enterprises,AI/ML Services,4.1,Design
NextGen Solutions,Corporate Training,3.1,Marketing
SkyHigh Enterprises,Corporate Training,4.9,Infrastructure
PrimeLogics Group,Financial Consulting,3.4,Finance
FinEdge Pvt Ltd,Mobile App Development,3.1,IT Services
FinEdge Solutions,Cyber Security,4.1,Marketing
NextGen Industries,Cloud Services,3.2,IT Services
UrbanCraft Enterprises,Mobile App Development,4.2,Infrastructure
CoreBuild Industries,AI/ML Services,5.0,Finance
SkyHigh Enterprises,AI/ML Services,4.2,Education
GreenLeaf Industries,Web Development,3.0,IT Services
NextGen Pvt Ltd,Mobile App Development,4.7,Design
BrightPath Industries,Civil Construction,3.6,IT Services
CoreBuild Group,Financial Consulting,3.3,Infrastructure
UrbanCraft Solutions,AI/ML Services,3.6,Education
NextGen Industries,Interior Design,4.6,Infrastructure
VisionTech Group,Interior Design,3.8,IT Services
CyberMatrix Group,Mobile App Development,4.1,Education
AlphaWorks Solutions,Civil Construction,4.8,Marketing
InteriorHive Solutions,Civil Construction,3.8,Infrastructure
TechNova Enterprises,Interior Design,3.7,Infrastructure
InteriorHive Group,AI/ML Services,4.7,Infrastructure
MegaBuild Industries,AI/ML Services,3.3,IT Services
UrbanCraft Group,Corporate Training,4.7,Education
PrimeLogics Industries,Cloud Services,3.2,Education
FinEdge Enterprises,Corporate Training,3.5,Marketing
BrightPath Solutions,Digital Marketing,5.0,Infrastructure
BuildPro Group,Financial Consulting,4.7,Marketing
CloudLink Enterprises,Corporate Training,4.3,Marketing
TechNova Group,Corporate Training,3.4,Infrastructure
MarketGenius Solutions,Interior Design,4.3,Design
SecureNet Solutions,Cloud Services,4.9,Infrastructure
UrbanCraft Solutions,Corporate Training,4.3,Marketing
MegaBuild Industries,Interior Design,5.0,Design
GreenLeaf Solutions,Cyber Security,3.3,Finance
CloudSphere Enterprises,Cloud Services,4.0,Marketing
BrightPath Enterprises,Interior Design,4.1,IT Services
GreenLeaf Industries,Civil Construction,5.0,IT Services
BrightPath Industries,Financial Consulting,3.3,Infrastructure
GreenLeaf Solutions,Cyber Security,4.2,Finance
SkyHigh Industries,Mobile App Development,3.8,Infrastructure
SecureNet Industries,Cloud Services,4.8,Design
AdWise Industries,Digital Marketing,3.9,Infrastructure
CloudSphere Industries,AI/ML Services,4.5,Infrastructure
CloudLink Industries,Cyber Security,3.4,Infrastructure
TechNova Group,Digital Marketing,4.3,Finance
UrbanCraft Industries,Mobile App Development,4.5,Education
InteriorHive Enterprises,Corporate Training,4.4,IT Services
PrimeLogics Pvt Ltd,Corporate Training,4.2,Education
CyberMatrix Solutions,Cloud Services,3.4,Design
CloudLink Industries,Web Development,4.2,Infrastructure
FinEdge Industries,Civil Construction,3.3,Finance
SecureNet Industries,Cyber Security,4.2,IT Services
AlphaWorks Solutions,Corporate Training,3.0,Design
GreenLeaf Industries,Mobile App Development,4.2,Marketing
SecureNet Industries,Mobile App Development,4.9,IT Services
SkyHigh Enterprises,Financial Consulting,4.0,Infrastructure
UrbanCraft Enterprises,Civil Construction,4.9,Marketing
CoreBuild Group,Civil Construction,3.6,Finance
FinEdge Pvt Ltd,AI/ML Services,4.5,Design
MegaBuild Group,Mobile App Development,3.1,Infrastructure
MegaBuild Group,Digital Marketing,3.5,Finance
CloudLink Industries,Financial Consulting,3.3,IT Services
NextGen Industries,Mobile App Development,4.2,Infrastructure
CloudLink Group,Web Development,3.3,Finance
NextGen Group,Civil Construction,3.1,Education
TechNova Solutions,AI/ML Services,3.2,Design
MarketGenius Solutions,Digital Marketing,3.2,Design
NextGen Enterprises,Mobile App Development,4.4,Education
NextGen Industries,Corporate Training,3.6,IT Services
MegaBuild Industries,Web Development,3.2,Marketing
PrimeLogics Pvt Ltd,Cyber Security,4.3,Infrastructure
MegaBuild Pvt Ltd,Civil Construction,4.7,Infrastructure
UrbanCraft Solutions,AI/ML Services,3.1,Finance
PrimeLogics Solutions,AI/ML Services,3.3,Infrastructure
CoreBuild Solutions,Cyber Security,4.7,Education
CloudLink Industries,Cyber Security,4.4,Finance
SkyHigh Solutions,Interior Design,4.9,Infrastructure
UrbanCraft Pvt Ltd,Civil Construction,4.8,IT Services
InteriorHive Industries,Civil Construction,4.4,Education
VisionTech Enterprises,Digital Marketing,4.4,Finance
FinEdge Solutions,Interior Design,3.3,Education
VisionTech Group,Financial Consulting,3.8,Infrastructure
MarketGenius Pvt Ltd,Civil Construction,4.8,Marketing
MegaBuild Industries,Mobile App Development,3.1,IT Services
InteriorHive Group,Interior Design,4.1,Education
AlphaWorks Pvt Ltd,Financial Consulting,3.9,Finance
InteriorHive Enterprises,Financial Consulting,3.7,Finance
MarketGenius Industries,Digital Marketing,3.8,Finance
SecureNet Industries,Corporate Training,4.3,IT Services
GreenLeaf Group,Mobile App Development,3.0,Marketing
UrbanCraft Pvt Ltd,Mobile App Development,4.9,IT Services
GreenLeaf Solutions,Mobile App Development,3.1,Finance
BuildPro Solutions,Digital Marketing,4.3,Education
InteriorHive Pvt Ltd,Digital Marketing,4.3,Design
TechNova Solutions,Digital Marketing,4.6,Infrastructure
BuildPro Industries,Cloud Services,4.3,Marketing
MegaBuild Enterprises,Civil Construction,3.6,Design
BuildPro Pvt Ltd,Interior Design,3.7,Infrastructure
AlphaWorks Industries,Digital Marketing,3.8,Design
FinEdge Industries,Cyber Security,4.3,Design
GreenLeaf Pvt Ltd,Web Development,3.5,IT Services
CoreBuild Industries,Civil Construction,3.0,Marketing
CloudSphere Pvt Ltd,AI/ML Services,4.9,Design
InteriorHive Pvt Ltd,Digital Marketing,4.2,IT Services
FinEdge Group,Corporate Training,3.5,Marketing
UrbanCraft Group,Web Development,3.9,Finance
FinEdge Industries,Cyber Security,4.7,Infrastructure
BrightPath Industries,Civil Construction,4.0,Finance
CyberMatrix Pvt Ltd,Web Development,4.2,Education
CloudSphere Industries,Cyber Security,5.0,Education
SkyHigh Group,Civil Construction,3.1,Design
UrbanCraft Enterprises,Interior Design,4.4,IT Services
GreenLeaf Pvt Ltd,AI/ML Services,3.1,Finance
InteriorHive Pvt Ltd,Mobile App Development,5.0,Design
SecureNet Solutions,Web Development,3.3,Education
GreenLeaf Group,Cloud Services,4.6,IT Services
FinEdge Industries,Interior Design,4.0,Design
MarketGenius Group,Web Development,4.4,Infrastructure
CyberMatrix Enterprises,Cloud Services,3.8,IT Services
TechNova Pvt Ltd,Mobile App Development,4.9,Infrastructure
CloudLink Enterprises,Corporate Training,4.6,IT Services
CloudLink Group,Web Development,3.1,Design
SkyHigh Pvt Ltd,Financial Consulting,3.5,Design
NextGen Solutions,Digital Marketing,4.9,Infrastructure
VisionTech Enterprises,Civil Construction,3.0,Education
GreenLeaf Industries,Digital Marketing,3.9,Education
AlphaWorks Solutions,Digital Marketing,3.1,Marketing
GreenLeaf Enterprises,Cloud Services,4.4,Infrastructure
BrightPath Enterprises,Mobile App Development,4.5,Education
InteriorHive Enterprises,Financial Consulting,4.1,Finance
TechNova Group,Interior Design,3.3,Education
BrightPath Pvt Ltd,AI/ML Services,3.8,Finance
PrimeLogics Pvt Ltd,Cyber Security,4.7,Design
AdWise Pvt Ltd,Financial Consulting,4.1,Finance
AdWise Industries,Cyber Security,3.7,Marketing
TechNova Industries,AI/ML Services,4.6,Marketing
TechNova Industries,Web Development,3.7,Design
AdWise Industries,Web Development,4.5,IT Services
AdWise Pvt Ltd,Mobile App Development,4.8,IT Services
SecureNet Enterprises,Civil Construction,4.7,Education
InteriorHive Industries,Web Development,4.4,Infrastructure
CyberMatrix Solutions,Financial Consulting,4.4,Design
AlphaWorks Group,Civil Construction,3.2,Education
TechNova Industries,AI/ML Services,4.1,IT Services
UrbanCraft Group,Interior Design,3.5,IT Services
AlphaWorks Industries,Web Development,4.0,Marketing
PrimeLogics Pvt Ltd,Cyber Security,3.7,IT Services
NextGen Industries,Mobile App Development,4.6,Design
SecureNet Group,Interior Design,3.2,IT Services
FinEdge Enterprises,Digital Marketing,4.0,Design
AlphaWorks Pvt Ltd,Civil Construction,4.0,Finance
FinEdge Pvt Ltd,Web Development,4.4,Finance
CloudSphere Pvt Ltd,Interior Design,4.5,IT Services
TechNova Pvt Ltd,Corporate Training,3.8,IT Services
MarketGenius Group,Web Development,4.5,Finance
BrightPath Pvt Ltd,Financial Consulting,4.5,Marketing
SecureNet Pvt Ltd,AI/ML Services,4.7,Design
CloudSphere Group,Mobile App Development,3.3,Education
CloudSphere Pvt Ltd,Web Development,3.9,Design
AlphaWorks Industries,Corporate Training,3.4,Design
BrightPath Industries,Digital Marketing,5.0,Infrastructure
SkyHigh Enterprises,Civil Construction,3.6,Marketing
FinEdge Enterprises,Web Development,4.3,Marketing
SkyHigh Industries,Mobile App Development,4.5,IT Services
CloudSphere Enterprises,Corporate Training,3.9,Infrastructure
PrimeLogics Industries,Cloud Services,4.8,Design
CoreBuild Solutions,Mobile App Development,4.9,Design
MegaBuild Group,AI/ML Services,4.5,Finance
BrightPath Industries,Civil Construction,3.3,Infrastructure
MarketGenius Group,Digital Marketing,4.6,Finance
PrimeLogics Industries,Cloud Services,3.8,Marketing
InteriorHive Group,Mobile App Development,3.9,IT Services
PrimeLogics Solutions,AI/ML Services,3.1,IT Services
InteriorHive Group,Digital Marketing,3.2,Marketing
AlphaWorks Pvt Ltd,AI/ML Services,4.7,Finance
PrimeLogics Industries,Web Development,4.1,IT Services
MarketGenius Industries,Digital Marketing,3.5,Marketing
InteriorHive Pvt Ltd,Cloud Services,4.7,Design
VisionTech Enterprises,Financial Consulting,3.6,Education
TechNova Solutions,Cloud Services,4.5,Infrastructure
GreenLeaf Solutions,Financial Consulting,3.0,Finance
CloudSphere Industries,Civil Construction,4.0,IT Services
AdWise Solutions,Corporate Training,3.1,Education
SecureNet Industries,Digital Marketing,4.4,Infrastructure
CloudLink Solutions,Cyber Security,3.5,IT Services
VisionTech Group,Interior Design,3.6,Finance
SkyHigh Industries,Interior Design,3.4,Education
NextGen Pvt Ltd,Financial Consulting,4.0,Infrastructure
MarketGenius Pvt Ltd,Financial Consulting,4.8,Design
MegaBuild Enterprises,Corporate Training,3.9,IT Services
CyberMatrix Industries,Interior Design,4.0,Design
CyberMatrix Enterprises,AI/ML Services,3.0,Marketing
GreenLeaf Enterprises,Civil Construction,3.5,Education
AlphaWorks Enterprises,Cloud Services,4.7,IT Services
UrbanCraft Solutions,Financial Consulting,4.6,IT Services
PrimeLogics Solutions,Financial Consulting,5.0,Design
GreenLeaf Group,Mobile App Development,3.8,Education
CloudSphere Solutions,Web Development,3.4,Infrastructure
CloudSphere Industries,Mobile App Development,3.2,Infrastructure
UrbanCraft Solutions,Web Development,3.7,Infrastructure
AdWise Pvt Ltd,Web Development,3.0,Education
MegaBuild Enterprises,Cloud Services,4.2,Infrastructure
FinEdge Solutions,Web Development,4.5,Marketing
NextGen Group,Web Development,3.5,Infrastructure
BuildPro Enterprises,Digital Marketing,3.4,Marketing
VisionTech Industries,AI/ML Services,3.9,IT Services
GreenLeaf Pvt Ltd,Civil Construction,4.5,Education
InteriorHive Group,Interior Design,4.7,Marketing
CoreBuild Group,Mobile App Development,4.2,IT Services
BrightPath Industries,Digital Marketing,4.5,Design
CloudSphere Solutions,Mobile App Development,4.7,Design
VisionTech Pvt Ltd,Interior Design,3.7,Education
SecureNet Industries,Digital Marketing,4.5,Finance
AlphaWorks Solutions,Financial Consulting,3.7,Marketing
MegaBuild Enterprises,AI/ML Services,4.6,Education
CyberMatrix Pvt Ltd,Financial Consulting,4.4,Education
NextGen Pvt Ltd,Financial Consulting,4.1,Finance
FinEdge Group,Mobile App Development,4.8,Education
SkyHigh Group,Interior Design,4.8,Marketing
FinEdge Solutions,Cloud Services,3.4,Finance
BrightPath Pvt Ltd,Cyber Security,3.5,Marketing
CyberMatrix Enterprises,Cloud Services,3.2,Education
VisionTech Enterprises,AI/ML Services,3.9,Marketing
GreenLeaf Solutions,Cyber Security,4.7,Education
FinEdge Enterprises,Web Development,3.7,Marketing
MegaBuild Enterprises,Financial Consulting,3.1,Design
PrimeLogics Solutions,Cyber Security,4.1,Finance
PrimeLogics Pvt Ltd,Web Development,4.5,Education
MarketGenius Enterprises,Financial Consulting,4.7,IT Services
BuildPro Group,Corporate Training,4.2,Education
AlphaWorks Solutions,Web Development,3.3,Design
SecureNet Enterprises,Mobile App Development,4.6,Infrastructure
CyberMatrix Solutions,Digital Marketing,3.5,Finance
BrightPath Industries,Cloud Services,4.0,Infrastructure
MegaBuild Enterprises,AI/ML Services,3.7,Finance
BrightPath Solutions,Web Development,4.5,Infrastructure
SkyHigh Enterprises,Mobile App Development,4.1,Infrastructure
UrbanCraft Enterprises,AI/ML Services,3.9,IT Services
TechNova Enterprises,Corporate Training,3.8,Education
SkyHigh Group,Civil Construction,3.8,Education
MegaBuild Solutions,Interior Design,4.3,Infrastructure
MarketGenius Solutions,Web Development,3.3,Finance
NextGen Group,Cloud Services,4.1,Education
BrightPath Enterprises,Civil Construction,4.2,Finance
MarketGenius Group,Digital Marketing,4.3,Marketing
NextGen Industries,Financial Consulting,4.8,IT Services
CloudSphere Solutions,Interior Design,4.6,Design
BrightPath Solutions,Cyber Security,3.1,Infrastructure
SkyHigh Industries,Financial Consulting,4.8,IT Services
MarketGenius Pvt Ltd,Civil Construction,3.6,Education
VisionTech Industries,Interior Design,4.1,Infrastructure
CloudLink Solutions,AI/ML Services,3.2,Marketing
CloudSphere Enterprises,Digital Marketing,4.5,Marketing
UrbanCraft Pvt Ltd,Digital Marketing,4.3,Infrastructure
BuildPro Solutions,Civil Construction,3.6,IT Services
FinEdge Pvt Ltd,Mobile App Development,4.0,Marketing
CyberMatrix Pvt Ltd,Interior Design,3.2,Infrastructure
VisionTech Group,AI/ML Services,4.0,Finance
MegaBuild Group,Civil Construction,3.5,Marketing
SkyHigh Pvt Ltd,Interior Design,4.1,Finance
UrbanCraft Pvt Ltd,Web Development,4.3,Finance
PrimeLogics Solutions,Corporate Training,3.4,Finance
AlphaWorks Group,Web Development,3.6,Infrastructure
MegaBuild Group,Mobile App Development,3.2,Design
MegaBuild Solutions,Web Development,4.5,Marketing
CyberMatrix Industries,Digital Marketing,3.6,Marketing
NextGen Industries,Cloud Services,4.6,Education
SecureNet Solutions,Cloud Services,4.5,Design
AlphaWorks Group,Financial Consulting,4.0,IT Services
BuildPro Pvt Ltd,Financial Consulting,4.0,Design
PrimeLogics Pvt Ltd,Interior Design,3.2,Design
AlphaWorks Enterprises,Corporate Training,4.6,Infrastructure
AdWise Pvt Ltd,Web Development,4.3,Finance
SecureNet Pvt Ltd,Cyber Security,4.0,Marketing
MegaBuild Enterprises,Digital Marketing,4.0,IT Services
CyberMatrix Enterprises,AI/ML Services,3.8,Education
AlphaWorks Group,Mobile App Development,3.5,Design
CoreBuild Group,Cloud Services,3.4,Marketing
AlphaWorks Solutions,Cyber Security,4.6,Design
AdWise Solutions,Web Development,4.8,IT Services
CyberMatrix Industries,Digital Marketing,4.5,Marketing
CyberMatrix Pvt Ltd,Mobile App Development,4.6,Marketing
NextGen Group,Civil Construction,4.9,Marketing
AlphaWorks Pvt Ltd,Cloud Services,4.1,Finance
CloudLink Enterprises,Digital Marketing,3.6,IT Services
PrimeLogics Industries,Web Development,4.3,Infrastructure
SkyHigh Industries,Civil Construction,3.2,Design
MarketGenius Solutions,Cloud Services,3.3,Education
CoreBuild Group,Civil Construction,3.1,Finance
NextGen Group,Digital Marketing,3.0,Design
MarketGenius Solutions,Mobile App Development,4.9,Education
CloudLink Pvt Ltd,Cloud Services,3.2,Finance
MarketGenius Pvt Ltd,AI/ML Services,4.1,Marketing
MegaBuild Solutions,Interior Design,3.7,IT Services
VisionTech Enterprises,Interior Design,4.6,Design
AdWise Industries,Cloud Services,4.3,Infrastructure
GreenLeaf Pvt Ltd,Interior Design,4.7,Marketing
AlphaWorks Solutions,Financial Consulting,3.1,Education
VisionTech Enterprises,Mobile App Development,3.8,Finance
CoreBuild Pvt Ltd,Interior Design,3.1,Education
CoreBuild Industries,Cloud Services,3.6,Education
AdWise Group,Web Development,4.8,Marketing
InteriorHive Industries,Cloud Services,3.9,Design
SkyHigh Pvt Ltd,Web Development,5.0,Design
CoreBuild Industries,Corporate Training,4.5,Infrastructure
CloudSphere Group,AI/ML Services,4.5,Education
NextGen Pvt Ltd,Civil Construction,3.5,Education
AlphaWorks Industries,Corporate Training,3.6,Finance
NextGen Solutions,Cloud Services,3.3,Education
CoreBuild Pvt Ltd,Cyber Security,4.3,Education
NextGen Solutions,Cyber Security,4.6,Finance
VisionTech Solutions,Cloud Services,4.9,Marketing
PrimeLogics Pvt Ltd,Mobile App Development,4.5,Infrastructure
GreenLeaf Enterprises,Digital Marketing,4.1,Finance
BrightPath Solutions,Mobile App Development,4.8,Design
AdWise Enterprises,Interior Design,3.7,Education
GreenLeaf Enterprises,Digital Marketing,5.0,Finance
NextGen Industries,Digital Marketing,4.0,Finance
PrimeLogics Industries,AI/ML Services,4.3,Marketing
SkyHigh Industries,Interior Design,4.9,Marketing
FinEdge Enterprises,AI/ML Services,4.4,Marketing
MarketGenius Pvt Ltd,Digital Marketing,3.2,Infrastructure
TechNova Industries,AI/ML Services,4.7,Design
CloudSphere Solutions,Mobile App Development,4.4,IT Services
BuildPro Pvt Ltd,Web Development,4.8,Infrastructure
MarketGenius Industries,Mobile App Development,3.4,Marketing
GreenLeaf Industries,Civil Construction,3.1,Education
BuildPro Group,Interior Design,4.0,Design
BrightPath Enterprises,Financial Consulting,4.7,Finance
UrbanCraft Pvt Ltd,Mobile App Development,3.5,Infrastructure
CyberMatrix Pvt Ltd,Civil Construction,4.4,Education
FinEdge Pvt Ltd,Mobile App Development,3.9,Education
MarketGenius Enterprises,Interior Design,4.8,Education
VisionTech Industries,Civil Construction,3.9,IT Services
PrimeLogics Industries,Corporate Training,4.5,Infrastructure
BuildPro Enterprises,Civil Construction,4.6,Marketing
CoreBuild Solutions,Mobile App Development,4.0,Infrastructure
SkyHigh Group,AI/ML Services,3.7,IT Services
SecureNet Enterprises,Cyber Security,4.5,IT Services
GreenLeaf Pvt Ltd,Web Development,4.4,Infrastructure
CloudSphere Group,Corporate Training,4.1,IT Services
CloudSphere Pvt Ltd,Corporate Training,3.7,Infrastructure
UrbanCraft Solutions,Cloud Services,4.0,Marketing
CloudLink Group,Corporate Training,3.0,Finance
TechNova Solutions,Mobile App Development,4.3,Infrastructure
InteriorHive Industries,Mobile App Development,4.4,IT Services
SkyHigh Solutions,Corporate Training,4.8,IT Services
AdWise Group,Financial Consulting,3.4,Education
AlphaWorks Group,Web Development,3.5,Design
GreenLeaf Group,Cloud Services,4.6,Marketing
TechNova Pvt Ltd,Cloud Services,4.2,Infrastructure
PrimeLogics Group,Web Development,3.9,Marketing
TechNova Industries,Corporate Training,3.0,Infrastructure
CloudSphere Industries,Financial Consulting,3.9,Marketing
GreenLeaf Industries,AI/ML Services,4.1,Infrastructure
CyberMatrix Enterprises,Digital Marketing,4.2,IT Services
CloudLink Solutions,Financial Consulting,4.9,Education
SecureNet Pvt Ltd,Mobile App Development,3.2,Education
AlphaWorks Enterprises,AI/ML Services,3.3,Infrastructure
BrightPath Pvt Ltd,Financial Consulting,3.6,Marketing
TechNova Group,Corporate Training,3.2,Marketing
BuildPro Enterprises,Web Development,4.0,Finance
InteriorHive Enterprises,Cloud Services,4.6,Marketing
SkyHigh Group,Web Development,3.3,Design
MegaBuild Solutions,Mobile App Development,4.7,Infrastructure
VisionTech Industries,AI/ML Services,3.7,Finance
FinEdge Group,Web Development,3.2,Design
MegaBuild Enterprises,Civil Construction,3.0,Marketing
CyberMatrix Industries,Cloud Services,3.5,Marketing
AlphaWorks Solutions,Digital Marketing,4.9,IT Services
AlphaWorks Solutions,Cloud Services,4.6,Design
VisionTech Enterprises,Interior Design,4.9,Design
MegaBuild Pvt Ltd,Corporate Training,3.4,Finance
AdWise Solutions,Mobile App Development,3.7,Education
MegaBuild Group,AI/ML Services,3.6,Finance
PrimeLogics Group,Digital Marketing,3.5,Marketing
CloudSphere Group,Cloud Services,3.5,Marketing
CloudSphere Solutions,Financial Consulting,4.9,Design
MegaBuild Enterprises,Digital Marketing,3.4,Design
GreenLeaf Pvt Ltd,Corporate Training,3.7,Marketing
CloudSphere Solutions,Corporate Training,4.3,Education
UrbanCraft Enterprises,AI/ML Services,4.5,Infrastructure
CloudSphere Enterprises,Interior Design,3.9,Design
MegaBuild Group,Financial Consulting,3.6,Finance
MegaBuild Pvt Ltd,Web Development,3.0,Design
NextGen Industries,Financial Consulting,5.0,Design
BuildPro Industries,AI/ML Services,4.4,Infrastructure
AlphaWorks Group,AI/ML Services,3.9,Finance
CloudSphere Industries,Financial Consulting,4.8,Education
NextGen Group,AI/ML Services,4.5,Design
CoreBuild Group,Web Development,4.4,Infrastructure
TechNova Industries,Civil Construction,4.3,Infrastructure
UrbanCraft Solutions,Interior Design,4.4,Infrastructure
CoreBuild Industries,Corporate Training,3.4,Marketing
TechNova Solutions,Civil Construction,4.5,IT Services
CoreBuild Solutions,Cloud Services,3.2,Infrastructure
UrbanCraft Group,Civil Construction,3.4,IT Services
SecureNet Group,Digital Marketing,4.3,IT Services
FinEdge Enterprises,Cyber Security,4.8,Design
BrightPath Industries,Web Development,4.9,Design
InteriorHive Group,Cloud Services,3.2,Infrastructure
UrbanCraft Group,Corporate Training,4.8,IT Services
PrimeLogics Industries,Cyber Security,4.2,Marketing
CloudLink Industries,Financial Consulting,3.6,Education
TechNova Solutions,Cloud Services,4.1,Design
CloudLink Group,Cloud Services,4.9,Infrastructure
VisionTech Enterprises,Cyber Security,4.6,Marketing
BrightPath Solutions,Cloud Services,3.4,IT Services
CloudLink Enterprises,AI/ML Services,4.6,Marketing
MarketGenius Group,Corporate Training,4.1,Infrastructure
VisionTech Group,Financial Consulting,3.1,IT Services
SkyHigh Pvt Ltd,Mobile App Development,4.2,IT Services
CloudLink Enterprises,AI/ML Services,4.1,IT Services
InteriorHive Enterprises,Cyber Security,3.1,Finance
SkyHigh Enterprises,Cloud Services,4.5,Education
InteriorHive Pvt Ltd,Mobile App Development,3.9,Marketing
SkyHigh Solutions,Digital Marketing,4.1,Education
SecureNet Pvt Ltd,Financial Consulting,4.1,IT Services
AdWise Enterprises,Mobile App Development,4.5,Design
MarketGenius Industries,AI/ML Services,4.8,Finance
FinEdge Industries,Corporate Training,3.4,Marketing
AdWise Group,Corporate Training,3.5,Marketing
AlphaWorks Enterprises,Cloud Services,4.2,IT Services
AdWise Enterprises,Financial Consulting,3.2,IT Services
FinEdge Enterprises,Corporate Training,4.2,Finance
MarketGenius Group,Cyber Security,3.5,Design
TechNova Solutions,Interior Design,3.6,IT Services
MarketGenius Industries,Interior Design,3.6,IT Services
TechNova Solutions,AI/ML Services,3.4,Education
BuildPro Pvt Ltd,Cloud Services,3.8,Infrastructure
CoreBuild Pvt Ltd,Digital Marketing,4.9,Infrastructure
CoreBuild Enterprises,Mobile App Development,3.1,Design
CoreBuild Pvt Ltd,Cyber Security,4.9,Marketing
CyberMatrix Group,Digital Marketing,3.9,Marketing
AdWise Solutions,Web Development,5.0,Design
CyberMatrix Group,Cloud Services,4.4,Design
InteriorHive Solutions,Corporate Training,4.4,IT Services
CoreBuild Group,Cloud Services,4.0,Marketing
CloudLink Enterprises,Cloud Services,4.8,Education
VisionTech Group,Interior Design,4.0,Finance
UrbanCraft Pvt Ltd,Digital Marketing,4.9,Education
UrbanCraft Pvt Ltd,Web Development,3.8,Infrastructure
AlphaWorks Pvt Ltd,Web Development,3.9,IT Services
CloudLink Pvt Ltd,Cyber Security,4.5,Design
CloudSphere Solutions,Mobile App Development,3.3,Design
SecureNet Solutions,AI/ML Services,4.4,Education
BrightPath Pvt Ltd,Mobile App Development,4.8,Infrastructure
CyberMatrix Industries,Digital Marketing,4.3,Finance
MegaBuild Industries,Corporate Training,3.7,Education
CloudSphere Industries,Cloud Services,4.8,Infrastructure
AlphaWorks Solutions,Civil Construction,3.5,Design
SecureNet Enterprises,Cloud Services,3.6,Finance
MegaBuild Solutions,Interior Design,3.4,Infrastructure
MegaBuild Pvt Ltd,Corporate Training,3.1,Marketing
GreenLeaf Enterprises,Mobile App Development,3.5,IT Services
FinEdge Industries,AI/ML Services,3.5,Design
BrightPath Industries,Interior Design,3.4,Finance
SecureNet Industries,AI/ML Services,4.2,Education
SecureNet Industries,Civil Construction,3.5,Marketing
CloudLink Enterprises,Web Development,4.2,Finance
UrbanCraft Solutions,Digital Marketing,3.2,Marketing
BrightPath Enterprises,Interior Design,3.3,Design
FinEdge Solutions,Digital Marketing,4.2,Finance
MegaBuild Enterprises,Civil Construction,3.8,Education
MegaBuild Solutions,Cloud Services,3.9,Education
CyberMatrix Solutions,Financial Consulting,3.7,IT Services
NextGen Group,Civil Construction,5.0,Infrastructure
SkyHigh Solutions,Financial Consulting,4.9,Finance
SecureNet Solutions,Web Development,4.4,Design
SecureNet Enterprises,Corporate Training,3.7,Finance
GreenLeaf Group,Web Development,4.6,Infrastructure
PrimeLogics Group,Cloud Services,3.4,Marketing
CloudSphere Enterprises,AI/ML Services,4.3,Infrastructure
SecureNet Group,Cloud Services,3.8,Marketing
MarketGenius Group,Interior Design,4.9,IT Services
InteriorHive Solutions,Web Development,4.6,Finance
CyberMatrix Industries,Web Development,4.5,Design
UrbanCraft Group,AI/ML Services,4.9,Education
CloudSphere Solutions,Mobile App Development,4.7,Finance
CyberMatrix Pvt Ltd,Digital Marketing,4.4,Infrastructure
CloudLink Pvt Ltd,Digital Marketing,3.6,Design
UrbanCraft Industries,Cyber Security,3.8,Marketing
CyberMatrix Pvt Ltd,Cyber Security,3.0,IT Services
FinEdge Group,AI/ML Services,3.3,IT Services
MegaBuild Industries,Interior Design,4.1,Design
UrbanCraft Industries,Cyber Security,3.3,IT Services
SecureNet Solutions,Cyber Security,3.5,Infrastructure
AdWise Industries,Civil Construction,3.2,Finance
SecureNet Pvt Ltd,Cloud Services,4.6,Infrastructure
BrightPath Solutions,Digital Marketing,4.2,Finance
SkyHigh Group,AI/ML Services,4.9,Finance
CyberMatrix Industries,Cloud Services,3.2,Infrastructure
FinEdge Group,Financial Consulting,3.3,IT Services
CyberMatrix Pvt Ltd,Corporate Training,3.6,IT Services
AdWise Pvt Ltd,Mobile App Development,4.5,Infrastructure
CyberMatrix Solutions,Corporate Training,4.8,Marketing
SkyHigh Group,Financial Consulting,4.9,Finance
MarketGenius Solutions,Civil Construction,3.8,Design
InteriorHive Solutions,Civil Construction,3.9,Finance
NextGen Pvt Ltd,Corporate Training,3.1,Infrastructure
FinEdge Pvt Ltd,Cyber Security,5.0,IT Services
CloudLink Solutions,Mobile App Development,4.6,Finance
InteriorHive Industries,Cyber Security,3.3,Education
GreenLeaf Solutions,AI/ML Services,4.0,Infrastructure
MarketGenius Industries,Financial Consulting,5.0,Design
FinEdge Group,Digital Marketing,3.5,Education
VisionTech Enterprises,Mobile App Development,4.2,Education
GreenLeaf Solutions,Financial Consulting,5.0,Design
CoreBuild Solutions,Web Development,4.7,Education
TechNova Pvt Ltd,Cyber Security,3.4,Finance
BrightPath Solutions,Interior Design,4.6,IT Services
UrbanCraft Industries,Corporate Training,3.0,Education
TechNova Enterprises,Cyber Security,4.5,Finance
NextGen Industries,Cyber Security,3.9,Design
CoreBuild Pvt Ltd,Civil Construction,3.9,Infrastructure
InteriorHive Solutions,Interior Design,4.8,Finance
UrbanCraft Pvt Ltd,Corporate Training,3.6,Finance
NextGen Pvt Ltd,Cloud Services,4.0,Finance
PrimeLogics Industries,Web Development,4.9,Finance
GreenLeaf Solutions,Web Development,4.5,Design
AlphaWorks Group,Cloud Services,4.2,Education
CloudLink Industries,Digital Marketing,3.5,Finance
BrightPath Solutions,Web Development,3.9,Marketing
FinEdge Solutions,AI/ML Services,4.4,Finance
FinEdge Enterprises,AI/ML Services,4.5,Design
UrbanCraft Group,Financial Consulting,3.3,IT Services
GreenLeaf Pvt Ltd,Cyber Security,4.5,Infrastructure
FinEdge Solutions,Mobile App Development,3.3,Marketing
GreenLeaf Solutions,Web Development,3.5,Infrastructure
MegaBuild Pvt Ltd,Cyber Security,3.3,Education
AlphaWorks Solutions,Financial Consulting,3.5,IT Services
AdWise Group,Mobile App Development,3.8,Infrastructure
CoreBuild Pvt Ltd,AI/ML Services,4.2,Finance
PrimeLogics Pvt Ltd,Cyber Security,3.5,Finance
BuildPro Solutions,Financial Consulting,3.8,Finance
AlphaWorks Enterprises,Cyber Security,4.4,Design
BrightPath Enterprises,Digital Marketing,3.9,Design
BrightPath Solutions,Cloud Services,3.6,Infrastructure
SkyHigh Solutions,AI/ML Services,3.2,IT Services
CloudLink Solutions,Cyber Security,3.3,Design
SecureNet Solutions,Mobile App Development,4.1,IT Services
UrbanCraft Pvt Ltd,Mobile App Development,3.6,Design
AlphaWorks Enterprises,Web Development,3.8,Marketing
BrightPath Pvt Ltd,Financial Consulting,4.3,Finance
MegaBuild Solutions,Interior Design,3.2,IT Services
MarketGenius Group,AI/ML Services,4.0,Infrastructure
SkyHigh Industries,Cyber Security,4.3,Design
InteriorHive Enterprises,Cyber Security,5.0,IT Services
BrightPath Solutions,Digital Marketing,3.5,Infrastructure
CloudLink Enterprises,Corporate Training,3.7,IT Services
SkyHigh Pvt Ltd,Digital Marketing,3.8,Finance
BuildPro Enterprises,Financial Consulting,4.5,Finance
MegaBuild Group,Corporate Training,3.9,Marketing
SkyHigh Industries,Cyber Security,4.2,IT Services
AlphaWorks Enterprises,Cloud Services,3.0,Infrastructure
BrightPath Industries,Interior Design,3.1,Education
AdWise Pvt Ltd,Corporate Training,4.0,Finance
FinEdge Pvt Ltd,Cyber Security,3.6,Education
PrimeLogics Pvt Ltd,Civil Construction,3.5,Marketing
MarketGenius Solutions,Civil Construction,4.1,IT Services
BuildPro Enterprises,Mobile App Development,4.8,Education
AdWise Solutions,Cloud Services,4.6,Finance
CoreBuild Solutions,Interior Design,3.9,Design
InteriorHive Enterprises,Digital Marketing,3.2,IT Services
BrightPath Solutions,Mobile App Development,4.2,Infrastructure
TechNova Industries,AI/ML Services,4.2,Design
BuildPro Group,AI/ML Services,3.7,Education
BuildPro Solutions,Interior Design,4.9,Education
BuildPro Solutions,Corporate Training,3.5,Education
TechNova Industries,AI/ML Services,3.7,Marketing
CloudSphere Pvt Ltd,Interior Design,3.7,Design
MarketGenius Industries,Interior Design,4.3,Design
SkyHigh Industries,Civil Construction,4.4,IT Services
NextGen Pvt Ltd,Digital Marketing,3.3,Marketing
AlphaWorks Enterprises,Mobile App Development,4.6,Infrastructure
CloudLink Group,Corporate Training,4.3,Design
PrimeLogics Industries,Corporate Training,4.0,Infrastructure
CloudSphere Industries,Interior Design,3.3,Design
AlphaWorks Group,Corporate Training,3.4,Finance
FinEdge Group,Interior Design,4.0,Design
MegaBuild Group,AI/ML Services,4.5,Education
SkyHigh Enterprises,Digital Marketing,5.0,Education
TechNova Enterprises,Digital Marketing,4.7,Design
CloudSphere Pvt Ltd,AI/ML Services,3.4,IT Services
CloudLink Industries,Web Development,3.6,Marketing
SecureNet Group,Digital Marketing,4.9,Design
BuildPro Industries,Corporate Training,4.4,Education
InteriorHive Solutions,Financial Consulting,4.8,Education
NextGen Pvt Ltd,Web Development,4.6,Education
CloudLink Industries,Web Development,3.1,IT Services
CloudLink Solutions,Mobile App Development,4.3,Marketing
CloudLink Enterprises,Corporate Training,4.1,Marketing
MarketGenius Pvt Ltd,Interior Design,4.3,Design
GreenLeaf Solutions,Cyber Security,4.8,Marketing
MegaBuild Group,Digital Marketing,3.7,Design
InteriorHive Solutions,Cloud Services,4.1,Finance
UrbanCraft Pvt Ltd,Corporate Training,3.3,IT Services
NextGen Solutions,Digital Marketing,4.4,Infrastructure
UrbanCraft Enterprises,Financial Consulting,3.6,Design
TechNova Industries,Financial Consulting,4.6,Marketing
BrightPath Group,Mobile App Development,3.9,Marketing
BrightPath Pvt Ltd,Civil Construction,4.4,Education
CoreBuild Pvt Ltd,Civil Construction,3.8,Design
CloudSphere Industries,Civil Construction,3.2,Design
MegaBuild Group,Web Development,4.9,Marketing
MarketGenius Group,AI/ML Services,4.4,Design
MarketGenius Group,AI/ML Services,3.9,IT Services
TechNova Enterprises,Cloud Services,3.9,Finance
FinEdge Enterprises,Corporate Training,4.7,Education
VisionTech Industries,AI/ML Services,3.2,Finance
SkyHigh Group,Financial Consulting,4.1,IT Services
BuildPro Solutions,Cyber Security,3.7,Finance
GreenLeaf Enterprises,Mobile App Development,3.8,Finance
SecureNet Pvt Ltd,Corporate Training,3.1,Education
VisionTech Pvt Ltd,Digital Marketing,3.7,Design
AdWise Industries,Cloud Services,3.2,Infrastructure
BrightPath Industries,Cyber Security,4.2,Finance
BrightPath Industries,Digital Marketing,4.2,Finance
AdWise Industries,Web Development,4.0,Marketing
UrbanCraft Industries,Digital Marketing,3.5,Infrastructure
CyberMatrix Solutions,Financial Consulting,3.4,Infrastructure
SecureNet Solutions,Cyber Security,4.7,Education
UrbanCraft Group,Interior Design,3.0,Infrastructure
AlphaWorks Solutions,Cloud Services,4.5,Marketing
CloudSphere Pvt Ltd,Financial Consulting,4.3,Marketing
FinEdge Group,Civil Construction,3.3,IT Services
BuildPro Group,Civil Construction,3.8,Education
CloudSphere Pvt Ltd,Interior Design,4.0,Marketing
MegaBuild Solutions,Cyber Security,3.4,Education
AlphaWorks Solutions,Cyber Security,3.4,Marketing
CloudSphere Pvt Ltd,Cyber Security,4.4,Finance
TechNova Pvt Ltd,Corporate Training,4.2,IT Services
SkyHigh Pvt Ltd,Mobile App Development,3.8,IT Services
CoreBuild Group,Digital Marketing,3.6,Infrastructure
SkyHigh Solutions,AI/ML Services,4.1,Finance
BuildPro Group,Web Development,4.9,Marketing
CloudSphere Group,Interior Design,3.6,Education
MarketGenius Enterprises,Corporate Training,4.1,Infrastructure
GreenLeaf Industries,AI/ML Services,3.6,Design
CloudSphere Industries,Financial Consulting,4.3,Education
CyberMatrix Enterprises,Corporate Training,4.3,Marketing
TechNova Group,Corporate Training,4.1,Education
PrimeLogics Group,Interior Design,3.6,Marketing
InteriorHive Industries,Financial Consulting,3.9,IT Services
MarketGenius Industries,Interior Design,3.7,Design
CyberMatrix Pvt Ltd,Web Development,4.6,Finance
TechNova Solutions,Digital Marketing,3.5,Marketing
CloudLink Pvt Ltd,Digital Marketing,4.2,Education
UrbanCraft Solutions,Web Development,4.7,Education
BrightPath Industries,Web Development,3.9,IT Services
MegaBuild Group,Cyber Security,4.0,Marketing
NextGen Group,AI/ML Services,3.6,Finance
AdWise Group,Cyber Security,3.7,IT Services
MarketGenius Enterprises,Civil Construction,3.2,Finance
MarketGenius Solutions,Cloud Services,4.4,Design
InteriorHive Solutions,Mobile App Development,4.5,IT Services
InteriorHive Enterprises,AI/ML Services,4.7,Marketing
PrimeLogics Enterprises,Civil Construction,3.9,Education
AdWise Pvt Ltd,AI/ML Services,3.8,Marketing
VisionTech Group,Corporate Training,4.9,Finance
TechNova Pvt Ltd,Financial Consulting,3.5,Finance
MarketGenius Solutions,Digital Marketing,4.7,IT Services
TechNova Solutions,Interior Design,3.6,Marketing
AdWise Group,Corporate Training,3.0,Marketing
UrbanCraft Solutions,Financial Consulting,5.0,IT Services
VisionTech Industries,Web Development,4.8,Infrastructure
CyberMatrix Industries,AI/ML Services,4.6,Design
UrbanCraft Industries,Corporate Training,3.7,Finance
TechNova Solutions,Interior Design,3.1,IT Services
SecureNet Industries,Civil Construction,3.1,Design
PrimeLogics Pvt Ltd,AI/ML Services,3.6,Finance
InteriorHive Solutions,Corporate Training,4.4,Marketing
BuildPro Pvt Ltd,Cloud Services,3.3,IT Services
CyberMatrix Group,Cloud Services,3.0,Design
MarketGenius Group,Web Development,3.3,Marketing
CyberMatrix Group,Digital Marketing,3.4,Marketing
PrimeLogics Pvt Ltd,Web Development,3.1,Education
CloudSphere Solutions,Civil Construction,4.0,Infrastructure
CloudLink Enterprises,Cloud Services,4.3,Education
FinEdge Group,Cloud Services,4.5,Marketing
InteriorHive Pvt Ltd,Digital Marketing,4.5,Education
BrightPath Group,Mobile App Development,4.7,Design
AlphaWorks Pvt Ltd,Web Development,3.9,Marketing
AlphaWorks Industries,Corporate Training,5.0,IT Services
AlphaWorks Group,AI/ML Services,3.2,Design
CoreBuild Enterprises,Interior Design,4.4,Design
CoreBuild Enterprises,Interior Design,3.9,Infrastructure
GreenLeaf Enterprises,AI/ML Services,3.7,Education
SecureNet Industries,Web Development,3.8,Design
CloudSphere Pvt Ltd,Mobile App Development,4.9,Marketing
PrimeLogics Solutions,Web Development,3.9,Infrastructure
GreenLeaf Enterprises,Cyber Security,3.7,Education
CyberMatrix Solutions,Digital Marketing,4.3,Design
InteriorHive Pvt Ltd,AI/ML Services,3.9,Design
VisionTech Group,Cyber Security,3.6,Infrastructure
SecureNet Solutions,Digital Marketing,3.6,Design
FinEdge Industries,Interior Design,4.2,Education
MarketGenius Pvt Ltd,Financial Consulting,4.3,Finance
MegaBuild Solutions,Cyber Security,4.1,Infrastructure
UrbanCraft Group,Interior Design,3.3,IT Services
TechNova Industries,Civil Construction,3.7,Marketing
FinEdge Pvt Ltd,Cyber Security,3.7,IT Services
AlphaWorks Pvt Ltd,Digital Marketing,3.5,Marketing
CloudSphere Enterprises,Mobile App Development,3.8,Marketing
CyberMatrix Solutions,Mobile App Development,4.5,Design
CloudLink Pvt Ltd,Web Development,3.5,Design
SkyHigh Enterprises,Interior Design,3.4,IT Services
TechNova Pvt Ltd,Interior Design,4.6,Finance
CyberMatrix Industries,Cloud Services,3.8,Education
SkyHigh Enterprises,Web Development,3.7,Design
AdWise Industries,Digital Marketing,4.9,Education
CoreBuild Pvt Ltd,AI/ML Services,3.3,Design
AlphaWorks Pvt Ltd,Mobile App Development,4.3,Design
MegaBuild Industries,Civil Construction,4.1,Finance
CyberMatrix Group,Cloud Services,4.4,Finance
VisionTech Enterprises,Cloud Services,4.9,IT Services
BuildPro Industries,Interior Design,3.1,Marketing
SecureNet Pvt Ltd,Corporate Training,3.8,Design
AlphaWorks Group,Interior Design,3.5,Finance
PrimeLogics Industries,Cyber Security,3.6,Education
UrbanCraft Pvt Ltd,AI/ML Services,4.2,Design
BuildPro Industries,Interior Design,3.7,Finance
NextGen Enterprises,Cloud Services,3.4,Design
InteriorHive Pvt Ltd,AI/ML Services,4.7,Infrastructure
UrbanCraft Enterprises,Cyber Security,4.5,Finance
InteriorHive Enterprises,AI/ML Services,3.7,Education
UrbanCraft Pvt Ltd,AI/ML Services,3.2,IT Services
SecureNet Enterprises,Civil Construction,3.9,Marketing
NextGen Pvt Ltd,Interior Design,4.6,Design
VisionTech Pvt Ltd,Cloud Services,3.5,Marketing
NextGen Pvt Ltd,Cloud Services,3.1,Finance
CloudSphere Solutions,Civil Construction,3.9,IT Services
CyberMatrix Pvt Ltd,Corporate Training,3.1,IT Services
SecureNet Group,Digital Marketing,3.6,Infrastructure
FinEdge Group,Civil Construction,3.5,Infrastructure
SkyHigh Pvt Ltd,Cloud Services,4.8,Education
MarketGenius Solutions,Financial Consulting,4.4,Marketing
InteriorHive Enterprises,Interior Design,3.9,Marketing
BrightPath Enterprises,Financial Consulting,4.7,Education
TechNova Solutions,Cyber Security,3.3,Education
BrightPath Pvt Ltd,Cloud Services,3.5,Infrastructure
CoreBuild Pvt Ltd,Web Development,3.3,Education
NextGen Solutions,Civil Construction,4.8,Education
CyberMatrix Industries,Mobile App Development,4.3,Infrastructure
FinEdge Solutions,Civil Construction,4.1,Marketing
TechNova Group,Corporate Training,4.7,Infrastructure
CyberMatrix Industries,Interior Design,4.7,Design
NextGen Pvt Ltd,Corporate Training,3.2,Finance
AdWise Solutions,Cyber Security,4.0,Design
SkyHigh Enterprises,Digital Marketing,3.2,Marketing
CyberMatrix Industries,Corporate Training,4.2,Design
SecureNet Industries,Corporate Training,3.4,IT Services
UrbanCraft Solutions,AI/ML Services,3.4,Infrastructure
UrbanCraft Pvt Ltd,Corporate Training,3.1,Finance
BrightPath Pvt Ltd,Digital Marketing,3.4,IT Services
VisionTech Solutions,Interior Design,5.0,Marketing
CloudSphere Group,Cyber Security,3.2,Finance
AdWise Solutions,Web Development,4.3,Marketing
AdWise Solutions,Cyber Security,3.0,IT Services
SkyHigh Industries,Mobile App Development,3.4,Finance
BrightPath Enterprises,Web Development,3.7,IT Services
BuildPro Solutions,Cloud Services,3.4,IT Services
BuildPro Industries,Mobile App Development,3.6,Marketing
SecureNet Solutions,Interior Design,4.5,IT Services
PrimeLogics Group,Financial Consulting,4.9,Infrastructure
AdWise Industries,Corporate Training,4.0,Design
BuildPro Solutions,Digital Marketing,4.7,IT Services
NextGen Industries,Civil Construction,3.6,Design
VisionTech Industries,Web Development,4.6,Marketing
MarketGenius Enterprises,Digital Marketing,4.6,IT Services
AdWise Industries,Interior Design,4.4,Infrastructure
InteriorHive Enterprises,Web Development,3.6,Marketing
CoreBuild Industries,Mobile App Development,4.2,Finance
MarketGenius Solutions,Civil Construction,3.8,Finance
PrimeLogics Pvt Ltd,Interior Design,4.4,Infrastructure
NextGen Industries,Cyber Security,4.2,Infrastructure
SkyHigh Industries,Cyber Security,4.2,Marketing
SkyHigh Pvt Ltd,Cyber Security,3.3,Finance
CloudLink Solutions,Corporate Training,3.4,Design
AdWise Group,Cyber Security,3.4,Infrastructure
NextGen Group,Cyber Security,3.3,Design
BrightPath Pvt Ltd,Mobile App Development,5.0,Marketing
UrbanCraft Industries,Financial Consulting,3.2,Finance
NextGen Group,Cloud Services,4.8,Design
SkyHigh Group,Civil Construction,5.0,Finance
CloudSphere Pvt Ltd,Cyber Security,4.9,Education
TechNova Pvt Ltd,Web Development,3.1,Marketing
CloudLink Pvt Ltd,Interior Design,4.9,Education
MarketGenius Industries,Digital Marketing,4.5,Infrastructure
PrimeLogics Enterprises,Civil Construction,4.9,Infrastructure
AdWise Group,AI/ML Services,3.3,IT Services
NextGen Group,Cyber Security,3.2,IT Services
TechNova Pvt Ltd,Mobile App Development,3.5,Infrastructure
TechNova Pvt Ltd,Web Development,3.7,Finance
GreenLeaf Industries,Civil Construction,4.9,Education
PrimeLogics Industries,Mobile App Development,4.2,Finance
CyberMatrix Industries,Civil Construction,4.5,IT Services
AlphaWorks Enterprises,Cyber Security,4.4,Finance
PrimeLogics Enterprises,Cloud Services,4.9,Education
AlphaWorks Industries,Civil Construction,3.3,Marketing
BuildPro Enterprises,Financial Consulting,3.9,Design
VisionTech Industries,Corporate Training,4.8,Marketing
GreenLeaf Group,Cloud Services,4.7,Finance
MegaBuild Industries,AI/ML Services,3.6,Education
MegaBuild Group,AI/ML Services,4.0,Education
SkyHigh Solutions,Financial Consulting,4.6,Education
CyberMatrix Solutions,AI/ML Services,4.4,Education
MarketGenius Enterprises,AI/ML Services,3.6,Finance
VisionTech Pvt Ltd,Interior Design,3.8,Marketing
CloudLink Solutions,Interior Design,4.7,Marketing
PrimeLogics Solutions,Digital Marketing,4.2,IT Services
BrightPath Group,Digital Marketing,3.6,Infrastructure
CloudLink Solutions,Corporate Training,3.3,Marketing
FinEdge Industries,Civil Construction,3.9,Infrastructure
SecureNet Enterprises,Corporate Training,4.3,Education
CyberMatrix Group,Mobile App Development,4.3,Design
UrbanCraft Group,Interior Design,4.5,Education
MegaBuild Industries,Cloud Services,4.8,Finance
PrimeLogics Solutions,Web Development,5.0,IT Services
BuildPro Group,Financial Consulting,3.6,Education
TechNova Enterprises,Corporate Training,3.5,Design
TechNova Group,Cloud Services,4.4,IT Services
BuildPro Solutions,Financial Consulting,3.1,Design
UrbanCraft Pvt Ltd,Cloud Services,4.6,Infrastructure
PrimeLogics Solutions,Corporate Training,4.4,IT Services
UrbanCraft Industries,Web Development,3.4,Infrastructure
NextGen Enterprises,Financial Consulting,4.8,Infrastructure
PrimeLogics Pvt Ltd,Digital Marketing,3.3,Infrastructure
FinEdge Pvt Ltd,Web Development,3.0,Finance
SecureNet Industries,AI/ML Services,4.3,Infrastructure
BrightPath Group,Corporate Training,3.8,Design
FinEdge Industries,Interior Design,4.8,Infrastructure
InteriorHive Industries,Digital Marketing,4.6,Education
CyberMatrix Group,Cloud Services,3.2,Finance
GreenLeaf Group,Cyber Security,4.8,IT Services
NextGen Solutions,Civil Construction,3.2,Design
UrbanCraft Solutions,AI/ML Services,3.3,Design
CoreBuild Pvt Ltd,Civil Construction,3.3,Design
MegaBuild Enterprises,Corporate Training,4.1,Finance
PrimeLogics Industries,Civil Construction,4.8,Marketing
SkyHigh Group,Financial Consulting,4.1,Marketing
BuildPro Enterprises,Financial Consulting,3.8,Marketing
VisionTech Enterprises,Cyber Security,3.7,Infrastructure
AlphaWorks Industries,Digital Marketing,4.6,Design
AdWise Pvt Ltd,Corporate Training,3.3,Marketing
VisionTech Group,Cyber Security,4.3,Education
CoreBuild Pvt Ltd,Civil Construction,3.7,Marketing
CoreBuild Industries,Interior Design,3.9,Infrastructure
UrbanCraft Industries,Cloud Services,4.5,Education
SecureNet Enterprises,Financial Consulting,3.4,Marketing
PrimeLogics Solutions,Financial Consulting,4.6,Education
FinEdge Pvt Ltd,Civil Construction,3.6,Design
VisionTech Industries,Cloud Services,3.2,IT Services
CloudLink Pvt Ltd,Cloud Services,4.7,IT Services
GreenLeaf Industries,Cloud Services,4.2,Marketing
CloudLink Industries,Mobile App Development,3.9,Education
GreenLeaf Industries,Interior Design,4.4,Education
NextGen Pvt Ltd,AI/ML Services,4.5,Design
CoreBuild Pvt Ltd,Web Development,4.9,Design
CoreBuild Enterprises,Interior Design,4.6,Finance
SecureNet Industries,Cyber Security,4.0,Education
BuildPro Group,Digital Marketing,4.6,Design
CloudLink Industries,Digital Marketing,4.5,Marketing
InteriorHive Group,Cyber Security,4.6,Design
MarketGenius Group,Cloud Services,3.6,Education
MarketGenius Industries,Web Development,4.7,IT Services
CyberMatrix Solutions,Corporate Training,5.0,Education
FinEdge Enterprises,Civil Construction,3.6,Design
CoreBuild Group,Civil Construction,4.1,IT Services
SkyHigh Solutions,Mobile App Development,4.8,Marketing
FinEdge Group,Web Development,4.4,IT Services
BrightPath Industries,Web Development,3.4,IT Services
FinEdge Pvt Ltd,Civil Construction,3.5,Marketing
CyberMatrix Industries,Mobile App Development,5.0,Education
MegaBuild Group,Corporate Training,3.2,IT Services
VisionTech Industries,Cloud Services,4.7,Finance
BuildPro Group,Cyber Security,3.1,Marketing
MegaBuild Pvt Ltd,Cyber Security,4.4,Design
AdWise Group,Cyber Security,3.2,IT Services
MegaBuild Enterprises,Mobile App Development,3.0,Marketing
SkyHigh Industries,AI/ML Services,3.1,Design
AdWise Industries,AI/ML Services,3.9,Design
MegaBuild Enterprises,Cloud Services,3.4,Finance
TechNova Pvt Ltd,Financial Consulting,4.8,Design
CoreBuild Pvt Ltd,Interior Design,3.3,Design
MarketGenius Group,Mobile App Development,3.3,Design
SecureNet Solutions,Interior Design,4.7,Infrastructure
CoreBuild Industries,Digital Marketing,4.2,Design
NextGen Pvt Ltd,Web Development,3.5,Education
CloudSphere Enterprises,Interior Design,3.4,Finance
CyberMatrix Solutions,Web Development,3.7,Infrastructure
MegaBuild Pvt Ltd,Web Development,4.2,IT Services
InteriorHive Industries,Civil Construction,4.6,Design
UrbanCraft Pvt Ltd,Cloud Services,4.9,IT Services
InteriorHive Enterprises,AI/ML Services,4.2,Marketing
InteriorHive Pvt Ltd,Financial Consulting,4.3,Infrastructure
MarketGenius Enterprises,Corporate Training,3.6,Design
FinEdge Enterprises,Civil Construction,3.0,IT Services
CyberMatrix Pvt Ltd,Financial Consulting,4.8,Marketing
SecureNet Enterprises,Civil Construction,4.6,Finance
UrbanCraft Enterprises,Web Development,4.8,Infrastructure
TechNova Solutions,Cyber Security,4.3,Marketing
MegaBuild Industries,Web Development,3.8,Infrastructure
MegaBuild Solutions,Civil Construction,3.9,Design
CyberMatrix Industries,Financial Consulting,4.9,IT Services
SkyHigh Industries,AI/ML Services,3.0,Marketing
NextGen Solutions,Digital Marketing,4.7,Marketing
CloudSphere Industries,Digital Marketing,4.2,Infrastructure
NextGen Solutions,Web Development,4.6,Marketing
AlphaWorks Industries,Corporate Training,5.0,Marketing
AdWise Enterprises,Digital Marketing,3.3,Finance
BuildPro Enterprises,Mobile App Development,4.9,IT Services
SkyHigh Pvt Ltd,Civil Construction,3.1,Education
NextGen Enterprises,Corporate Training,3.6,Finance
SkyHigh Group,Financial Consulting,4.9,Education
GreenLeaf Pvt Ltd,Financial Consulting,4.7,Finance
InteriorHive Solutions,Cyber Security,4.1,Education
UrbanCraft Pvt Ltd,AI/ML Services,3.8,Design
CloudSphere Industries,Corporate Training,3.9,Marketing
InteriorHive Pvt Ltd,AI/ML Services,3.4,Design
NextGen Solutions,Mobile App Development,4.0,IT Services
NextGen Pvt Ltd,Cloud Services,4.0,Education
MarketGenius Pvt Ltd,AI/ML Services,3.3,Design
BrightPath Pvt Ltd,Digital Marketing,4.1,Finance
NextGen Solutions,Interior Design,3.9,Marketing
CloudSphere Group,Cyber Security,3.7,Education
AlphaWorks Pvt Ltd,Cyber Security,3.0,Infrastructure
MegaBuild Solutions,Civil Construction,3.8,Infrastructure
SkyHigh Industries,Mobile App Development,3.9,Education
CyberMatrix Solutions,Mobile App Development,4.0,Design
CloudSphere Group,Web Development,3.1,Design
NextGen Group,Financial Consulting,3.4,Design
TechNova Pvt Ltd,Interior Design,4.1,Finance
CoreBuild Enterprises,Cyber Security,4.7,Finance
VisionTech Pvt Ltd,Cloud Services,3.1,Design
VisionTech Enterprises,Digital Marketing,3.5,Education
CloudSphere Enterprises,Cloud Services,3.2,Finance
GreenLeaf Industries,Cyber Security,4.5,Design
MarketGenius Solutions,Financial Consulting,3.1,Design
UrbanCraft Enterprises,Interior Design,3.3,Finance
BrightPath Solutions,Financial Consulting,3.9,IT Services
UrbanCraft Solutions,Interior Design,3.3,Marketing
CloudLink Enterprises,Web Development,3.1,Design
InteriorHive Pvt Ltd,AI/ML Services,4.2,Infrastructure
CyberMatrix Pvt Ltd,Cyber Security,3.1,Finance
PrimeLogics Solutions,AI/ML Services,3.8,IT Services
InteriorHive Pvt Ltd,Cyber Security,4.2,Infrastructure
AlphaWorks Industries,Civil Construction,4.5,Finance
BuildPro Solutions,Civil Construction,4.9,IT Services
CloudSphere Group,Civil Construction,4.8,Finance
TechNova Solutions,Civil Construction,4.8,Education
AlphaWorks Solutions,Web Development,4.0,Infrastructure
FinEdge Industries,Cloud Services,4.9,Marketing
NextGen Group,Corporate Training,4.5,Infrastructure
UrbanCraft Solutions,Cloud Services,5.0,Infrastructure
PrimeLogics Solutions,Digital Marketing,4.5,Finance
MegaBuild Pvt Ltd,Financial Consulting,3.7,Finance
AdWise Enterprises,Civil Construction,4.1,IT Services
UrbanCraft Solutions,Civil Construction,3.7,Marketing
PrimeLogics Group,Financial Consulting,3.6,Design
SkyHigh Group,Cloud Services,4.9,Marketing
CyberMatrix Solutions,Interior Design,4.3,Marketing
TechNova Enterprises,Corporate Training,3.1,Infrastructure
MegaBuild Enterprises,Mobile App Development,3.8,Education
AdWise Solutions,Mobile App Development,3.8,Marketing
CoreBuild Solutions,Financial Consulting,4.1,Infrastructure
CloudLink Industries,AI/ML Services,3.7,IT Services
CoreBuild Industries,Mobile App Development,3.8,Finance
FinEdge Group,Cloud Services,3.0,Education
CloudLink Enterprises,Civil Construction,4.6,IT Services
UrbanCraft Pvt Ltd,Cloud Services,3.4,Education
AlphaWorks Group,Corporate Training,3.4,Education
TechNova Group,Corporate Training,4.2,Infrastructure
AdWise Pvt Ltd,Web Development,3.2,Design
SecureNet Industries,Interior Design,3.4,IT Services
BrightPath Group,AI/ML Services,3.6,Marketing
BuildPro Enterprises,AI/ML Services,3.1,Finance
BrightPath Enterprises,Financial Consulting,4.6,IT Services
FinEdge Solutions,Cyber Security,3.9,IT Services
UrbanCraft Pvt Ltd,Cyber Security,4.2,Finance
CloudSphere Group,Financial Consulting,3.5,Education
SecureNet Group,AI/ML Services,3.9,IT Services
CloudSphere Pvt Ltd,AI/ML Services,4.1,Finance
FinEdge Solutions,Interior Design,3.2,Infrastructure
BrightPath Enterprises,Corporate Training,4.6,Finance
VisionTech Solutions,Cloud Services,3.5,Infrastructure
CoreBuild Solutions,AI/ML Services,3.7,Design
MegaBuild Industries,Web Development,3.6,IT Services
MegaBuild Pvt Ltd,Cloud Services,3.2,IT Services
AdWise Industries,AI/ML Services,3.6,IT Services
NextGen Group,Corporate Training,4.6,Finance
BuildPro Enterprises,Financial Consulting,3.1,Finance
GreenLeaf Pvt Ltd,Financial Consulting,3.0,IT Services
TechNova Pvt Ltd,AI/ML Services,4.1,Marketing
PrimeLogics Solutions,Web Development,4.7,Design
BuildPro Enterprises,Cyber Security,3.1,IT Services
TechNova Solutions,Civil Construction,3.4,Finance
SecureNet Solutions,AI/ML Services,3.7,Design
TechNova Pvt Ltd,Cyber Security,4.1,Infrastructure
CloudSphere Solutions,Cloud Services,4.7,Design
BuildPro Pvt Ltd,Cyber Security,4.5,Education
GreenLeaf Pvt Ltd,Civil Construction,3.7,Infrastructure
GreenLeaf Group,Web Development,3.5,Marketing
GreenLeaf Group,Web Development,4.4,Infrastructure
CloudSphere Industries,Mobile App Development,4.3,IT Services
FinEdge Pvt Ltd,AI/ML Services,4.8,Infrastructure
FinEdge Solutions,Digital Marketing,4.8,Marketing
GreenLeaf Enterprises,Cloud Services,4.9,IT Services
CloudSphere Solutions,Cloud Services,3.7,IT Services
GreenLeaf Solutions,Web Development,3.1,Finance
TechNova Enterprises,Cyber Security,3.4,Design
SecureNet Group,Corporate Training,3.4,Finance
CyberMatrix Pvt Ltd,Civil Construction,3.0,Education
CloudLink Industries,Interior Design,3.6,Finance
FinEdge Solutions,Cyber Security,4.3,IT Services
PrimeLogics Enterprises,Digital Marketing,4.9,Education
AlphaWorks Group,Corporate Training,3.7,Infrastructure
CloudSphere Group,Interior Design,4.1,IT Services
CloudSphere Industries,Interior Design,4.7,Education
BrightPath Industries,Digital Marketing,4.2,Education
MarketGenius Solutions,Digital Marketing,3.5,Infrastructure
CyberMatrix Solutions,Mobile App Development,3.8,Marketing
PrimeLogics Solutions,Digital Marketing,3.8,Marketing
VisionTech Enterprises,Digital Marketing,4.8,Finance
TechNova Solutions,Financial Consulting,4.5,Design
SecureNet Group,Financial Consulting,4.8,Marketing
CoreBuild Industries,Civil Construction,3.9,Marketing
MegaBuild Group,Financial Consulting,4.9,IT Services
BuildPro Industries,Cloud Services,4.7,Marketing
FinEdge Pvt Ltd,Financial Consulting,4.0,Finance
MarketGenius Group,Cloud Services,4.6,IT Services
BuildPro Industries,Cloud Services,4.2,IT Services
CoreBuild Industries,Web Development,3.9,Finance
SecureNet Solutions,AI/ML Services,3.6,Marketing
UrbanCraft Solutions,Civil Construction,5.0,Education
CloudLink Pvt Ltd,Interior Design,4.4,Education
AlphaWorks Industries,Cloud Services,4.2,IT Services
FinEdge Industries,Cyber Security,3.4,Finance
PrimeLogics Pvt Ltd,AI/ML Services,5.0,IT Services
AlphaWorks Solutions,Cloud Services,3.2,Design
CloudLink Industries,Interior Design,4.0,Finance
BrightPath Industries,Web Development,3.2,Finance
FinEdge Group,Cyber Security,4.8,Finance
BrightPath Enterprises,Mobile App Development,4.4,Marketing
NextGen Group,Web Development,4.1,Marketing
MarketGenius Group,Corporate Training,3.8,Education
InteriorHive Group,Interior Design,4.5,Finance
PrimeLogics Industries,Interior Design,4.6,Finance
MegaBuild Solutions,Corporate Training,5.0,IT Services
NextGen Group,Cloud Services,3.9,Finance
FinEdge Enterprises,Financial Consulting,4.0,Finance
VisionTech Enterprises,AI/ML Services,4.1,Education
AdWise Group,Civil Construction,4.5,Design
NextGen Industries,Financial Consulting,4.6,Education
NextGen Enterprises,Digital Marketing,3.1,IT Services
PrimeLogics Solutions,Cloud Services,4.4,Finance
PrimeLogics Solutions,Digital Marketing,4.2,Marketing
BrightPath Solutions,Interior Design,3.5,Marketing
GreenLeaf Group,Mobile App Development,4.4,Finance
CloudLink Solutions,Interior Design,4.2,Infrastructure
CoreBuild Group,Financial Consulting,4.4,Marketing
MegaBuild Industries,Corporate Training,3.8,Marketing
AdWise Group,Civil Construction,3.5,IT Services
SecureNet Solutions,Digital Marketing,3.8,Education
CyberMatrix Group,Cyber Security,3.9,Infrastructure
MegaBuild Industries,Cloud Services,4.3,Finance
UrbanCraft Group,Web Development,4.7,Finance
MarketGenius Pvt Ltd,Digital Marketing,4.0,Infrastructure
MegaBuild Enterprises,Cloud Services,3.9,Education
GreenLeaf Solutions,Civil Construction,3.6,Infrastructure
InteriorHive Pvt Ltd,Civil Construction,3.8,IT Services
AdWise Industries,Interior Design,3.9,Design
PrimeLogics Solutions,Cyber Security,3.2,Education
CyberMatrix Pvt Ltd,Interior Design,3.0,Education
AlphaWorks Group,Corporate Training,4.1,Marketing
GreenLeaf Enterprises,Interior Design,3.1,Infrastructure
UrbanCraft Pvt Ltd,Civil Construction,3.7,IT Services
TechNova Solutions,Cyber Security,4.1,Finance
SkyHigh Enterprises,Web Development,3.9,Education
PrimeLogics Pvt Ltd,Web Development,4.1,Infrastructure
GreenLeaf Enterprises,Digital Marketing,3.0,Finance
NextGen Pvt Ltd,Cyber Security,4.6,Marketing
VisionTech Enterprises,Cyber Security,4.2,Design
FinEdge Group,Cloud Services,4.3,Finance
GreenLeaf Group,Cyber Security,4.8,Marketing
InteriorHive Pvt Ltd,Cyber Security,4.0,Marketing
MarketGenius Group,Interior Design,3.2,Infrastructure
MarketGenius Solutions,Financial Consulting,4.7,Education
SkyHigh Industries,Cloud Services,4.7,Infrastructure
BuildPro Industries,Financial Consulting,4.0,Design
PrimeLogics Group,Cyber Security,3.4,Design
CloudSphere Pvt Ltd,Interior Design,3.2,Finance
UrbanCraft Solutions,Interior Design,4.0,Education
CoreBuild Industries,Interior Design,3.4,Infrastructure
NextGen Group,Corporate Training,4.3,Marketing
TechNova Enterprises,Interior Design,4.3,IT Services
GreenLeaf Group,AI/ML Services,3.8,Infrastructure
FinEdge Industries,Cyber Security,3.2,Design
FinEdge Pvt Ltd,Civil Construction,3.1,Design
UrbanCraft Group,Mobile App Development,4.6,Finance
TechNova Pvt Ltd,Cloud Services,5.0,Infrastructure
InteriorHive Pvt Ltd,Civil Construction,4.2,Marketing
BuildPro Industries,Financial Consulting,3.6,Finance
AlphaWorks Industries,AI/ML Services,3.5,Education
SkyHigh Group,Cyber Security,3.2,Design
SecureNet Group,Corporate Training,3.1,Marketing
CyberMatrix Industries,Corporate Training,4.9,Education
SkyHigh Solutions,Digital Marketing,4.5,Marketing
CoreBuild Pvt Ltd,Web Development,3.9,Infrastructure
CloudSphere Solutions,Civil Construction,3.6,Infrastructure
FinEdge Industries,Web Development,5.0,Design
AlphaWorks Solutions,Corporate Training,3.1,IT Services
FinEdge Group,Digital Marketing,3.6,Infrastructure
CloudLink Enterprises,Digital Marketing,3.4,Education
PrimeLogics Pvt Ltd,Interior Design,3.3,IT Services
MarketGenius Pvt Ltd,Corporate Training,5.0,IT Services
BuildPro Pvt Ltd,Web Development,3.2,Marketing
CoreBuild Enterprises,Civil Construction,3.4,Marketing
CloudSphere Enterprises,Financial Consulting,3.5,Marketing
VisionTech Enterprises,Digital Marketing,4.5,Marketing
AlphaWorks Pvt Ltd,AI/ML Services,5.0,Design
CloudSphere Enterprises,Financial Consulting,4.4,IT Services
InteriorHive Industries,Financial Consulting,3.4,Marketing
AdWise Industries,Cloud Services,4.5,Marketing
CoreBuild Group,Digital Marketing,3.2,Finance
VisionTech Solutions,Interior Design,4.4,Finance
CloudSphere Enterprises,Cyber Security,4.0,Infrastructure
MarketGenius Group,Civil Construction,4.1,Design
MegaBuild Solutions,Interior Design,3.5,Education
VisionTech Group,AI/ML Services,4.9,Marketing
InteriorHive Group,Cyber Security,4.5,Infrastructure
CloudSphere Pvt Ltd,Digital Marketing,4.8,Design
AdWise Pvt Ltd,Financial Consulting,3.8,Infrastructure
InteriorHive Industries,Civil Construction,3.6,Infrastructure
FinEdge Group,Cyber Security,4.1,Design
UrbanCraft Industries,Interior Design,4.1,Design
InteriorHive Pvt Ltd,Digital Marketing,4.9,IT Services
UrbanCraft Industries,Mobile App Development,3.3,Finance
BuildPro Industries,Civil Construction,3.8,Finance
NextGen Solutions,Digital Marketing,3.4,Design
CyberMatrix Pvt Ltd,Financial Consulting,3.4,IT Services
PrimeLogics Pvt Ltd,Cloud Services,3.7,Design
TechNova Pvt Ltd,Financial Consulting,4.3,Design
InteriorHive Industries,Cloud Services,3.6,Education
TechNova Industries,Cyber Security,3.5,Marketing
NextGen Group,Cloud Services,3.6,Marketing
UrbanCraft Pvt Ltd,Cloud Services,4.9,Marketing
GreenLeaf Group,Financial Consulting,4.6,Infrastructure
SecureNet Industries,Interior Design,4.1,Design
AlphaWorks Group,Interior Design,3.5,Education
VisionTech Pvt Ltd,Cyber Security,3.4,IT Services
InteriorHive Pvt Ltd,Mobile App Development,4.7,IT Services
AdWise Pvt Ltd,Digital Marketing,3.5,Education
BuildPro Solutions,Web Development,4.3,Infrastructure
MarketGenius Enterprises,Corporate Training,3.1,Design
BuildPro Solutions,Web Development,4.3,Marketing
BrightPath Pvt Ltd,AI/ML Services,4.4,Design
MarketGenius Enterprises,Financial Consulting,3.3,Marketing
CyberMatrix Enterprises,Digital Marketing,3.6,Education
AdWise Group,Interior Design,3.4,Education
PrimeLogics Industries,Cyber Security,5.0,Marketing
MarketGenius Solutions,Mobile App Development,5.0,Design
FinEdge Industries,Mobile App Development,4.2,Marketing
SkyHigh Industries,Financial Consulting,3.4,IT Services
InteriorHive Solutions,AI/ML Services,3.6,Design
SecureNet Enterprises,Civil Construction,4.1,Finance
CloudSphere Industries,Cloud Services,3.5,Finance
CyberMatrix Solutions,Civil Construction,4.9,Finance
CloudSphere Industries,Web Development,5.0,Marketing
GreenLeaf Enterprises,Cyber Security,3.6,IT Services
CyberMatrix Pvt Ltd,Civil Construction,4.5,IT Services
SecureNet Enterprises,Cyber Security,3.9,Finance
MegaBuild Industries,Web Development,3.9,Finance
VisionTech Group,Web Development,3.9,Marketing
SecureNet Solutions,Interior Design,4.3,Finance
NextGen Enterprises,Corporate Training,3.1,Finance
AdWise Enterprises,Financial Consulting,4.5,Marketing
SkyHigh Solutions,AI/ML Services,4.7,Infrastructure
CyberMatrix Pvt Ltd,Mobile App Development,3.3,Design
NextGen Enterprises,Cyber Security,4.8,Finance
CoreBuild Enterprises,Cloud Services,4.6,Infrastructure
GreenLeaf Group,Interior Design,4.0,Education
MegaBuild Solutions,Cloud Services,4.7,IT Services
BuildPro Solutions,Digital Marketing,4.5,Finance
FinEdge Group,Corporate Training,4.1,IT Services
BuildPro Enterprises,Corporate Training,3.9,Marketing
AlphaWorks Enterprises,AI/ML Services,4.4,Infrastructure
SecureNet Industries,Web Development,3.2,Marketing
TechNova Enterprises,Cloud Services,4.5,Education
CyberMatrix Industries,Civil Construction,4.2,Infrastructure
CoreBuild Enterprises,Mobile App Development,4.8,Infrastructure
BrightPath Pvt Ltd,Interior Design,4.1,Design
SkyHigh Solutions,Civil Construction,4.1,Education
VisionTech Pvt Ltd,Civil Construction,3.1,Education
MarketGenius Pvt Ltd,Interior Design,4.5,Education
InteriorHive Solutions,AI/ML Services,4.4,Infrastructure
MegaBuild Solutions,Mobile App Development,4.5,Education
CloudSphere Group,Civil Construction,3.3,Infrastructure
InteriorHive Enterprises,Cyber Security,4.7,Design
AlphaWorks Group,Digital Marketing,3.7,IT Services
MarketGenius Group,Web Development,5.0,IT Services
TechNova Solutions,AI/ML Services,3.8,Finance
GreenLeaf Solutions,Financial Consulting,3.1,Infrastructure
SecureNet Pvt Ltd,Cyber Security,4.9,Infrastructure
FinEdge Industries,Financial Consulting,3.5,Finance
MegaBuild Industries,Corporate Training,3.5,Infrastructure
TechNova Group,Cyber Security,3.8,Finance
MarketGenius Industries,Digital Marketing,3.7,IT Services
BuildPro Solutions,Financial Consulting,3.3,Education
AlphaWorks Pvt Ltd,Interior Design,3.6,Marketing
SecureNet Pvt Ltd,AI/ML Services,3.9,IT Services
CyberMatrix Group,AI/ML Services,3.6,Design
SkyHigh Pvt Ltd,Cloud Services,3.4,Education
UrbanCraft Group,Interior Design,4.6,IT Services
NextGen Pvt Ltd,Interior Design,3.7,Finance
SecureNet Industries,Interior Design,3.5,Design
SkyHigh Industries,Web Development,3.0,Finance
NextGen Enterprises,Digital Marketing,3.4,Finance
InteriorHive Solutions,Cyber Security,4.5,Finance
AdWise Solutions,Civil Construction,4.1,IT Services
MegaBuild Industries,Web Development,3.7,Design
CloudLink Pvt Ltd,Mobile App Development,3.7,Design
FinEdge Industries,Cloud Services,3.5,Marketing
MegaBuild Enterprises,Cyber Security,4.4,IT Services
AdWise Solutions,Mobile App Development,4.3,Design
CoreBuild Group,Cloud Services,3.8,IT Services
BrightPath Enterprises,Cloud Services,3.5,Education
CloudLink Industries,Interior Design,4.5,Education
SkyHigh Pvt Ltd,Civil Construction,4.4,Finance
CyberMatrix Group,AI/ML Services,4.4,Infrastructure
TechNova Pvt Ltd,Civil Construction,3.9,Design
SkyHigh Group,Cyber Security,3.9,Education
UrbanCraft Industries,Cyber Security,4.6,Marketing
CoreBuild Industries,AI/ML Services,4.3,Design
UrbanCraft Industries,Cloud Services,4.6,IT Services
FinEdge Group,AI/ML Services,4.1,IT Services
BuildPro Pvt Ltd,Cyber Security,3.6,Education
CloudLink Group,Web Development,5.0,Education
CloudLink Enterprises,Interior Design,3.8,Design
SecureNet Industries,AI/ML Services,4.1,Finance
SkyHigh Solutions,Digital Marketing,3.3,Infrastructure
MarketGenius Group,Financial Consulting,3.5,Infrastructure
PrimeLogics Enterprises,Financial Consulting,3.1,Finance
BrightPath Group,Financial Consulting,4.6,Design
NextGen Enterprises,Financial Consulting,3.6,Education
SkyHigh Solutions,Web Development,4.1,Infrastructure
VisionTech Pvt Ltd,Digital Marketing,4.3,Education
TechNova Solutions,AI/ML Services,3.6,Design
PrimeLogics Enterprises,AI/ML Services,4.8,Marketing
BrightPath Enterprises,Financial Consulting,4.1,IT Services
BrightPath Industries,Digital Marketing,3.8,Education
NextGen Solutions,Web Development,4.9,Education
AdWise Pvt Ltd,Civil Construction,3.8,Marketing
InteriorHive Industries,Mobile App Development,3.1,Design
BuildPro Enterprises,Cloud Services,3.6,Marketing
CloudLink Enterprises,Cyber Security,4.5,Design
GreenLeaf Pvt Ltd,Civil Construction,3.3,Design
GreenLeaf Industries,Mobile App Development,5.0,Infrastructure
GreenLeaf Solutions,Civil Construction,4.3,Finance
PrimeLogics Solutions,Web Development,4.2,Design
TechNova Solutions,Cyber Security,4.6,Education
VisionTech Solutions,Cloud Services,3.6,Finance
MegaBuild Industries,Civil Construction,4.7,Marketing
SecureNet Enterprises,Web Development,4.0,Education
CloudSphere Pvt Ltd,Cloud Services,4.1,Marketing
GreenLeaf Enterprises,Digital Marketing,3.5,Education
CloudSphere Solutions,Cloud Services,4.2,Design
FinEdge Group,Cloud Services,4.8,Education
UrbanCraft Pvt Ltd,Web Development,4.9,Infrastructure
TechNova Pvt Ltd,Civil Construction,4.7,Infrastructure
BrightPath Pvt Ltd,Cloud Services,4.0,Finance
CyberMatrix Solutions,Civil Construction,4.1,IT Services
CloudLink Industries,Civil Construction,3.4,Design
PrimeLogics Solutions,Web Development,3.2,Marketing
SkyHigh Industries,Civil Construction,3.5,Infrastructure
TechNova Group,Web Development,3.4,IT Services
MegaBuild Enterprises,Interior Design,4.6,Education
FinEdge Pvt Ltd,AI/ML Services,4.3,Infrastructure
AdWise Enterprises,Mobile App Development,4.6,IT Services
FinEdge Solutions,Digital Marketing,4.3,Marketing
CloudLink Group,Web Development,4.1,Finance
FinEdge Group,Web Development,4.1,Infrastructure
AlphaWorks Solutions,Cloud Services,3.7,Education
MarketGenius Group,AI/ML Services,4.1,Finance
CloudLink Industries,Interior Design,3.1,Finance
PrimeLogics Solutions,Interior Design,5.0,Finance
AdWise Solutions,Interior Design,4.1,Infrastructure
TechNova Solutions,Interior Design,4.3,Education
BuildPro Group,Interior Design,3.9,Infrastructure
AlphaWorks Solutions,Digital Marketing,3.6,Design
TechNova Group,Digital Marketing,4.5,Design
AdWise Pvt Ltd,Web Development,4.9,Infrastructure
FinEdge Solutions,Corporate Training,3.1,Education
MarketGenius Pvt Ltd,Mobile App Development,3.9,Infrastructure
CyberMatrix Solutions,Mobile App Development,3.3,Marketing
PrimeLogics Solutions,Digital Marketing,3.3,Infrastructure
CoreBuild Group,Financial Consulting,3.1,Design
FinEdge Pvt Ltd,Cyber Security,4.9,Education
UrbanCraft Industries,Digital Marketing,3.6,Education
CyberMatrix Pvt Ltd,Financial Consulting,4.0,Infrastructure
TechNova Group,Mobile App Development,3.7,IT Services
AlphaWorks Solutions,Mobile App Development,3.4,Design
SecureNet Group,Civil Construction,4.5,IT Services
UrbanCraft Group,Cyber Security,4.3,Education
TechNova Industries,AI/ML Services,3.3,Finance
CloudLink Group,Interior Design,3.8,Finance
PrimeLogics Industries,Interior Design,4.1,Finance
GreenLeaf Industries,AI/ML Services,4.5,Infrastructure
AlphaWorks Enterprises,Civil Construction,3.9,IT Services
NextGen Group,Cloud Services,3.4,Finance
AlphaWorks Group,Corporate Training,4.7,Finance
UrbanCraft Pvt Ltd,Digital Marketing,4.0,IT Services
SkyHigh Group,Interior Design,4.1,Finance
PrimeLogics Pvt Ltd,Corporate Training,3.5,Design
VisionTech Industries,Mobile App Development,4.9,Design
SkyHigh Solutions,Cloud Services,3.3,Design
CloudSphere Industries,AI/ML Services,4.7,Infrastructure
UrbanCraft Solutions,Financial Consulting,3.3,Design
GreenLeaf Enterprises,Digital Marketing,4.7,Infrastructure
NextGen Solutions,Cyber Security,3.8,Infrastructure
NextGen Solutions,Financial Consulting,4.8,Design
SecureNet Industries,Cyber Security,4.9,Marketing
NextGen Group,Cyber Security,4.5,IT Services
NextGen Solutions,Interior Design,3.1,Infrastructure
VisionTech Group,Digital Marketing,4.2,Education
VisionTech Enterprises,Web Development,4.4,IT Services
NextGen Industries,Mobile App Development,4.5,Design
BuildPro Solutions,AI/ML Services,4.4,Marketing
CyberMatrix Solutions,Corporate Training,4.5,IT Services
NextGen Industries,Cloud Services,3.3,Infrastructure
CyberMatrix Industries,Cloud Services,4.8,Marketing
SkyHigh Pvt Ltd,Civil Construction,4.1,Marketing
CoreBuild Pvt Ltd,Corporate Training,4.8,Finance
CloudSphere Enterprises,Cyber Security,4.6,Education
PrimeLogics Enterprises,Cloud Services,3.0,Finance
BrightPath Pvt Ltd,AI/ML Services,4.6,Finance
CloudSphere Pvt Ltd,Mobile App Development,4.2,Finance
NextGen Industries,Mobile App Development,4.4,Infrastructure
UrbanCraft Industries,Corporate Training,3.2,Education
MegaBuild Solutions,Cyber Security,3.3,Marketing
UrbanCraft Group,Interior Design,4.8,Infrastructure
BrightPath Pvt Ltd,Mobile App Development,4.9,Education
GreenLeaf Solutions,Civil Construction,4.0,Marketing
AdWise Group,Cloud Services,4.8,Design
CloudSphere Group,Cloud Services,4.3,IT Services
MarketGenius Pvt Ltd,Cyber Security,5.0,Finance
SkyHigh Enterprises,Digital Marketing,3.0,Education
UrbanCraft Solutions,Financial Consulting,3.8,Finance
AdWise Group,Cloud Services,3.8,Infrastructure
BuildPro Solutions,Interior Design,4.8,Finance
NextGen Industries,Cyber Security,3.6,Education
TechNova Enterprises,Cloud Services,5.0,Infrastructure
TechNova Solutions,Web Development,4.7,IT Services
CloudLink Group,Interior Design,3.6,Design
FinEdge Enterprises,Interior Design,4.9,Infrastructure
VisionTech Solutions,Financial Consulting,5.0,Design
InteriorHive Enterprises,AI/ML Services,3.3,Marketing
NextGen Group,Digital Marketing,3.6,Marketing
CloudLink Solutions,Cyber Security,4.4,Design
CloudLink Solutions,Mobile App Development,3.2,IT Services
VisionTech Enterprises,Cloud Services,3.3,Finance
InteriorHive Pvt Ltd,Cloud Services,3.6,Infrastructure
CloudLink Industries,AI/ML Services,4.4,Education
SecureNet Industries,Financial Consulting,3.8,Design
AlphaWorks Enterprises,AI/ML Services,3.2,Education
AdWise Solutions,AI/ML Services,3.6,Design
CoreBuild Enterprises,Web Development,4.6,Design
CoreBuild Group,Interior Design,3.2,Infrastructure
BrightPath Solutions,Cloud Services,4.3,Design
AdWise Pvt Ltd,Web Development,3.4,Education
MarketGenius Pvt Ltd,Cyber Security,3.9,Marketing
VisionTech Industries,Civil Construction,3.7,Education
UrbanCraft Group,Mobile App Development,4.4,Design
SkyHigh Group,Interior Design,3.5,Finance
AlphaWorks Pvt Ltd,Cyber Security,3.6,Education
AlphaWorks Group,Interior Design,3.9,IT Services
MarketGenius Pvt Ltd,Cyber Security,3.4,IT Services
CloudSphere Pvt Ltd,Digital Marketing,3.3,Infrastructure
SkyHigh Group,Mobile App Development,4.8,Marketing
CoreBuild Enterprises,Web Development,4.5,Infrastructure
BuildPro Pvt Ltd,Digital Marketing,3.4,Finance
SecureNet Group,Civil Construction,3.4,IT Services
TechNova Industries,Corporate Training,3.7,Infrastructure
UrbanCraft Pvt Ltd,Cloud Services,4.4,Infrastructure
MarketGenius Solutions,Cloud Services,3.5,Finance
AlphaWorks Group,Corporate Training,4.4,Marketing
NextGen Group,Cyber Security,3.5,Education
MarketGenius Group,Digital Marketing,4.8,Design
MegaBuild Enterprises,Corporate Training,4.7,Infrastructure
BrightPath Pvt Ltd,Corporate Training,4.2,Education
CyberMatrix Pvt Ltd,Cloud Services,3.6,Education
MarketGenius Pvt Ltd,Financial Consulting,4.6,Infrastructure
UrbanCraft Group,Corporate Training,3.8,Design
GreenLeaf Industries,Financial Consulting,4.8,IT Services
MegaBuild Group,Financial Consulting,4.7,Design
SkyHigh Enterprises,Web Development,5.0,Infrastructure
InteriorHive Pvt Ltd,Corporate Training,3.2,Education
AdWise Group,Cyber Security,4.1,Education
SecureNet Solutions,Financial Consulting,4.3,Marketing
UrbanCraft Solutions,Digital Marketing,3.6,Infrastructure
CoreBuild Enterprises,Cyber Security,3.8,Finance
CoreBuild Pvt Ltd,Corporate Training,4.1,Design
AdWise Solutions,Financial Consulting,4.4,Marketing
VisionTech Industries,AI/ML Services,4.7,Marketing
UrbanCraft Solutions,Cyber Security,3.1,Infrastructure
MarketGenius Pvt Ltd,Digital Marketing,4.8,Education
CoreBuild Pvt Ltd,AI/ML Services,3.3,Education
SkyHigh Enterprises,Financial Consulting,3.1,IT Services
SkyHigh Industries,Digital Marketing,3.1,Education
NextGen Industries,Mobile App Development,3.8,IT Services
CoreBuild Pvt Ltd,Mobile App Development,4.1,Marketing
FinEdge Enterprises,Web Development,4.5,IT Services
MarketGenius Enterprises,Financial Consulting,4.6,IT Services
FinEdge Enterprises,Digital Marketing,3.2,IT Services
FinEdge Solutions,Digital Marketing,4.6,Finance
VisionTech Industries,Web Development,3.8,Design
CloudLink Pvt Ltd,Interior Design,4.5,Infrastructure
FinEdge Solutions,Financial Consulting,4.8,IT Services
InteriorHive Group,Digital Marketing,3.9,IT Services
UrbanCraft Pvt Ltd,Cyber Security,4.2,Education
CloudLink Group,AI/ML Services,3.7,Finance
FinEdge Enterprises,Cloud Services,3.9,Finance
SkyHigh Pvt Ltd,Cloud Services,3.8,IT Services
GreenLeaf Enterprises,Corporate Training,4.2,IT Services
MegaBuild Solutions,Civil Construction,3.4,Finance
TechNova Group,Mobile App Development,3.4,Infrastructure
AdWise Group,Cloud Services,3.6,IT Services
CyberMatrix Enterprises,Cyber Security,3.8,Infrastructure
CoreBuild Solutions,Civil Construction,4.4,Education
InteriorHive Industries,Cyber Security,3.2,Marketing
InteriorHive Enterprises,AI/ML Services,3.1,IT Services
CloudLink Group,Web Development,4.6,Education
VisionTech Solutions,AI/ML Services,4.8,Education
AdWise Group,Mobile App Development,3.4,Education
FinEdge Pvt Ltd,Interior Design,4.3,Infrastructure
VisionTech Group,Web Development,4.3,Education
MegaBuild Group,Financial Consulting,4.1,Marketing
SecureNet Solutions,Cyber Security,4.8,Infrastructure
GreenLeaf Group,Mobile App Development,4.1,Finance
GreenLeaf Industries,Digital Marketing,3.6,Finance
BrightPath Pvt Ltd,Mobile App Development,3.2,Infrastructure
CloudLink Pvt Ltd,Digital Marketing,3.9,Infrastructure
TechNova Group,AI/ML Services,3.5,Education
CoreBuild Industries,Interior Design,4.6,Education
InteriorHive Solutions,Mobile App Development,3.9,Education
CloudSphere Group,Web Development,4.8,Infrastructure
VisionTech Solutions,Mobile App Development,3.8,Design
FinEdge Enterprises,Cloud Services,4.3,Finance
MegaBuild Enterprises,Digital Marketing,4.4,Marketing
CoreBuild Solutions,Financial Consulting,3.3,Finance
CloudSphere Group,Mobile App Development,4.8,Design
SkyHigh Enterprises,Web Development,4.9,Marketing
CoreBuild Group,Cloud Services,3.8,Marketing
FinEdge Solutions,Web Development,3.3,IT Services
CoreBuild Industries,Financial Consulting,4.7,Infrastructure
UrbanCraft Enterprises,Corporate Training,4.1,Finance
CoreBuild Group,Cloud Services,3.3,IT Services
InteriorHive Solutions,Corporate Training,3.8,Education
CloudSphere Solutions,Digital Marketing,4.7,Design
AlphaWorks Pvt Ltd,Financial Consulting,4.7,Education
GreenLeaf Pvt Ltd,Mobile App Development,3.3,Infrastructure
InteriorHive Group,Corporate Training,4.9,Marketing
InteriorHive Enterprises,Interior Design,4.7,IT Services
BuildPro Pvt Ltd,Cyber Security,3.1,Education
BrightPath Solutions,Civil Construction,3.1,Marketing
MarketGenius Pvt Ltd,Mobile App Development,4.4,IT Services
MegaBuild Pvt Ltd,Web Development,4.5,Education
NextGen Enterprises,Financial Consulting,3.1,Education
BrightPath Group,Financial Consulting,4.1,Design
PrimeLogics Solutions,Cloud Services,3.5,Education
UrbanCraft Solutions,Digital Marketing,4.9,Design
MegaBuild Group,Mobile App Development,3.6,Finance
CoreBuild Enterprises,Digital Marketing,3.5,Marketing
AdWise Solutions,Cyber Security,4.8,Infrastructure
GreenLeaf Industries,Corporate Training,4.0,Infrastructure
SecureNet Group,AI/ML Services,3.4,Marketing
SecureNet Industries,AI/ML Services,4.9,Education
CoreBuild Enterprises,Digital Marketing,4.4,Marketing
SecureNet Industries,Corporate Training,4.7,IT Services
GreenLeaf Industries,Interior Design,4.0,IT Services
SkyHigh Industries,Corporate Training,3.5,Infrastructure
MegaBuild Group,Interior Design,3.4,Infrastructure
UrbanCraft Solutions,Cloud Services,4.5,Design
BuildPro Industries,Web Development,4.1,Marketing
FinEdge Pvt Ltd,Cloud Services,3.1,IT Services
VisionTech Solutions,Cloud Services,3.1,Finance
MegaBuild Industries,Civil Construction,4.2,Marketing
SecureNet Enterprises,Cloud Services,3.8,Finance
FinEdge Group,Cloud Services,4.3,Education
MarketGenius Pvt Ltd,Web Development,4.0,Design
NextGen Solutions,Digital Marketing,4.5,Education
UrbanCraft Pvt Ltd,Web Development,4.4,Infrastructure
PrimeLogics Pvt Ltd,Cloud Services,3.9,Education
SecureNet Pvt Ltd,Digital Marketing,3.6,Finance
SkyHigh Pvt Ltd,Digital Marketing,5.0,Design
UrbanCraft Pvt Ltd,Cyber Security,3.1,Design
CyberMatrix Pvt Ltd,Financial Consulting,3.7,Finance
SecureNet Enterprises,Corporate Training,3.8,Marketing
InteriorHive Enterprises,Web Development,4.4,IT Services
CyberMatrix Pvt Ltd,Digital Marketing,3.7,IT Services
AdWise Industries,Corporate Training,4.9,Finance
InteriorHive Industries,Cloud Services,4.2,Design
GreenLeaf Group,Mobile App Development,3.5,Finance
CloudLink Solutions,Interior Design,3.3,Infrastructure
BuildPro Group,AI/ML Services,3.1,Marketing
NextGen Solutions,Mobile App Development,4.3,Education
BuildPro Group,Cyber Security,4.6,Infrastructure
SecureNet Enterprises,Mobile App Development,4.3,Marketing
GreenLeaf Enterprises,AI/ML Services,3.4,Design
CloudLink Group,Corporate Training,3.4,Finance
NextGen Solutions,Cyber Security,3.9,Design
CloudSphere Solutions,Mobile App Development,4.3,IT Services
CyberMatrix Group,Civil Construction,4.2,Finance
MarketGenius Enterprises,Cloud Services,3.2,Design
InteriorHive Group,AI/ML Services,4.4,IT Services
AlphaWorks Pvt Ltd,Cloud Services,4.2,IT Services
FinEdge Industries,Mobile App Development,3.1,Finance
SecureNet Pvt Ltd,Mobile App Development,3.6,Education
NextGen Industries,Web Development,3.6,Infrastructure
MarketGenius Solutions,AI/ML Services,3.3,IT Services
VisionTech Group,Financial Consulting,4.2,Finance
AlphaWorks Group,Cyber Security,4.3,Marketing
SkyHigh Industries,Web Development,3.6,Marketing
CoreBuild Group,Digital Marketing,3.2,Education
UrbanCraft Pvt Ltd,Corporate Training,3.7,Infrastructure
InteriorHive Solutions,Cloud Services,3.5,Education
BuildPro Group,Financial Consulting,4.4,Marketing
UrbanCraft Pvt Ltd,Corporate Training,3.7,Marketing
NextGen Solutions,Digital Marketing,3.1,Finance
PrimeLogics Solutions,Interior Design,3.4,Marketing
UrbanCraft Solutions,Corporate Training,4.5,Marketing
FinEdge Group,AI/ML Services,4.4,IT Services
PrimeLogics Enterprises,AI/ML Services,4.7,Design
AdWise Pvt Ltd,Corporate Training,4.7,Design
SecureNet Solutions,Cloud Services,3.7,IT Services
SkyHigh Solutions,Web Development,3.5,Marketing
CloudLink Industries,Cyber Security,3.6,Infrastructure
CloudLink Industries,Cloud Services,3.2,Design
SecureNet Pvt Ltd,Cyber Security,4.2,Marketing
InteriorHive Industries,Financial Consulting,4.9,Education
VisionTech Industries,Mobile App Development,4.4,Design
TechNova Industries,Cloud Services,3.3,IT Services
NextGen Industries,Digital Marketing,4.2,Design
VisionTech Solutions,Financial Consulting,3.6,Infrastructure
MegaBuild Pvt Ltd,Corporate Training,3.8,Finance
UrbanCraft Industries,Civil Construction,3.7,Finance
AdWise Pvt Ltd,Cyber Security,3.0,Marketing
PrimeLogics Enterprises,Interior Design,3.5,Infrastructure
CloudLink Enterprises,Financial Consulting,3.2,Infrastructure
GreenLeaf Enterprises,Cyber Security,4.2,Infrastructure
BrightPath Industries,Civil Construction,3.7,Infrastructure
NextGen Solutions,Financial Consulting,4.3,Design
FinEdge Solutions,Financial Consulting,3.3,Finance
SecureNet Industries,Cyber Security,4.4,Marketing
NextGen Industries,Web Development,4.0,IT Services
MegaBuild Pvt Ltd,AI/ML Services,4.2,IT Services
CyberMatrix Industries,Digital Marketing,4.2,IT Services
UrbanCraft Industries,Web Development,4.7,Infrastructure
CloudSphere Industries,Financial Consulting,4.2,Infrastructure
CloudSphere Industries,Financial Consulting,4.2,Marketing
CloudLink Industries,Digital Marketing,4.1,Design
InteriorHive Enterprises,AI/ML Services,3.4,Design
BrightPath Enterprises,Financial Consulting,4.9,Education
AlphaWorks Solutions,Mobile App Development,3.4,Finance
NextGen Industries,Mobile App Development,4.0,Design
MarketGenius Industries,Web Development,3.8,Marketing
CyberMatrix Industries,Cloud Services,4.3,Marketing
BuildPro Industries,AI/ML Services,3.1,Finance
MegaBuild Pvt Ltd,Financial Consulting,4.2,IT Services
GreenLeaf Solutions,Digital Marketing,3.9,Design
CloudLink Industries,Mobile App Development,4.7,Infrastructure
UrbanCraft Pvt Ltd,Digital Marketing,5.0,Finance
FinEdge Enterprises,Web Development,4.8,Finance
CoreBuild Industries,Corporate Training,3.8,Infrastructure
CloudLink Solutions,Interior Design,3.7,Design
BrightPath Group,Interior Design,3.1,Marketing
TechNova Pvt Ltd,Corporate Training,4.6,Infrastructure
AlphaWorks Group,Mobile App Development,3.6,Marketing
CyberMatrix Enterprises,Cloud Services,5.0,Marketing
UrbanCraft Group,AI/ML Services,4.0,Marketing
UrbanCraft Group,Cloud Services,3.8,Education
MarketGenius Solutions,Web Development,3.2,Marketing
MarketGenius Solutions,Corporate Training,4.1,Finance
MarketGenius Enterprises,Web Development,3.3,Infrastructure
BrightPath Group,Civil Construction,3.6,Marketing
SkyHigh Pvt Ltd,Interior Design,3.6,Marketing
MegaBuild Pvt Ltd,Cloud Services,4.4,Education
CyberMatrix Solutions,Web Development,4.7,Education
CoreBuild Solutions,Web Development,4.3,IT Services
MegaBuild Group,Cloud Services,4.4,Infrastructure
CoreBuild Enterprises,Web Development,3.6,Infrastructure
SkyHigh Pvt Ltd,Digital Marketing,4.8,Marketing
UrbanCraft Pvt Ltd,Cloud Services,3.1,Design
CloudSphere Group,Interior Design,4.4,Education
UrbanCraft Enterprises,Financial Consulting,4.9,Finance
GreenLeaf Solutions,Digital Marketing,3.8,Marketing
PrimeLogics Solutions,Web Development,4.9,Education
CoreBuild Pvt Ltd,Civil Construction,4.0,IT Services
MarketGenius Group,Cloud Services,4.9,Education
SecureNet Industries,Financial Consulting,3.3,Design
UrbanCraft Pvt Ltd,Financial Consulting,3.4,Finance
FinEdge Group,Civil Construction,5.0,IT Services
AlphaWorks Solutions,AI/ML Services,3.2,Infrastructure
CloudLink Solutions,Digital Marketing,3.8,IT Services
CyberMatrix Solutions,Civil Construction,3.4,Infrastructure
CoreBuild Pvt Ltd,Mobile App Development,4.2,Design
UrbanCraft Pvt Ltd,Digital Marketing,3.4,IT Services
InteriorHive Pvt Ltd,Digital Marketing,4.4,Infrastructure
SecureNet Industries,Financial Consulting,3.2,IT Services
GreenLeaf Industries,Financial Consulting,3.9,Infrastructure
CloudLink Enterprises,Interior Design,4.4,Education
CoreBuild Enterprises,Cyber Security,4.2,Education
InteriorHive Enterprises,Financial Consulting,3.4,Finance
CloudLink Pvt Ltd,Mobile App Development,3.3,Infrastructure
FinEdge Pvt Ltd,Web Development,3.6,Infrastructure
AdWise Pvt Ltd,Digital Marketing,3.9,Marketing
TechNova Industries,Corporate Training,4.2,Design
CloudLink Pvt Ltd,Civil Construction,4.0,IT Services
SkyHigh Group,Mobile App Development,4.3,Marketing
GreenLeaf Solutions,Mobile App Development,4.5,Marketing
CloudSphere Pvt Ltd,Digital Marketing,3.9,Finance
CyberMatrix Pvt Ltd,Civil Construction,3.1,Infrastructure
CyberMatrix Enterprises,Financial Consulting,4.4,Finance
MarketGenius Enterprises,AI/ML Services,4.2,Design
GreenLeaf Enterprises,Cloud Services,4.2,Design
BrightPath Industries,AI/ML Services,3.4,Marketing
FinEdge Enterprises,Corporate Training,4.1,Finance
MarketGenius Group,Digital Marketing,4.3,Design
AdWise Enterprises,Corporate Training,4.7,Design
NextGen Group,Digital Marketing,4.0,Education
AdWise Solutions,AI/ML Services,3.0,Marketing
CoreBuild Group,Corporate Training,4.5,Infrastructure
BuildPro Pvt Ltd,Cyber Security,4.6,Marketing
CloudLink Pvt Ltd,Cyber Security,3.1,Finance
BrightPath Enterprises,Mobile App Development,4.2,Education
AdWise Enterprises,Interior Design,3.9,Finance
InteriorHive Group,Cloud Services,4.1,Finance
FinEdge Pvt Ltd,Civil Construction,4.3,Marketing
UrbanCraft Pvt Ltd,Cyber Security,3.8,Education
BuildPro Pvt Ltd,Cloud Services,4.6,IT Services
UrbanCraft Group,Corporate Training,3.3,Design
AlphaWorks Pvt Ltd,AI/ML Services,4.4,Design
SecureNet Enterprises,Digital Marketing,3.9,Finance
NextGen Pvt Ltd,Cyber Security,4.4,Education
PrimeLogics Group,Cloud Services,4.3,Design
NextGen Pvt Ltd,AI/ML Services,3.4,Design
TechNova Industries,Cyber Security,4.3,IT Services
VisionTech Solutions,Corporate Training,3.2,Infrastructure
CyberMatrix Group,Web Development,5.0,IT Services
CoreBuild Enterprises,Mobile App Development,4.9,Finance
MarketGenius Industries,Civil Construction,3.9,Education
CyberMatrix Enterprises,Cloud Services,4.4,Marketing
AlphaWorks Solutions,Financial Consulting,4.0,Infrastructure
CloudLink Pvt Ltd,AI/ML Services,4.3,IT Services
BrightPath Pvt Ltd,Financial Consulting,4.7,Marketing
SkyHigh Enterprises,AI/ML Services,4.5,IT Services
CloudSphere Industries,Civil Construction,3.8,IT Services
SkyHigh Pvt Ltd,Web Development,3.2,Education
UrbanCraft Pvt Ltd,Financial Consulting,3.2,Design
VisionTech Industries,Cyber Security,3.9,Education
SkyHigh Enterprises,Corporate Training,4.9,Finance
BuildPro Industries,AI/ML Services,3.3,Education
CloudLink Solutions,AI/ML Services,3.1,Infrastructure
BuildPro Solutions,Interior Design,4.0,Marketing
VisionTech Solutions,Civil Construction,3.6,IT Services
VisionTech Solutions,Cyber Security,4.3,Infrastructure
UrbanCraft Solutions,Corporate Training,4.2,Infrastructure
VisionTech Solutions,Cyber Security,4.3,Marketing
MegaBuild Enterprises,Cyber Security,3.5,Infrastructure
BrightPath Pvt Ltd,Civil Construction,4.0,Infrastructure
SkyHigh Group,Digital Marketing,4.0,Design
InteriorHive Industries,Corporate Training,4.4,Design
CoreBuild Enterprises,Web Development,3.5,Design
TechNova Solutions,Cloud Services,3.8,Marketing
VisionTech Industries,Digital Marketing,4.8,Education
SkyHigh Group,Web Development,4.3,Marketing
InteriorHive Industries,Cloud Services,4.4,Finance
MarketGenius Solutions,Financial Consulting,3.9,Infrastructure
PrimeLogics Group,Financial Consulting,3.6,Education
MegaBuild Group,Civil Construction,4.9,Finance
CyberMatrix Solutions,Cloud Services,3.8,Education
UrbanCraft Enterprises,Civil Construction,4.4,Design
TechNova Industries,Digital Marketing,3.4,Marketing
UrbanCraft Industries,Digital Marketing,4.6,Marketing
SecureNet Solutions,Digital Marketing,4.8,Infrastructure
MegaBuild Pvt Ltd,AI/ML Services,4.4,Infrastructure
SecureNet Industries,Web Development,4.0,IT Services
BuildPro Industries,Web Development,3.7,Infrastructure
BuildPro Industries,Corporate Training,4.6,Finance
UrbanCraft Solutions,Web Development,3.5,Design
TechNova Group,AI/ML Services,3.0,Education
BuildPro Pvt Ltd,AI/ML Services,3.5,Finance
CoreBuild Industries,AI/ML Services,3.3,Infrastructure
CyberMatrix Solutions,Civil Construction,3.7,Marketing
CoreBuild Enterprises,Cloud Services,3.6,Design
CyberMatrix Solutions,Digital Marketing,3.2,Design
MegaBuild Group,Web Development,3.3,Finance
VisionTech Group,Digital Marketing,4.3,IT Services
VisionTech Enterprises,Digital Marketing,4.3,Education
BrightPath Enterprises,Interior Design,4.6,Finance
SkyHigh Group,Corporate Training,3.6,IT Services
CoreBuild Industries,Web Development,3.4,Education
BuildPro Pvt Ltd,Financial Consulting,4.4,Finance
CloudSphere Solutions,Civil Construction,4.7,IT Services
BuildPro Solutions,Mobile App Development,3.1,Infrastructure
CloudSphere Enterprises,Interior Design,4.4,Marketing
AdWise Industries,Digital Marketing,3.9,Finance
NextGen Group,Interior Design,3.1,Finance
CloudSphere Industries,AI/ML Services,4.5,Finance
BuildPro Pvt Ltd,Cyber Security,3.5,IT Services
BrightPath Enterprises,Civil Construction,3.4,Marketing
CloudSphere Industries,Cyber Security,4.9,IT Services
PrimeLogics Solutions,Civil Construction,4.4,Infrastructure
PrimeLogics Industries,AI/ML Services,4.3,Design
InteriorHive Group,Corporate Training,4.4,Marketing
FinEdge Enterprises,AI/ML Services,4.4,Design
NextGen Group,Digital Marketing,4.8,Education
TechNova Industries,AI/ML Services,3.3,Education
InteriorHive Solutions,Civil Construction,4.2,Finance
SkyHigh Industries,Interior Design,3.5,Design
GreenLeaf Enterprises,Financial Consulting,3.0,Finance
AdWise Enterprises,AI/ML Services,3.9,Education
BrightPath Pvt Ltd,Mobile App Development,3.3,Finance
CyberMatrix Industries,Corporate Training,4.6,Design
PrimeLogics Enterprises,Financial Consulting,4.9,Finance
UrbanCraft Solutions,Digital Marketing,4.4,Design
PrimeLogics Solutions,Cyber Security,4.3,Finance
SecureNet Industries,AI/ML Services,3.5,Education
CloudLink Group,Cloud Services,5.0,IT Services
BuildPro Group,Corporate Training,4.4,Education
MarketGenius Group,Cyber Security,3.1,IT Services
SkyHigh Group,Mobile App Development,5.0,Marketing
AdWise Solutions,AI/ML Services,3.8,Education
UrbanCraft Group,Web Development,4.2,Education
FinEdge Solutions,Mobile App Development,4.1,IT Services
GreenLeaf Solutions,Web Development,4.3,Infrastructure
SkyHigh Enterprises,Mobile App Development,4.3,Marketing
CloudLink Solutions,Civil Construction,4.3,Finance
CoreBuild Pvt Ltd,AI/ML Services,4.1,Finance
MarketGenius Industries,Cloud Services,4.1,Education
NextGen Industries,Interior Design,3.4,Infrastructure
PrimeLogics Group,Cloud Services,3.6,Marketing
CloudSphere Enterprises,AI/ML Services,4.5,Infrastructure
NextGen Industries,AI/ML Services,4.6,Marketing
CyberMatrix Solutions,Cyber Security,3.9,IT Services
VisionTech Group,Financial Consulting,3.8,Finance
CloudSphere Solutions,Interior Design,4.8,Design
InteriorHive Enterprises,Web Development,4.4,Marketing
FinEdge Enterprises,Financial Consulting,4.3,Infrastructure
PrimeLogics Enterprises,Cloud Services,3.0,Education
CoreBuild Group,AI/ML Services,4.9,Design
NextGen Group,Mobile App Development,3.0,Infrastructure
NextGen Solutions,Corporate Training,3.3,Education
AlphaWorks Solutions,Civil Construction,3.1,IT Services
CloudLink Group,Financial Consulting,3.4,Marketing
CloudSphere Solutions,AI/ML Services,3.5,Education
CloudSphere Enterprises,Cloud Services,3.3,IT Services
CloudSphere Pvt Ltd,Civil Construction,3.2,Education
BrightPath Industries,Financial Consulting,3.1,Design
VisionTech Enterprises,Civil Construction,4.8,Design
CloudLink Pvt Ltd,Web Development,3.6,IT Services
BrightPath Pvt Ltd,Interior Design,4.7,IT Services
CloudSphere Group,Web Development,3.7,IT Services
BrightPath Solutions,Mobile App Development,4.1,Infrastructure
CoreBuild Pvt Ltd,AI/ML Services,3.9,Infrastructure
TechNova Group,Mobile App Development,3.2,Marketing
AdWise Industries,Web Development,4.9,Infrastructure
SecureNet Industries,Financial Consulting,3.5,Finance
CyberMatrix Industries,Financial Consulting,3.8,Finance
NextGen Enterprises,AI/ML Services,3.5,Finance
InteriorHive Pvt Ltd,Corporate Training,4.3,Design
UrbanCraft Group,Corporate Training,4.4,Education
FinEdge Industries,Cyber Security,4.7,Finance
AlphaWorks Solutions,Cyber Security,3.9,Design
MarketGenius Industries,AI/ML Services,4.7,Marketing
VisionTech Group,Cloud Services,4.7,Marketing
FinEdge Industries,Digital Marketing,3.8,Education
CloudLink Group,Civil Construction,4.6,Design
NextGen Industries,Web Development,3.1,Marketing
VisionTech Pvt Ltd,Mobile App Development,3.5,Education
CyberMatrix Solutions,AI/ML Services,4.8,Education
AlphaWorks Industries,Web Development,3.6,Finance
FinEdge Industries,Financial Consulting,4.5,Marketing
MegaBuild Enterprises,Financial Consulting,4.5,IT Services
NextGen Enterprises,Financial Consulting,4.4,Finance
PrimeLogics Solutions,Cyber Security,3.1,Marketing
PrimeLogics Enterprises,AI/ML Services,4.2,Design
CyberMatrix Solutions,Mobile App Development,4.1,IT Services
TechNova Group,Cloud Services,4.8,Infrastructure
CyberMatrix Group,Civil Construction,3.6,Design
MarketGenius Enterprises,AI/ML Services,4.4,Finance
BuildPro Group,Civil Construction,3.2,IT Services
VisionTech Enterprises,Corporate Training,3.4,Design
AdWise Industries,Digital Marketing,3.1,Infrastructure
BrightPath Group,Web Development,4.3,Infrastructure
AdWise Solutions,Cyber Security,3.7,IT Services
AdWise Solutions,Cloud Services,4.8,Design
TechNova Solutions,Web Development,4.8,Design
CyberMatrix Enterprises,Cloud Services,4.1,Infrastructure
TechNova Solutions,Cloud Services,4.0,IT Services
BrightPath Enterprises,Corporate Training,4.2,IT Services
InteriorHive Group,Web Development,4.0,Design
FinEdge Pvt Ltd,Civil Construction,3.1,Education
InteriorHive Pvt Ltd,Web Development,4.9,Design
CoreBuild Pvt Ltd,Digital Marketing,3.6,Education
CloudLink Solutions,Financial Consulting,4.3,Education
NextGen Solutions,Cyber Security,3.9,Finance
TechNova Enterprises,Interior Design,4.4,Finance
TechNova Pvt Ltd,AI/ML Services,4.8,IT Services
AlphaWorks Industries,Digital Marketing,3.2,Finance
MegaBuild Group,Digital Marketing,4.9,Infrastructure
CoreBuild Pvt Ltd,Civil Construction,4.6,Design
AdWise Industries,Digital Marketing,5.0,Design
MegaBuild Group,Web Development,4.8,Marketing
TechNova Solutions,Cyber Security,4.4,Education
CloudSphere Industries,Web Development,3.3,Design
CyberMatrix Group,Interior Design,4.9,Infrastructure
PrimeLogics Enterprises,Cyber Security,4.8,Finance
CloudLink Group,Web Development,4.7,Infrastructure
AlphaWorks Solutions,Digital Marketing,4.3,IT Services
CoreBuild Industries,Mobile App Development,4.9,Finance
FinEdge Pvt Ltd,AI/ML Services,3.2,Marketing
SkyHigh Group,Web Development,4.0,Infrastructure
SkyHigh Industries,Digital Marketing,4.1,Marketing
CloudLink Industries,Mobile App Development,4.2,Infrastructure
SkyHigh Enterprises,Civil Construction,3.6,Finance
InteriorHive Pvt Ltd,Interior Design,4.1,IT Services
BrightPath Solutions,Digital Marketing,3.7,IT Services
FinEdge Enterprises,Financial Consulting,3.7,IT Services
BuildPro Solutions,Financial Consulting,4.3,Marketing
BuildPro Enterprises,Civil Construction,3.9,Marketing
SecureNet Solutions,AI/ML Services,3.0,Design
MarketGenius Pvt Ltd,Civil Construction,4.1,Design
CloudLink Enterprises,Cloud Services,3.3,IT Services
UrbanCraft Pvt Ltd,Civil Construction,4.5,IT Services
VisionTech Group,Digital Marketing,4.5,Infrastructure
VisionTech Enterprises,Corporate Training,3.9,Finance
FinEdge Solutions,Interior Design,3.0,Education
BrightPath Group,Civil Construction,3.1,Marketing
VisionTech Group,Financial Consulting,3.5,Marketing
UrbanCraft Industries,AI/ML Services,3.3,Marketing
TechNova Solutions,Mobile App Development,3.6,Infrastructure
AdWise Group,Cloud Services,3.9,Finance
SecureNet Solutions,Financial Consulting,3.0,Design
UrbanCraft Industries,Web Development,4.3,Finance
SecureNet Pvt Ltd,AI/ML Services,4.0,Infrastructure
FinEdge Pvt Ltd,Cloud Services,3.9,Education
TechNova Group,AI/ML Services,3.1,Infrastructure
MarketGenius Pvt Ltd,Mobile App Development,4.2,Design
SkyHigh Group,Digital Marketing,3.3,Finance
CloudSphere Industries,Civil Construction,4.5,Finance
MarketGenius Solutions,Mobile App Development,3.7,Finance
MarketGenius Group,Mobile App Development,3.7,Design
UrbanCraft Enterprises,Cloud Services,4.9,IT Services
BrightPath Industries,AI/ML Services,3.0,Design
SecureNet Industries,Interior Design,5.0,Education
GreenLeaf Solutions,Digital Marketing,3.3,Marketing
BrightPath Industries,Digital Marketing,4.4,Design
BrightPath Industries,Cyber Security,3.9,Infrastructure
UrbanCraft Enterprises,Digital Marketing,4.4,IT Services
MarketGenius Enterprises,AI/ML Services,3.7,IT Services
TechNova Solutions,Interior Design,4.9,Infrastructure
CloudLink Solutions,Digital Marketing,4.7,IT Services
PrimeLogics Group,Financial Consulting,4.6,IT Services
CloudLink Solutions,Digital Marketing,3.3,IT Services
CoreBuild Solutions,AI/ML Services,3.8,IT Services
UrbanCraft Enterprises,Mobile App Development,3.8,Education
MarketGenius Industries,Interior Design,3.5,IT Services
SecureNet Industries,Financial Consulting,3.2,Marketing
MegaBuild Enterprises,Mobile App Development,4.3,Infrastructure
FinEdge Industries,Corporate Training,3.9,Finance
TechNova Industries,Web Development,4.0,Finance
CyberMatrix Enterprises,Civil Construction,4.6,Education
CoreBuild Industries,Digital Marketing,4.6,Design
MegaBuild Solutions,Civil Construction,3.4,Education
NextGen Pvt Ltd,Web Development,4.8,Education
InteriorHive Enterprises,AI/ML Services,4.6,Marketing
SecureNet Enterprises,Web Development,3.8,Finance
CloudLink Solutions,Mobile App Development,4.5,IT Services
TechNova Enterprises,Digital Marketing,3.5,Education
AdWise Pvt Ltd,AI/ML Services,4.6,Infrastructure
AlphaWorks Pvt Ltd,Civil Construction,3.3,Finance
InteriorHive Enterprises,AI/ML Services,4.1,IT Services
MegaBuild Pvt Ltd,Interior Design,4.0,Design
CyberMatrix Enterprises,Mobile App Development,4.2,Finance
BuildPro Group,Corporate Training,4.5,IT Services
MegaBuild Pvt Ltd,Interior Design,4.4,Marketing
NextGen Pvt Ltd,Interior Design,3.2,Education
FinEdge Solutions,AI/ML Services,3.4,IT Services
CloudSphere Pvt Ltd,Corporate Training,3.4,Marketing
MegaBuild Solutions,Mobile App Development,3.5,IT Services
PrimeLogics Group,Digital Marketing,3.3,Design
GreenLeaf Pvt Ltd,AI/ML Services,4.0,Infrastructure
CloudLink Enterprises,Corporate Training,4.8,Education
CyberMatrix Pvt Ltd,Web Development,3.8,Infrastructure
SkyHigh Industries,Financial Consulting,4.7,Infrastructure
VisionTech Pvt Ltd,Corporate Training,5.0,Design
PrimeLogics Enterprises,Cloud Services,4.6,Design
VisionTech Pvt Ltd,Interior Design,4.4,IT Services
GreenLeaf Industries,Civil Construction,4.5,Infrastructure
PrimeLogics Group,Digital Marketing,3.2,IT Services
UrbanCraft Group,Interior Design,3.2,Infrastructure
MarketGenius Group,Cyber Security,3.4,Finance
AdWise Industries,Mobile App Development,3.2,Education
AlphaWorks Group,AI/ML Services,4.4,Infrastructure
SkyHigh Enterprises,AI/ML Services,4.5,Marketing
CoreBuild Industries,Cloud Services,4.0,Infrastructure
UrbanCraft Enterprises,Civil Construction,5.0,Finance
FinEdge Pvt Ltd,Cyber Security,4.6,Design
CloudLink Solutions,Civil Construction,3.9,Education
FinEdge Pvt Ltd,AI/ML Services,3.5,IT Services
UrbanCraft Pvt Ltd,Civil Construction,3.5,Education
InteriorHive Solutions,Web Development,3.5,Education
SkyHigh Group,Web Development,3.4,Marketing
CyberMatrix Solutions,Financial Consulting,4.1,Design
MarketGenius Enterprises,Interior Design,4.0,Finance
AdWise Solutions,Mobile App Development,3.4,Education
VisionTech Industries,Cyber Security,3.4,Education
InteriorHive Industries,Digital Marketing,3.9,Finance
CyberMatrix Solutions,Corporate Training,3.8,Infrastructure
SecureNet Pvt Ltd,Financial Consulting,3.9,Marketing
NextGen Enterprises,Web Development,4.6,Design
AdWise Group,Financial Consulting,4.8,Infrastructure
SecureNet Group,Cyber Security,3.6,Education
SkyHigh Group,Civil Construction,4.5,Marketing
UrbanCraft Pvt Ltd,AI/ML Services,3.6,Infrastructure
SecureNet Industries,Interior Design,4.4,Education
SecureNet Pvt Ltd,Financial Consulting,3.4,IT Services
BuildPro Enterprises,Cloud Services,5.0,Infrastructure
InteriorHive Industries,Corporate Training,3.9,Infrastructure
CloudLink Pvt Ltd,Civil Construction,3.9,Marketing
MarketGenius Enterprises,Web Development,3.1,Marketing
PrimeLogics Solutions,Financial Consulting,3.3,Infrastructure
AdWise Enterprises,Cyber Security,3.5,Design
MegaBuild Industries,Civil Construction,3.9,Design
SkyHigh Group,Financial Consulting,4.2,Infrastructure
SkyHigh Group,Digital Marketing,3.0,Marketing
TechNova Group,AI/ML Services,3.4,IT Services
CyberMatrix Enterprises,Mobile App Development,3.5,Infrastructure
NextGen Industries,Interior Design,4.1,Finance
VisionTech Group,Corporate Training,3.6,IT Services
MarketGenius Pvt Ltd,AI/ML Services,3.7,Finance
PrimeLogics Solutions,Civil Construction,3.1,Design
MarketGenius Solutions,Financial Consulting,3.4,Infrastructure
CyberMatrix Solutions,Cloud Services,3.3,Education
InteriorHive Group,Financial Consulting,4.1,Infrastructure
TechNova Solutions,Cloud Services,3.9,Finance
AlphaWorks Solutions,Civil Construction,4.3,Finance
PrimeLogics Enterprises,Corporate Training,4.6,Marketing
AdWise Pvt Ltd,Interior Design,3.8,Infrastructure
BuildPro Industries,Web Development,3.2,Infrastructure
GreenLeaf Group,Civil Construction,3.3,Design
CoreBuild Enterprises,Mobile App Development,3.8,Design
AdWise Pvt Ltd,AI/ML Services,3.5,IT Services
BuildPro Pvt Ltd,AI/ML Services,3.0,Finance
CyberMatrix Pvt Ltd,Cloud Services,4.4,Finance
CloudLink Group,Financial Consulting,4.1,Finance
GreenLeaf Pvt Ltd,AI/ML Services,4.4,Design
SkyHigh Solutions,Financial Consulting,3.7,Design
CoreBuild Group,Corporate Training,4.4,Design
NextGen Enterprises,Cyber Security,3.7,Finance
FinEdge Enterprises,Civil Construction,3.7,IT Services
VisionTech Industries,Mobile App Development,4.1,Education
VisionTech Industries,Web Development,3.3,Finance
MegaBuild Industries,Financial Consulting,4.0,Marketing
MegaBuild Industries,Civil Construction,4.3,Design
BuildPro Pvt Ltd,Cyber Security,4.4,IT Services
CyberMatrix Group,Civil Construction,4.2,Education
VisionTech Enterprises,Corporate Training,4.0,Education
BuildPro Enterprises,Cyber Security,4.9,IT Services
CoreBuild Solutions,Cyber Security,3.2,Education
BuildPro Pvt Ltd,Civil Construction,3.7,Finance
InteriorHive Solutions,Web Development,4.7,Infrastructure
AlphaWorks Enterprises,Cyber Security,3.4,Design
MarketGenius Industries,Mobile App Development,4.8,Education
TechNova Group,Civil Construction,4.6,Design
MarketGenius Pvt Ltd,Cyber Security,3.2,Education
CyberMatrix Industries,Cyber Security,4.0,Finance
MegaBuild Solutions,Interior Design,3.6,Infrastructure
PrimeLogics Solutions,Civil Construction,3.6,Finance
NextGen Pvt Ltd,Civil Construction,3.8,IT Services
TechNova Group,Interior Design,4.3,Finance
InteriorHive Enterprises,Web Development,3.5,IT Services
NextGen Pvt Ltd,Digital Marketing,3.3,Design
CloudSphere Industries,Interior Design,3.2,IT Services
AdWise Solutions,Cyber Security,4.3,Marketing
AlphaWorks Enterprises,Financial Consulting,3.8,Infrastructure
PrimeLogics Enterprises,Mobile App Development,3.7,Education
InteriorHive Industries,Web Development,3.5,IT Services
NextGen Industries,Financial Consulting,3.6,IT Services
MegaBuild Pvt Ltd,Financial Consulting,4.0,Finance
SecureNet Group,AI/ML Services,4.7,IT Services
AdWise Industries,AI/ML Services,4.9,Marketing
AlphaWorks Solutions,Interior Design,3.3,Finance
SecureNet Enterprises,Cyber Security,3.5,IT Services
MegaBuild Industries,Web Development,4.4,IT Services
SecureNet Pvt Ltd,Civil Construction,4.4,Education
AlphaWorks Solutions,Corporate Training,4.6,Infrastructure
CloudLink Industries,Web Development,3.6,Design
BuildPro Solutions,Financial Consulting,4.1,Finance
GreenLeaf Enterprises,Financial Consulting,4.8,Finance
InteriorHive Solutions,Mobile App Development,4.6,Infrastructure
InteriorHive Solutions,Web Development,4.8,Finance
InteriorHive Enterprises,Digital Marketing,3.1,IT Services
GreenLeaf Group,Interior Design,4.2,Design
UrbanCraft Enterprises,Cyber Security,4.6,Infrastructure
SkyHigh Solutions,Cyber Security,5.0,Infrastructure
CoreBuild Pvt Ltd,Corporate Training,4.7,IT Services
BrightPath Pvt Ltd,Interior Design,3.4,Education
NextGen Industries,AI/ML Services,4.1,Marketing
CyberMatrix Solutions,Cyber Security,3.4,IT Services
BrightPath Enterprises,Web Development,5.0,Design
SkyHigh Industries,AI/ML Services,4.1,Marketing
AlphaWorks Pvt Ltd,Mobile App Development,4.4,IT Services
TechNova Group,Civil Construction,4.0,Marketing
InteriorHive Solutions,Interior Design,4.5,Design
VisionTech Pvt Ltd,AI/ML Services,4.9,Infrastructure
AdWise Group,Interior Design,3.0,Infrastructure
CyberMatrix Group,Interior Design,3.2,Education
AdWise Pvt Ltd,Civil Construction,4.6,Marketing
FinEdge Group,Financial Consulting,4.5,Design
BrightPath Solutions,AI/ML Services,3.3,Education
BrightPath Industries,Corporate Training,4.8,Education
AdWise Industries,Digital Marketing,3.2,Design
UrbanCraft Solutions,Cyber Security,4.7,Marketing
SecureNet Pvt Ltd,Mobile App Development,4.9,IT Services
GreenLeaf Solutions,Financial Consulting,4.7,IT Services
MegaBuild Group,Corporate Training,4.8,Finance
MarketGenius Industries,Interior Design,3.8,Finance
AlphaWorks Solutions,Civil Construction,4.0,Marketing
CyberMatrix Solutions,Cloud Services,4.6,Finance
CyberMatrix Industries,Digital Marketing,3.3,IT Services
CloudSphere Pvt Ltd,Financial Consulting,3.3,Infrastructure
VisionTech Group,Cloud Services,4.2,Marketing
MegaBuild Pvt Ltd,Financial Consulting,4.3,Design
VisionTech Solutions,AI/ML Services,3.1,Infrastructure
CyberMatrix Solutions,Interior Design,4.5,IT Services
GreenLeaf Solutions,Interior Design,4.0,Infrastructure
GreenLeaf Solutions,AI/ML Services,4.2,Marketing
CloudSphere Industries,Financial Consulting,3.9,Finance
CloudLink Pvt Ltd,Digital Marketing,3.2,Marketing
FinEdge Group,Cyber Security,3.2,Education
MarketGenius Group,AI/ML Services,3.8,IT Services
VisionTech Pvt Ltd,Interior Design,4.6,Infrastructure
CoreBuild Enterprises,AI/ML Services,4.6,Design
NextGen Pvt Ltd,Financial Consulting,4.5,Education
GreenLeaf Group,AI/ML Services,4.3,Education
AlphaWorks Pvt Ltd,AI/ML Services,4.1,Education
VisionTech Enterprises,Interior Design,3.4,Design
AdWise Industries,Cloud Services,3.1,Infrastructure
BrightPath Pvt Ltd,Digital Marketing,3.6,IT Services
BrightPath Industries,Financial Consulting,3.1,Finance
CoreBuild Solutions,Interior Design,4.1,Infrastructure
MarketGenius Enterprises,Digital Marketing,3.5,Education
TechNova Solutions,Web Development,4.3,Design
UrbanCraft Group,Financial Consulting,3.5,Marketing
GreenLeaf Pvt Ltd,Corporate Training,3.1,Marketing
CloudLink Industries,Interior Design,4.7,Design
TechNova Pvt Ltd,AI/ML Services,4.8,Marketing
CloudLink Group,Digital Marketing,3.9,Infrastructure
SecureNet Pvt Ltd,Corporate Training,4.3,IT Services
PrimeLogics Industries,Cloud Services,3.2,Infrastructure
BuildPro Enterprises,Digital Marketing,3.9,Education
CloudSphere Pvt Ltd,Financial Consulting,4.8,Finance
GreenLeaf Pvt Ltd,Corporate Training,3.7,Finance
SkyHigh Enterprises,Web Development,4.7,Education
CloudLink Solutions,Web Development,3.7,IT Services
VisionTech Industries,Digital Marketing,4.9,Marketing
MarketGenius Industries,Cloud Services,3.0,Education
GreenLeaf Pvt Ltd,Cloud Services,4.0,Finance
SkyHigh Industries,Corporate Training,3.8,Marketing
PrimeLogics Industries,Corporate Training,3.4,Design
BrightPath Pvt Ltd,Financial Consulting,4.0,Finance
AlphaWorks Enterprises,Cloud Services,3.3,Design
BuildPro Industries,Financial Consulting,4.3,Infrastructure
AlphaWorks Enterprises,Web Development,4.4,IT Services
BrightPath Industries,Interior Design,3.8,Education
CloudLink Pvt Ltd,Cyber Security,3.1,Education
FinEdge Group,Interior Design,3.8,Design
CoreBuild Group,Civil Construction,5.0,Design
BrightPath Solutions,Financial Consulting,3.2,Finance
AlphaWorks Enterprises,Mobile App Development,4.4,Design
VisionTech Pvt Ltd,Web Development,4.3,Infrastructure
AlphaWorks Enterprises,Mobile App Development,3.9,IT Services
UrbanCraft Pvt Ltd,Civil Construction,4.5,Marketing
UrbanCraft Group,Civil Construction,3.9,Finance
GreenLeaf Solutions,Corporate Training,3.1,Design
SkyHigh Solutions,Cloud Services,4.0,Infrastructure
CloudLink Group,Digital Marketing,4.3,Infrastructure
BrightPath Solutions,Cloud Services,3.3,Infrastructure
AdWise Group,Cyber Security,3.6,IT Services
NextGen Group,AI/ML Services,3.5,Finance
GreenLeaf Pvt Ltd,Civil Construction,3.9,IT Services
BuildPro Industries,Cloud Services,4.9,IT Services
TechNova Solutions,Digital Marketing,4.9,Finance
NextGen Enterprises,Civil Construction,4.3,Infrastructure
TechNova Industries,Web Development,3.1,Finance
BrightPath Solutions,Mobile App Development,4.4,Infrastructure
InteriorHive Industries,AI/ML Services,4.2,Infrastructure
AdWise Group,Cloud Services,3.4,Finance
NextGen Enterprises,Corporate Training,4.9,Education
MarketGenius Industries,Cyber Security,4.7,Infrastructure
MarketGenius Solutions,Financial Consulting,5.0,Education
TechNova Group,Financial Consulting,4.1,Design
FinEdge Group,Cloud Services,4.9,Infrastructure
CyberMatrix Group,Interior Design,4.5,Finance
TechNova Enterprises,Cloud Services,3.6,Design
TechNova Industries,Mobile App Development,3.5,Finance
PrimeLogics Solutions,Cloud Services,3.6,Infrastructure
PrimeLogics Group,Cloud Services,3.9,Education
MarketGenius Industries,Interior Design,4.0,Design
InteriorHive Solutions,Interior Design,3.8,IT Services
TechNova Group,Financial Consulting,4.0,Infrastructure
UrbanCraft Solutions,Mobile App Development,4.9,Education
FinEdge Pvt Ltd,Digital Marketing,3.3,Education
VisionTech Enterprises,Corporate Training,4.6,IT Services
MarketGenius Industries,Interior Design,4.4,Infrastructure
TechNova Group,Civil Construction,4.8,Education
PrimeLogics Enterprises,Web Development,3.5,IT Services
CloudLink Group,Corporate Training,4.4,Infrastructure
CoreBuild Industries,Web Development,4.4,Marketing
CloudLink Industries,Interior Design,5.0,Marketing
FinEdge Enterprises,Cyber Security,4.1,Marketing
PrimeLogics Solutions,Digital Marketing,4.4,IT Services
PrimeLogics Group,Civil Construction,4.8,Infrastructure
PrimeLogics Solutions,Cloud Services,4.1,Design
FinEdge Enterprises,Cloud Services,3.4,Education
AlphaWorks Pvt Ltd,Digital Marketing,4.9,Education
VisionTech Pvt Ltd,Corporate Training,4.5,Infrastructure
PrimeLogics Solutions,Corporate Training,3.7,IT Services
TechNova Enterprises,Civil Construction,4.1,Education
TechNova Industries,Corporate Training,3.8,Finance
CloudLink Solutions,Mobile App Development,4.0,IT Services
MarketGenius Solutions,Digital Marketing,4.6,Marketing
PrimeLogics Pvt Ltd,Digital Marketing,3.5,IT Services
BuildPro Enterprises,Mobile App Development,3.6,Finance
PrimeLogics Enterprises,Cloud Services,3.6,Infrastructure
MegaBuild Enterprises,Interior Design,4.8,Finance
BuildPro Pvt Ltd,Corporate Training,4.7,Marketing
CyberMatrix Group,Corporate Training,3.9,Infrastructure
BuildPro Pvt Ltd,Cloud Services,4.1,Marketing
CloudSphere Industries,Cloud Services,4.8,Finance
AlphaWorks Solutions,Cloud Services,4.3,Design
UrbanCraft Pvt Ltd,Corporate Training,4.9,Education
VisionTech Pvt Ltd,Interior Design,4.4,Marketing
NextGen Enterprises,Interior Design,4.3,Infrastructure
CloudSphere Enterprises,Mobile App Development,4.2,Design
BrightPath Pvt Ltd,Cyber Security,3.0,Finance
SkyHigh Industries,Digital Marketing,3.0,Marketing
CloudLink Pvt Ltd,Web Development,3.4,Design
SecureNet Solutions,Cloud Services,4.9,Education
SecureNet Enterprises,Civil Construction,3.9,Design
VisionTech Enterprises,AI/ML Services,3.4,Finance
PrimeLogics Industries,Cloud Services,3.1,Design
BuildPro Solutions,Corporate Training,4.5,Design
CoreBuild Enterprises,AI/ML Services,3.4,IT Services
BuildPro Group,Civil Construction,4.9,Education
MegaBuild Pvt Ltd,Cyber Security,4.3,Finance
PrimeLogics Enterprises,Digital Marketing,4.0,Infrastructure
NextGen Solutions,Cyber Security,4.9,IT Services
SkyHigh Enterprises,Cyber Security,5.0,Design
TechNova Pvt Ltd,Cloud Services,4.0,Finance
SecureNet Pvt Ltd,Mobile App Development,3.7,Infrastructure
TechNova Pvt Ltd,Corporate Training,3.0,IT Services
CloudLink Pvt Ltd,Interior Design,3.2,Finance
VisionTech Group,Corporate Training,3.7,Design
MarketGenius Solutions,Financial Consulting,3.5,Design
AlphaWorks Industries,Interior Design,3.5,IT Services
FinEdge Group,Civil Construction,4.9,Education
MegaBuild Pvt Ltd,Interior Design,4.0,Finance
FinEdge Pvt Ltd,Digital Marketing,4.5,Infrastructure
CloudLink Enterprises,Web Development,3.5,Design
NextGen Industries,Cloud Services,4.4,IT Services
SecureNet Enterprises,Financial Consulting,4.5,Marketing
SkyHigh Solutions,Cloud Services,4.8,Marketing
AlphaWorks Pvt Ltd,Mobile App Development,4.7,Finance
NextGen Enterprises,Web Development,4.1,Design
AdWise Group,Financial Consulting,4.3,Infrastructure
NextGen Enterprises,Web Development,5.0,Design
AdWise Industries,Cyber Security,4.3,Education
FinEdge Group,Web Development,3.3,Education
CloudSphere Solutions,Interior Design,4.5,Finance
FinEdge Pvt Ltd,Civil Construction,3.7,Marketing
MegaBuild Solutions,Digital Marketing,4.1,Education
CloudSphere Solutions,Civil Construction,3.8,IT Services
FinEdge Enterprises,Cyber Security,3.5,Marketing
BrightPath Pvt Ltd,Web Development,4.2,Design
FinEdge Group,Cyber Security,3.8,IT Services
UrbanCraft Solutions,Cyber Security,4.5,Finance
CloudSphere Group,Web Development,3.5,Finance
AlphaWorks Group,AI/ML Services,4.0,Finance
UrbanCraft Enterprises,Civil Construction,3.4,Infrastructure
InteriorHive Pvt Ltd,AI/ML Services,4.1,Infrastructure
VisionTech Pvt Ltd,Digital Marketing,4.2,Marketing
BrightPath Group,Cyber Security,4.1,Education
UrbanCraft Industries,Mobile App Development,4.3,Marketing
BrightPath Group,Corporate Training,4.8,Education
MarketGenius Industries,Mobile App Development,3.9,Education
CloudLink Group,Corporate Training,3.8,IT Services
CyberMatrix Pvt Ltd,Financial Consulting,3.2,Education
AlphaWorks Industries,Financial Consulting,3.6,Design
BrightPath Industries,Civil Construction,4.3,IT Services
BrightPath Industries,Digital Marketing,3.2,IT Services
FinEdge Industries,Cyber Security,3.3,Marketing
GreenLeaf Pvt Ltd,AI/ML Services,3.4,IT Services
CloudLink Enterprises,Civil Construction,4.5,Marketing
BrightPath Pvt Ltd,Web Development,4.6,Marketing
MegaBuild Enterprises,Cyber Security,4.3,IT Services
BrightPath Industries,Cloud Services,3.3,Infrastructure
CloudSphere Group,Digital Marketing,3.1,Finance
SkyHigh Group,Cyber Security,4.2,IT Services
CloudSphere Solutions,Civil Construction,4.2,Marketing
MarketGenius Industries,Cyber Security,4.5,Marketing
CloudLink Group,Cyber Security,4.5,Education
CloudSphere Industries,Digital Marketing,4.9,Marketing
MarketGenius Industries,Cloud Services,4.5,IT Services
GreenLeaf Pvt Ltd,Financial Consulting,3.4,IT Services
BuildPro Enterprises,Financial Consulting,3.5,Finance
CloudSphere Industries,Cyber Security,4.4,IT Services
CoreBuild Group,Corporate Training,3.9,Education
MarketGenius Group,Mobile App Development,3.4,Infrastructure
SkyHigh Enterprises,Corporate Training,3.7,Marketing
CloudSphere Group,AI/ML Services,4.8,Marketing
CyberMatrix Enterprises,Interior Design,4.3,Infrastructure
NextGen Pvt Ltd,Financial Consulting,5.0,IT Services
TechNova Group,AI/ML Services,4.3,Education
CoreBuild Group,Interior Design,4.3,IT Services
SkyHigh Pvt Ltd,Corporate Training,3.7,Infrastructure
CoreBuild Pvt Ltd,Financial Consulting,4.1,Finance
AdWise Enterprises,Interior Design,4.9,Infrastructure
PrimeLogics Group,AI/ML Services,4.3,Infrastructure
MegaBuild Group,Cyber Security,3.3,Finance
AlphaWorks Industries,Financial Consulting,3.0,IT Services
MegaBuild Pvt Ltd,Cyber Security,4.0,Marketing
TechNova Industries,Cyber Security,4.1,IT Services
BuildPro Industries,Cyber Security,3.6,Marketing
PrimeLogics Solutions,Web Development,4.6,Design
AlphaWorks Pvt Ltd,Digital Marketing,3.2,IT Services
CloudSphere Enterprises,Mobile App Development,3.5,IT Services
AdWise Solutions,Corporate Training,4.0,Infrastructure
CloudSphere Pvt Ltd,Mobile App Development,4.6,IT Services
CloudSphere Group,Interior Design,4.0,IT Services
TechNova Enterprises,Digital Marketing,3.7,Design
VisionTech Pvt Ltd,Web Development,4.6,Finance
PrimeLogics Group,AI/ML Services,4.4,Finance
GreenLeaf Group,Digital Marketing,4.4,Infrastructure
PrimeLogics Solutions,Digital Marketing,3.7,Infrastructure
GreenLeaf Pvt Ltd,Civil Construction,4.5,Infrastructure
CyberMatrix Pvt Ltd,Civil Construction,4.2,IT Services
CloudLink Enterprises,Digital Marketing,4.0,Finance
UrbanCraft Group,Interior Design,4.9,Education
SecureNet Group,Interior Design,3.7,Education
CloudLink Industries,Civil Construction,4.2,Design
CoreBuild Industries,Cyber Security,4.2,Education
CyberMatrix Pvt Ltd,Web Development,4.0,Marketing
GreenLeaf Solutions,AI/ML Services,3.3,IT Services
CoreBuild Enterprises,Cloud Services,4.3,Marketing
UrbanCraft Pvt Ltd,Cyber Security,3.9,Infrastructure
CoreBuild Solutions,Financial Consulting,3.9,Infrastructure
BuildPro Industries,Corporate Training,4.7,IT Services
InteriorHive Pvt Ltd,Cyber Security,3.5,Infrastructure
AlphaWorks Enterprises,Mobile App Development,4.6,Finance
CyberMatrix Industries,Mobile App Development,3.6,Marketing
SecureNet Group,Web Development,3.3,Infrastructure
AdWise Group,Civil Construction,3.9,Infrastructure
AlphaWorks Solutions,Web Development,4.7,Infrastructure
CyberMatrix Solutions,Financial Consulting,4.8,Education
SecureNet Group,Web Development,4.2,Infrastructure
GreenLeaf Enterprises,AI/ML Services,4.7,Design
MarketGenius Industries,Interior Design,3.3,Finance
MarketGenius Enterprises,Financial Consulting,3.5,Finance
CoreBuild Group,AI/ML Services,4.3,Infrastructure
FinEdge Industries,Digital Marketing,3.3,Education
AlphaWorks Pvt Ltd,Financial Consulting,3.1,Education
MegaBuild Group,Cyber Security,3.1,Design
UrbanCraft Enterprises,Civil Construction,3.2,IT Services
MegaBuild Industries,Cyber Security,4.6,Finance
MegaBuild Industries,Financial Consulting,3.9,Education
UrbanCraft Pvt Ltd,Cyber Security,4.3,IT Services
InteriorHive Pvt Ltd,Financial Consulting,3.4,IT Services
MarketGenius Enterprises,Digital Marketing,3.9,IT Services
TechNova Pvt Ltd,Cyber Security,3.1,Finance
NextGen Solutions,Digital Marketing,4.4,Finance
VisionTech Solutions,AI/ML Services,3.2,Finance
MarketGenius Group,AI/ML Services,3.3,IT Services
CoreBuild Group,Financial Consulting,4.3,Marketing
AdWise Pvt Ltd,Cyber Security,4.8,Marketing
TechNova Group,Corporate Training,4.4,IT Services
BrightPath Pvt Ltd,Digital Marketing,3.6,Marketing
MegaBuild Enterprises,Web Development,3.7,Finance
AdWise Industries,Mobile App Development,3.3,IT Services
MegaBuild Pvt Ltd,Civil Construction,3.5,Infrastructure
MarketGenius Enterprises,Civil Construction,4.0,Education
CloudSphere Group,AI/ML Services,3.3,Education
CloudLink Industries,Web Development,4.8,Marketing
InteriorHive Solutions,Civil Construction,4.8,Marketing
SecureNet Industries,Cyber Security,4.8,IT Services
CoreBuild Group,Civil Construction,4.5,Infrastructure
BrightPath Group,Financial Consulting,3.8,IT Services
PrimeLogics Industries,Mobile App Development,3.4,Infrastructure
BuildPro Solutions,AI/ML Services,4.8,Marketing
FinEdge Pvt Ltd,Civil Construction,4.9,Education
GreenLeaf Pvt Ltd,Mobile App Development,4.9,Marketing
CloudLink Pvt Ltd,Mobile App Development,3.4,Education
BuildPro Enterprises,Digital Marketing,3.4,Education
SkyHigh Pvt Ltd,Corporate Training,3.6,Design
VisionTech Pvt Ltd,Mobile App Development,3.8,Infrastructure
SkyHigh Solutions,Cyber Security,4.0,Design
MegaBuild Group,Cloud Services,3.0,Infrastructure
InteriorHive Group,Civil Construction,4.1,Marketing
PrimeLogics Industries,Interior Design,4.8,Design
InteriorHive Solutions,Cloud Services,3.3,Infrastructure
FinEdge Enterprises,Financial Consulting,4.2,Design
AlphaWorks Group,Cyber Security,3.3,Design
VisionTech Industries,Cloud Services,5.0,Design
AlphaWorks Enterprises,Web Development,4.4,Marketing
SkyHigh Enterprises,Financial Consulting,4.7,Finance
BuildPro Group,Corporate Training,3.7,Design
CloudLink Pvt Ltd,Cloud Services,4.6,Marketing
MegaBuild Industries,Cloud Services,4.5,Design
MarketGenius Enterprises,Financial Consulting,3.8,Design
AlphaWorks Group,Cloud Services,3.8,Infrastructure
AlphaWorks Group,Cloud Services,4.7,Infrastructure
CloudLink Pvt Ltd,Cloud Services,4.1,IT Services
SkyHigh Group,Corporate Training,4.3,Education
AdWise Pvt Ltd,Civil Construction,4.4,IT Services
PrimeLogics Industries,Financial Consulting,3.5,Education
InteriorHive Solutions,Corporate Training,3.4,Infrastructure
NextGen Pvt Ltd,Corporate Training,5.0,IT Services
CoreBuild Industries,Civil Construction,3.6,IT Services
BrightPath Group,Civil Construction,4.9,Infrastructure
TechNova Group,Cyber Security,3.7,IT Services
PrimeLogics Group,Civil Construction,4.4,Design
TechNova Group,Digital Marketing,3.7,IT Services
TechNova Solutions,Financial Consulting,3.7,IT Services
BuildPro Enterprises,Web Development,4.6,Design
TechNova Industries,Corporate Training,4.2,Education
BrightPath Solutions,Cloud Services,3.4,Finance
PrimeLogics Pvt Ltd,Digital Marketing,3.6,Design
FinEdge Industries,Cyber Security,3.6,Finance
MegaBuild Enterprises,Mobile App Development,3.5,Finance
MarketGenius Industries,Cyber Security,4.2,Infrastructure
TechNova Pvt Ltd,Mobile App Development,3.7,Marketing
VisionTech Pvt Ltd,AI/ML Services,3.8,IT Services
CloudLink Group,Interior Design,3.9,IT Services
CloudLink Group,Cloud Services,3.5,Finance
NextGen Solutions,Digital Marketing,3.7,Infrastructure
VisionTech Solutions,Cloud Services,4.1,Marketing
TechNova Solutions,Cyber Security,3.9,Finance
InteriorHive Solutions,Interior Design,3.8,Marketing
VisionTech Industries,Financial Consulting,4.8,Education
UrbanCraft Solutions,AI/ML Services,4.1,Finance
BrightPath Solutions,AI/ML Services,4.1,Finance
NextGen Pvt Ltd,Cloud Services,4.9,Design
CoreBuild Enterprises,Corporate Training,3.4,Education
AlphaWorks Solutions,Civil Construction,3.9,Education
CloudLink Solutions,Interior Design,4.5,Design
TechNova Industries,Financial Consulting,3.4,Marketing
FinEdge Industries,Financial Consulting,3.4,Marketing
UrbanCraft Pvt Ltd,Cyber Security,3.7,IT Services
SkyHigh Solutions,Civil Construction,3.1,Marketing
PrimeLogics Enterprises,Web Development,4.4,Infrastructure
NextGen Group,Mobile App Development,3.3,Education
BuildPro Pvt Ltd,Mobile App Development,4.8,Infrastructure
TechNova Solutions,Corporate Training,3.9,IT Services
AlphaWorks Industries,Mobile App Development,3.2,Design
CloudLink Solutions,AI/ML Services,3.2,Education
VisionTech Group,Financial Consulting,4.8,Marketing
CyberMatrix Group,Web Development,4.1,Marketing
SkyHigh Solutions,Interior Design,4.1,Education
VisionTech Group,Interior Design,3.8,Education
UrbanCraft Solutions,Corporate Training,3.4,Education
UrbanCraft Industries,Civil Construction,4.8,Design
CloudSphere Pvt Ltd,Mobile App Development,4.8,Infrastructure
CoreBuild Pvt Ltd,Cyber Security,4.4,Finance
CloudSphere Industries,Civil Construction,3.4,Design
InteriorHive Enterprises,Digital Marketing,4.3,Education
PrimeLogics Industries,Web Development,3.4,IT Services
SecureNet Industries,Cyber Security,3.8,Education
BuildPro Enterprises,Mobile App Development,3.1,Finance
CyberMatrix Enterprises,Cyber Security,3.4,Education
FinEdge Group,Cloud Services,4.5,Finance
BrightPath Industries,Mobile App Development,3.3,Finance
VisionTech Enterprises,Cyber Security,4.4,Design
BuildPro Pvt Ltd,Corporate Training,3.3,Marketing
NextGen Enterprises,AI/ML Services,5.0,Design
InteriorHive Pvt Ltd,Corporate Training,4.9,IT Services
SecureNet Pvt Ltd,Cloud Services,5.0,Marketing
NextGen Solutions,Interior Design,4.8,Design
CyberMatrix Pvt Ltd,Cloud Services,4.4,Education
FinEdge Group,Corporate Training,4.5,Marketing
VisionTech Industries,Cloud Services,4.4,Design
SecureNet Enterprises,Financial Consulting,3.6,Marketing
UrbanCraft Pvt Ltd,Corporate Training,4.4,Education
SkyHigh Enterprises,Interior Design,3.3,Infrastructure
SecureNet Solutions,Mobile App Development,3.7,Design
GreenLeaf Solutions,Civil Construction,4.7,Marketing
BrightPath Enterprises,Interior Design,4.1,Education
UrbanCraft Solutions,Financial Consulting,3.9,IT Services
SkyHigh Solutions,Cloud Services,3.4,IT Services
BuildPro Pvt Ltd,Financial Consulting,3.0,Education
SkyHigh Enterprises,Interior Design,3.9,Finance
InteriorHive Enterprises,Corporate Training,4.4,Education
AdWise Industries,Digital Marketing,3.4,Education
VisionTech Pvt Ltd,Cloud Services,3.0,Design
TechNova Pvt Ltd,Corporate Training,3.0,Marketing
AlphaWorks Pvt Ltd,Cyber Security,3.5,Finance
MegaBuild Solutions,Cyber Security,3.1,Education
BuildPro Pvt Ltd,Civil Construction,3.7,Education
SecureNet Industries,Mobile App Development,3.5,Design
CloudLink Group,Digital Marketing,3.2,IT Services
PrimeLogics Enterprises,Mobile App Development,4.2,Marketing
NextGen Enterprises,Civil Construction,3.7,Marketing
VisionTech Group,Web Development,4.2,Marketing
CoreBuild Industries,Financial Consulting,3.4,Education
VisionTech Pvt Ltd,Mobile App Development,3.6,IT Services
CyberMatrix Industries,Cyber Security,4.0,Education
AlphaWorks Pvt Ltd,Interior Design,4.9,Infrastructure
MarketGenius Pvt Ltd,Corporate Training,4.3,IT Services
NextGen Enterprises,Web Development,3.7,Finance
FinEdge Enterprises,Financial Consulting,3.5,IT Services
UrbanCraft Group,Corporate Training,4.1,Design
SkyHigh Solutions,Cloud Services,4.3,Infrastructure
NextGen Industries,Financial Consulting,4.3,Finance
SkyHigh Industries,AI/ML Services,3.8,Design
PrimeLogics Industries,AI/ML Services,3.4,Education
AlphaWorks Group,Cloud Services,3.6,IT Services
BuildPro Group,Digital Marketing,3.3,IT Services
MarketGenius Group,Civil Construction,3.8,Marketing
CyberMatrix Industries,Web Development,4.4,Finance
NextGen Pvt Ltd,AI/ML Services,4.6,Infrastructure
VisionTech Enterprises,Corporate Training,3.5,IT Services
AdWise Industries,Mobile App Development,4.5,Education
SecureNet Enterprises,Civil Construction,3.9,Finance
MegaBuild Pvt Ltd,Digital Marketing,3.6,IT Services
FinEdge Group,Digital Marketing,4.7,Marketing
AlphaWorks Industries,Corporate Training,4.8,IT Services
InteriorHive Pvt Ltd,Financial Consulting,4.1,Design
FinEdge Group,Financial Consulting,4.2,Finance
InteriorHive Solutions,Web Development,4.8,Education
FinEdge Group,Mobile App Development,4.9,IT Services
CoreBuild Enterprises,Civil Construction,4.0,IT Services
BuildPro Group,Mobile App Development,4.0,IT Services
UrbanCraft Pvt Ltd,Cloud Services,3.7,IT Services
AdWise Pvt Ltd,AI/ML Services,4.4,Marketing
CoreBuild Solutions,Cloud Services,4.7,Infrastructure
CoreBuild Solutions,Cloud Services,4.7,Marketing
InteriorHive Pvt Ltd,Financial Consulting,4.0,IT Services
AlphaWorks Solutions,AI/ML Services,3.9,IT Services
MarketGenius Solutions,Civil Construction,3.1,Infrastructure
AlphaWorks Industries,Financial Consulting,3.1,Design
AdWise Enterprises,Interior Design,3.6,Design
InteriorHive Industries,Civil Construction,4.7,Infrastructure
CoreBuild Solutions,Digital Marketing,4.6,IT Services
TechNova Industries,Cloud Services,4.3,Infrastructure
CloudLink Enterprises,Corporate Training,3.2,Design
SkyHigh Group,Cyber Security,4.2,Marketing
CyberMatrix Enterprises,Web Development,3.2,Design
MarketGenius Enterprises,Mobile App Development,4.7,Infrastructure
CyberMatrix Industries,Mobile App Development,4.3,Finance
CyberMatrix Solutions,Mobile App Development,3.8,Design
BuildPro Industries,Cyber Security,3.2,Design
BuildPro Solutions,Cloud Services,3.3,Infrastructure
GreenLeaf Industries,Civil Construction,3.0,Design
FinEdge Group,Cloud Services,4.2,Marketing
CoreBuild Industries,Web Development,4.7,Education
GreenLeaf Solutions,Cloud Services,4.0,IT Services
UrbanCraft Group,Cyber Security,3.8,Marketing
FinEdge Group,Interior Design,4.4,Education
MarketGenius Enterprises,Financial Consulting,4.9,Education
AlphaWorks Pvt Ltd,Web Development,3.1,IT Services
UrbanCraft Group,Digital Marketing,3.3,IT Services
AdWise Group,AI/ML Services,3.3,Design
BrightPath Solutions,Web Development,3.4,Finance
TechNova Enterprises,Web Development,3.6,Design
CoreBuild Pvt Ltd,Corporate Training,3.8,IT Services
AdWise Industries,Financial Consulting,4.9,Marketing
CyberMatrix Enterprises,AI/ML Services,4.0,Marketing
CloudLink Industries,Civil Construction,3.8,Design
BrightPath Pvt Ltd,Corporate Training,3.4,Infrastructure
SkyHigh Solutions,AI/ML Services,4.9,IT Services
CyberMatrix Enterprises,Digital Marketing,4.7,Education
CyberMatrix Enterprises,Cloud Services,3.8,Education
AlphaWorks Industries,Web Development,3.1,Education
AdWise Enterprises,Interior Design,3.5,Marketing
CyberMatrix Solutions,Digital Marketing,4.0,Design
InteriorHive Pvt Ltd,Web Development,3.2,Finance
CoreBuild Pvt Ltd,Mobile App Development,4.3,IT Services
UrbanCraft Enterprises,Mobile App Development,3.9,Infrastructure
VisionTech Industries,Financial Consulting,4.9,IT Services
CyberMatrix Solutions,Web Development,4.3,Marketing
MarketGenius Group,Cyber Security,4.4,IT Services
SecureNet Group,Web Development,4.8,Education
FinEdge Pvt Ltd,Cloud Services,4.0,Design
CloudLink Pvt Ltd,Cyber Security,4.1,Marketing
AlphaWorks Group,Cyber Security,3.5,Finance
SecureNet Pvt Ltd,Digital Marketing,4.3,Infrastructure
CloudLink Enterprises,Corporate Training,3.7,Finance
CoreBuild Enterprises,Cloud Services,4.9,Finance
UrbanCraft Solutions,Cloud Services,4.8,Infrastructure
FinEdge Solutions,Corporate Training,4.8,IT Services
AdWise Solutions,Civil Construction,3.9,IT Services
AdWise Enterprises,Civil Construction,3.9,Marketing
VisionTech Group,Financial Consulting,4.5,Infrastructure
InteriorHive Group,Financial Consulting,4.0,Design
TechNova Enterprises,Web Development,4.4,Marketing
CloudSphere Pvt Ltd,Interior Design,4.5,Education
PrimeLogics Group,Cloud Services,4.4,IT Services
SecureNet Group,Civil Construction,4.4,Infrastructure
GreenLeaf Enterprises,Mobile App Development,4.1,Education
CloudSphere Industries,Interior Design,4.1,Education
PrimeLogics Industries,Financial Consulting,4.0,IT Services
BuildPro Enterprises,Financial Consulting,3.3,Design
CoreBuild Solutions,Financial Consulting,3.4,Marketing
SkyHigh Enterprises,Civil Construction,3.1,Education
VisionTech Industries,Civil Construction,3.4,Finance
FinEdge Pvt Ltd,Mobile App Development,4.6,Marketing
AlphaWorks Solutions,Interior Design,4.6,Finance
InteriorHive Solutions,Financial Consulting,4.6,IT Services
NextGen Pvt Ltd,Interior Design,4.3,Design
AdWise Solutions,Corporate Training,5.0,Finance
InteriorHive Enterprises,Cyber Security,3.4,IT Services
CloudLink Solutions,Digital Marketing,4.0,Finance
PrimeLogics Enterprises,Web Development,3.3,Finance
BrightPath Pvt Ltd,Web Development,3.5,Marketing
PrimeLogics Industries,Mobile App Development,3.5,Design
AlphaWorks Pvt Ltd,Financial Consulting,5.0,Finance
CloudSphere Solutions,Cloud Services,4.6,Finance
CoreBuild Group,Civil Construction,3.6,Infrastructure
PrimeLogics Enterprises,Corporate Training,4.4,Education
MarketGenius Pvt Ltd,Corporate Training,4.6,Design
CoreBuild Solutions,Civil Construction,4.6,Design
CloudSphere Group,Cyber Security,4.7,Design
FinEdge Enterprises,Interior Design,3.1,Education
BuildPro Group,Financial Consulting,4.3,IT Services
CloudSphere Industries,Civil Construction,4.0,Education
BrightPath Group,AI/ML Services,3.8,IT Services
AlphaWorks Enterprises,Civil Construction,4.7,Marketing
CoreBuild Enterprises,Web Development,3.2,Education
MarketGenius Industries,Web Development,4.7,Design
BuildPro Group,Corporate Training,4.3,Finance
CyberMatrix Enterprises,Interior Design,3.2,Marketing
CloudSphere Pvt Ltd,Interior Design,3.1,Finance
CloudSphere Industries,AI/ML Services,4.6,Infrastructure
NextGen Group,Web Development,4.9,Design
SkyHigh Solutions,Web Development,4.3,IT Services
MegaBuild Solutions,Cyber Security,4.2,Design
MegaBuild Industries,Corporate Training,4.1,Marketing
SkyHigh Industries,Cyber Security,3.5,Infrastructure
BuildPro Solutions,Cloud Services,3.6,Marketing
CoreBuild Enterprises,Cyber Security,3.7,IT Services
GreenLeaf Industries,Cloud Services,4.1,Infrastructure
UrbanCraft Enterprises,Web Development,3.4,IT Services
CoreBuild Pvt Ltd,Civil Construction,3.7,Finance
InteriorHive Industries,Corporate Training,4.6,Education
InteriorHive Solutions,Digital Marketing,3.2,Infrastructure
BuildPro Industries,Digital Marketing,4.9,IT Services
CyberMatrix Pvt Ltd,Financial Consulting,3.9,Design
BuildPro Solutions,AI/ML Services,4.3,Infrastructure
NextGen Solutions,Financial Consulting,4.6,IT Services
BuildPro Solutions,Financial Consulting,4.7,Infrastructure
CloudSphere Solutions,Digital Marketing,4.4,Design
CloudSphere Group,Cyber Security,4.6,IT Services
CloudLink Group,Web Development,4.8,Finance
AlphaWorks Group,Corporate Training,4.9,Design
UrbanCraft Enterprises,Cloud Services,3.1,Design
TechNova Industries,Cloud Services,4.1,Marketing
BrightPath Pvt Ltd,Mobile App Development,4.8,Education
CloudSphere Enterprises,Financial Consulting,3.4,Marketing
PrimeLogics Enterprises,Mobile App Development,4.0,Finance
AlphaWorks Industries,Civil Construction,3.1,Design
MarketGenius Enterprises,Interior Design,3.1,Education
CloudLink Group,Mobile App Development,4.1,Design
PrimeLogics Group,Cyber Security,3.8,Finance
BuildPro Group,Mobile App Development,3.9,Finance
UrbanCraft Group,Web Development,3.9,Infrastructure
GreenLeaf Group,Digital Marketing,3.3,IT Services
BuildPro Industries,Civil Construction,5.0,Education
FinEdge Pvt Ltd,Cloud Services,3.8,Marketing
VisionTech Industries,Corporate Training,3.6,Marketing
CloudLink Solutions,Corporate Training,3.1,Design
CyberMatrix Pvt Ltd,AI/ML Services,4.3,Infrastructure
CyberMatrix Industries,Cyber Security,5.0,Marketing
CyberMatrix Industries,Financial Consulting,4.9,Design
CoreBuild Pvt Ltd,Digital Marketing,3.4,Infrastructure
MegaBuild Pvt Ltd,Cloud Services,4.8,Education
CloudLink Enterprises,Corporate Training,3.9,Education
MarketGenius Pvt Ltd,Cyber Security,3.8,Infrastructure
SecureNet Solutions,Financial Consulting,4.8,Design
AdWise Group,Mobile App Development,4.8,IT Services
SecureNet Solutions,Mobile App Development,3.4,Finance
TechNova Pvt Ltd,Cloud Services,4.0,Education
SkyHigh Pvt Ltd,Interior Design,4.4,Marketing
SecureNet Enterprises,Corporate Training,3.1,Education
UrbanCraft Enterprises,Corporate Training,3.6,IT Services
NextGen Solutions,Web Development,4.1,Design
TechNova Solutions,Mobile App Development,4.9,Marketing
MarketGenius Solutions,Mobile App Development,4.4,Infrastructure
NextGen Group,Cloud Services,4.4,Infrastructure
UrbanCraft Industries,Financial Consulting,4.6,IT Services
PrimeLogics Solutions,Mobile App Development,3.3,IT Services
SecureNet Industries,Financial Consulting,4.6,Design
SecureNet Enterprises,AI/ML Services,3.2,Design
CyberMatrix Industries,AI/ML Services,3.6,Finance
UrbanCraft Pvt Ltd,Cyber Security,3.7,Marketing
BrightPath Solutions,Digital Marketing,4.5,IT Services
GreenLeaf Group,Cloud Services,4.4,Finance
BrightPath Pvt Ltd,AI/ML Services,3.8,Infrastructure
AlphaWorks Solutions,Digital Marketing,3.7,IT Services
CoreBuild Solutions,Corporate Training,4.9,Infrastructure
SkyHigh Solutions,Civil Construction,4.9,IT Services
MarketGenius Industries,AI/ML Services,3.6,Education
VisionTech Group,Cloud Services,3.6,Education
CloudSphere Solutions,Corporate Training,4.4,IT Services
AlphaWorks Enterprises,Financial Consulting,4.0,Education
UrbanCraft Solutions,Cloud Services,4.1,IT Services
FinEdge Solutions,Financial Consulting,3.4,Marketing
SecureNet Solutions,Cyber Security,3.5,Education
GreenLeaf Enterprises,AI/ML Services,3.5,IT Services
CyberMatrix Pvt Ltd,Financial Consulting,4.8,Finance
AdWise Pvt Ltd,Digital Marketing,4.7,Marketing
CyberMatrix Group,Interior Design,3.4,Design
CyberMatrix Enterprises,Digital Marketing,4.8,IT Services
CoreBuild Industries,Cyber Security,4.4,Design
MarketGenius Group,Interior Design,3.9,Infrastructure
MegaBuild Pvt Ltd,Cloud Services,3.4,Finance
CloudLink Enterprises,AI/ML Services,3.9,Marketing
NextGen Group,Cloud Services,4.5,Finance
CloudSphere Industries,Cyber Security,4.2,Finance
SkyHigh Industries,Cloud Services,4.5,Design
BuildPro Industries,AI/ML Services,3.2,Marketing
SecureNet Enterprises,Digital Marketing,4.6,Infrastructure
BrightPath Solutions,Corporate Training,4.2,Education
MarketGenius Solutions,AI/ML Services,4.0,Education
PrimeLogics Group,Mobile App Development,3.6,Finance
BuildPro Enterprises,AI/ML Services,3.5,Education
AdWise Industries,Cyber Security,3.8,IT Services
PrimeLogics Enterprises,Web Development,4.0,Finance
BuildPro Enterprises,Corporate Training,3.3,Infrastructure
AlphaWorks Group,Cloud Services,3.7,Design
CloudLink Enterprises,Financial Consulting,3.4,IT Services
BrightPath Industries,Civil Construction,3.9,Infrastructure
AlphaWorks Industries,Cyber Security,4.2,Infrastructure
BuildPro Solutions,Civil Construction,4.9,Design
SecureNet Enterprises,Financial Consulting,3.1,Marketing
AlphaWorks Group,Financial Consulting,3.6,Finance
SkyHigh Enterprises,Digital Marketing,3.7,Education
CloudSphere Group,Cyber Security,3.1,Education
CoreBuild Industries,Cyber Security,4.8,Marketing
SkyHigh Solutions,Cloud Services,3.4,Marketing
CoreBuild Group,Civil Construction,3.4,Marketing
MarketGenius Enterprises,Cloud Services,4.2,IT Services
SecureNet Group,Interior Design,3.8,IT Services
CyberMatrix Group,Financial Consulting,3.1,Education
NextGen Solutions,Cyber Security,4.4,Infrastructure
BrightPath Pvt Ltd,Digital Marketing,3.9,Education
AdWise Solutions,Digital Marketing,4.9,Education
BrightPath Industries,Cloud Services,3.9,Education
FinEdge Industries,Digital Marketing,3.9,Infrastructure
VisionTech Enterprises,Cloud Services,3.4,Marketing
BrightPath Solutions,Financial Consulting,3.8,Infrastructure
NextGen Enterprises,Civil Construction,3.2,Marketing
BrightPath Solutions,Financial Consulting,3.8,Marketing
MegaBuild Solutions,Cloud Services,4.1,IT Services
SecureNet Group,Cyber Security,4.4,IT Services
BrightPath Pvt Ltd,Web Development,3.2,Infrastructure
PrimeLogics Solutions,Web Development,4.3,Finance
AlphaWorks Pvt Ltd,Interior Design,4.4,Infrastructure
NextGen Enterprises,Web Development,3.2,Finance
AdWise Enterprises,Cloud Services,4.4,IT Services
MarketGenius Solutions,Interior Design,4.1,IT Services
PrimeLogics Industries,Interior Design,3.6,Marketing
AlphaWorks Industries,Corporate Training,3.4,IT Services
PrimeLogics Group,Digital Marketing,5.0,Design
UrbanCraft Pvt Ltd,Financial Consulting,3.5,Infrastructure
VisionTech Industries,Mobile App Development,4.5,Marketing
FinEdge Enterprises,Cloud Services,4.1,Infrastructure
AdWise Industries,Interior Design,4.9,Education
TechNova Pvt Ltd,AI/ML Services,3.1,Infrastructure
UrbanCraft Industries,Financial Consulting,4.9,IT Services
AlphaWorks Group,Cloud Services,3.6,Marketing
SkyHigh Group,Interior Design,3.6,Marketing
SkyHigh Solutions,Cyber Security,4.7,Education
UrbanCraft Industries,Cyber Security,4.5,Infrastructure
NextGen Enterprises,Interior Design,3.8,Design
MegaBuild Enterprises,Digital Marketing,4.8,IT Services
InteriorHive Enterprises,Financial Consulting,3.5,IT Services
BrightPath Enterprises,AI/ML Services,4.1,Infrastructure
SkyHigh Industries,Cyber Security,4.7,Education
AlphaWorks Solutions,Interior Design,3.7,Design
SecureNet Enterprises,Civil Construction,3.4,Finance
MegaBuild Pvt Ltd,Cyber Security,3.1,IT Services
UrbanCraft Enterprises,Web Development,3.6,Infrastructure
BuildPro Solutions,Corporate Training,4.0,Finance
CoreBuild Enterprises,Web Development,3.8,IT Services
GreenLeaf Enterprises,Financial Consulting,3.3,Infrastructure
MarketGenius Industries,Cloud Services,3.1,IT Services
MarketGenius Enterprises,Civil Construction,4.6,Marketing
InteriorHive Pvt Ltd,Cloud Services,4.7,IT Services
PrimeLogics Solutions,AI/ML Services,4.6,Marketing
NextGen Pvt Ltd,Financial Consulting,4.1,Infrastructure
SkyHigh Enterprises,Cyber Security,3.5,Design
BrightPath Pvt Ltd,Corporate Training,3.5,Design
SecureNet Industries,Mobile App Development,3.5,Finance
InteriorHive Group,Corporate Training,3.9,IT Services
UrbanCraft Enterprises,Corporate Training,4.0,Finance
CloudSphere Industries,Mobile App Development,4.3,Design
TechNova Enterprises,AI/ML Services,4.1,Design
AlphaWorks Solutions,AI/ML Services,3.9,Marketing
UrbanCraft Pvt Ltd,Cloud Services,3.2,IT Services
CloudSphere Group,Cyber Security,4.8,Infrastructure
CloudLink Pvt Ltd,Cyber Security,3.2,Infrastructure
AdWise Enterprises,Financial Consulting,3.8,IT Services
MegaBuild Pvt Ltd,Digital Marketing,4.1,Design
CloudSphere Industries,Mobile App Development,3.8,Marketing
AlphaWorks Pvt Ltd,Financial Consulting,4.1,Marketing
CyberMatrix Pvt Ltd,AI/ML Services,5.0,IT Services
CoreBuild Solutions,Digital Marketing,4.6,Marketing
UrbanCraft Pvt Ltd,Mobile App Development,4.4,Education
CyberMatrix Group,AI/ML Services,3.5,Finance
SkyHigh Industries,Financial Consulting,3.6,Marketing
SecureNet Group,AI/ML Services,3.8,Marketing
CoreBuild Solutions,Digital Marketing,4.1,IT Services
CyberMatrix Enterprises,Financial Consulting,4.5,Marketing
CyberMatrix Solutions,Digital Marketing,3.5,Infrastructure
AdWise Enterprises,Mobile App Development,3.3,Finance
SecureNet Industries,Interior Design,3.9,Finance
BuildPro Pvt Ltd,Financial Consulting,4.8,Finance
MegaBuild Solutions,Civil Construction,3.6,Design
SkyHigh Group,Corporate Training,4.4,Infrastructure
PrimeLogics Enterprises,Web Development,3.8,Education
TechNova Enterprises,Financial Consulting,4.5,Marketing
UrbanCraft Group,Mobile App Development,3.6,Marketing
InteriorHive Solutions,Corporate Training,4.6,Education
AdWise Enterprises,Digital Marketing,4.7,Infrastructure
PrimeLogics Solutions,Civil Construction,4.8,Infrastructure
CloudLink Solutions,Corporate Training,3.8,Education
InteriorHive Enterprises,Mobile App Development,3.4,Design
CyberMatrix Solutions,Cloud Services,4.1,Education
FinEdge Enterprises,Digital Marketing,4.9,Design
GreenLeaf Industries,Mobile App Development,4.6,Finance
TechNova Group,Web Development,3.8,Infrastructure
BrightPath Industries,Mobile App Development,3.1,Finance
SecureNet Solutions,Civil Construction,3.8,IT Services
CoreBuild Pvt Ltd,Interior Design,4.7,IT Services
CloudLink Industries,Civil Construction,3.3,Design
FinEdge Solutions,Financial Consulting,3.7,Education
SkyHigh Pvt Ltd,AI/ML Services,3.4,Marketing
CloudLink Solutions,Web Development,3.5,Finance
GreenLeaf Enterprises,Cloud Services,3.4,IT Services
PrimeLogics Pvt Ltd,AI/ML Services,4.0,IT Services
GreenLeaf Solutions,Cyber Security,4.8,Education
MegaBuild Group,AI/ML Services,3.4,IT Services
FinEdge Enterprises,Web Development,4.7,IT Services
PrimeLogics Solutions,Interior Design,3.9,Design
UrbanCraft Solutions,Digital Marketing,4.7,Infrastructure
MegaBuild Enterprises,Financial Consulting,3.6,Infrastructure
VisionTech Solutions,Corporate Training,3.9,Marketing
BuildPro Group,AI/ML Services,3.5,Infrastructure
CloudLink Enterprises,Corporate Training,4.9,Infrastructure
NextGen Enterprises,Corporate Training,4.5,IT Services
CloudLink Enterprises,Cloud Services,4.3,Infrastructure
UrbanCraft Solutions,Corporate Training,4.9,Infrastructure
BuildPro Enterprises,Cloud Services,4.5,Finance
MegaBuild Industries,Corporate Training,3.3,Design
BrightPath Industries,Financial Consulting,4.9,Education
FinEdge Solutions,Corporate Training,4.8,Marketing
SecureNet Enterprises,Financial Consulting,3.9,Education
InteriorHive Industries,Mobile App Development,3.5,Finance
GreenLeaf Enterprises,Financial Consulting,3.7,Design
VisionTech Pvt Ltd,Financial Consulting,3.9,Marketing
SkyHigh Group,Financial Consulting,3.7,Finance
AlphaWorks Pvt Ltd,Web Development,4.0,Education
GreenLeaf Industries,Web Development,4.5,Marketing
NextGen Pvt Ltd,Cyber Security,4.1,Design
BuildPro Pvt Ltd,AI/ML Services,3.6,IT Services
FinEdge Solutions,AI/ML Services,4.1,Education
CloudLink Pvt Ltd,Civil Construction,3.7,Education
GreenLeaf Group,AI/ML Services,4.7,Marketing
AlphaWorks Enterprises,Financial Consulting,4.1,IT Services
MegaBuild Group,Financial Consulting,4.3,Marketing
MegaBuild Pvt Ltd,Corporate Training,4.6,Education
NextGen Group,Cloud Services,3.3,Finance
GreenLeaf Group,Cyber Security,4.7,Marketing
InteriorHive Group,Cloud Services,3.9,Infrastructure
NextGen Group,Web Development,4.1,Finance
FinEdge Pvt Ltd,Mobile App Development,4.1,Marketing
PrimeLogics Industries,Civil Construction,3.3,Infrastructure
InteriorHive Solutions,Financial Consulting,4.1,IT Services
NextGen Group,Interior Design,3.7,Marketing
CloudLink Solutions,Financial Consulting,4.7,Marketing
BrightPath Enterprises,Interior Design,4.2,Infrastructure
CoreBuild Group,Digital Marketing,4.9,Marketing
CloudLink Industries,Interior Design,3.3,Design
AlphaWorks Pvt Ltd,Civil Construction,3.7,IT Services
PrimeLogics Solutions,Financial Consulting,4.4,IT Services
CyberMatrix Group,AI/ML Services,4.2,Design
TechNova Pvt Ltd,Financial Consulting,3.8,IT Services
SecureNet Group,Corporate Training,4.5,Education
VisionTech Group,Cloud Services,4.6,IT Services
CoreBuild Solutions,Cloud Services,4.5,IT Services
GreenLeaf Industries,Cloud Services,3.8,Finance
NextGen Enterprises,Cyber Security,3.8,IT Services
AlphaWorks Solutions,Cyber Security,4.7,Design
PrimeLogics Solutions,Corporate Training,3.0,Finance
FinEdge Enterprises,Financial Consulting,3.3,Design
PrimeLogics Enterprises,AI/ML Services,4.6,Design
AlphaWorks Group,Corporate Training,4.1,Finance
UrbanCraft Solutions,AI/ML Services,4.1,Education
BrightPath Group,AI/ML Services,3.3,IT Services
BuildPro Pvt Ltd,Financial Consulting,4.0,IT Services
GreenLeaf Group,Civil Construction,3.9,IT Services
VisionTech Industries,Cloud Services,4.1,Education
NextGen Group,Web Development,4.4,Design
UrbanCraft Pvt Ltd,Financial Consulting,4.7,Education
CoreBuild Enterprises,Cyber Security,3.7,Marketing
AlphaWorks Solutions,Interior Design,4.4,Design
CoreBuild Enterprises,Cloud Services,3.7,IT Services
VisionTech Industries,Mobile App Development,3.3,Infrastructure
AdWise Industries,Mobile App Development,3.4,Finance
NextGen Pvt Ltd,Corporate Training,4.6,Marketing
NextGen Industries,Mobile App Development,4.9,Finance
MarketGenius Pvt Ltd,Cyber Security,3.9,Design
PrimeLogics Enterprises,Civil Construction,3.8,Design
CloudSphere Group,Digital Marketing,4.6,Marketing
VisionTech Group,Financial Consulting,4.4,Design
PrimeLogics Industries,Mobile App Development,3.5,Finance
CloudSphere Group,Digital Marketing,4.1,IT Services
MarketGenius Industries,Cyber Security,3.3,Infrastructure
FinEdge Group,Mobile App Development,4.7,Design
BrightPath Pvt Ltd,Corporate Training,3.2,Marketing
CloudLink Pvt Ltd,Digital Marketing,4.0,Marketing
VisionTech Solutions,AI/ML Services,4.5,Finance
MarketGenius Enterprises,Corporate Training,3.0,IT Services
CloudLink Solutions,Mobile App Development,3.1,Infrastructure
CloudSphere Solutions,Web Development,4.2,Marketing
BrightPath Group,Cloud Services,3.5,Education
CoreBuild Solutions,Web Development,4.2,Infrastructure
CloudLink Enterprises,Mobile App Development,3.5,Education
PrimeLogics Enterprises,Cloud Services,3.7,Education
MegaBuild Group,Interior Design,4.5,Infrastructure
SecureNet Enterprises,Corporate Training,4.9,IT Services
NextGen Solutions,Web Development,3.1,Infrastructure
SecureNet Enterprises,Corporate Training,3.5,IT Services
PrimeLogics Solutions,Civil Construction,4.1,IT Services
CloudSphere Industries,Web Development,3.7,Finance
CloudSphere Solutions,Cyber Security,4.3,Marketing
InteriorHive Industries,Web Development,3.3,Education
CyberMatrix Pvt Ltd,Web Development,3.4,Education
PrimeLogics Industries,Cyber Security,4.6,Finance
CloudLink Pvt Ltd,Financial Consulting,3.4,Design
SecureNet Group,Civil Construction,3.8,Marketing
AlphaWorks Pvt Ltd,Cloud Services,4.9,Marketing
UrbanCraft Industries,Corporate Training,4.8,Infrastructure
FinEdge Group,Digital Marketing,4.5,Finance
TechNova Solutions,Cyber Security,3.4,Finance
BrightPath Pvt Ltd,Corporate Training,4.6,Education
PrimeLogics Group,Civil Construction,3.5,Finance
NextGen Enterprises,Web Development,3.7,Education
SecureNet Industries,AI/ML Services,3.1,Marketing
BrightPath Solutions,Digital Marketing,4.5,Marketing
BuildPro Pvt Ltd,Interior Design,3.8,Infrastructure
MegaBuild Industries,Cyber Security,4.7,IT Services
InteriorHive Solutions,Cyber Security,4.4,Marketing
TechNova Enterprises,Web Development,3.8,Education
CloudLink Industries,Digital Marketing,3.9,Design
BuildPro Industries,Interior Design,3.1,Education
InteriorHive Pvt Ltd,Digital Marketing,4.3,Infrastructure
GreenLeaf Enterprises,Cloud Services,3.6,Infrastructure
AdWise Industries,Cyber Security,3.9,Design
InteriorHive Group,Mobile App Development,5.0,Infrastructure
SkyHigh Enterprises,AI/ML Services,3.7,Finance
InteriorHive Pvt Ltd,AI/ML Services,3.8,Education
VisionTech Group,Cloud Services,3.1,Education
MegaBuild Pvt Ltd,Digital Marketing,4.3,Finance
GreenLeaf Enterprises,Cyber Security,3.5,Marketing
CloudLink Pvt Ltd,Interior Design,4.9,Infrastructure
CloudLink Group,Cyber Security,4.2,Finance
GreenLeaf Enterprises,Corporate Training,4.7,Design
AlphaWorks Pvt Ltd,Civil Construction,4.6,Finance
FinEdge Group,Financial Consulting,3.3,Education
PrimeLogics Pvt Ltd,Cloud Services,3.0,Infrastructure
GreenLeaf Industries,Civil Construction,4.9,Infrastructure
CloudSphere Industries,Financial Consulting,4.9,Marketing
InteriorHive Enterprises,Civil Construction,4.4,Finance
BuildPro Enterprises,AI/ML Services,3.9,IT Services
SkyHigh Industries,Cloud Services,4.0,Design
SecureNet Group,Mobile App Development,3.4,Marketing
CloudLink Group,Web Development,3.1,Marketing
FinEdge Enterprises,Digital Marketing,3.6,Infrastructure
FinEdge Industries,Web Development,3.8,Marketing
VisionTech Group,Cloud Services,4.0,Education
CloudLink Industries,Cloud Services,3.8,Infrastructure
SkyHigh Solutions,Financial Consulting,4.6,Infrastructure
FinEdge Solutions,AI/ML Services,4.7,Marketing
BuildPro Group,Mobile App Development,3.2,Design
BrightPath Industries,Cyber Security,4.8,Finance
CyberMatrix Solutions,AI/ML Services,4.4,Infrastructure
CoreBuild Industries,Interior Design,3.1,Marketing
SecureNet Group,Interior Design,4.3,Design
BuildPro Enterprises,AI/ML Services,3.0,Education
MegaBuild Solutions,Cloud Services,3.8,Finance
AlphaWorks Group,Digital Marketing,3.6,Marketing
SecureNet Industries,Corporate Training,3.9,Education
AlphaWorks Industries,Web Development,5.0,Marketing
CyberMatrix Enterprises,Corporate Training,4.9,Marketing
SkyHigh Enterprises,Digital Marketing,3.2,Education
AlphaWorks Industries,Mobile App Development,4.4,Infrastructure
VisionTech Industries,AI/ML Services,5.0,Infrastructure
UrbanCraft Group,Mobile App Development,4.3,Finance
InteriorHive Solutions,Financial Consulting,4.3,Infrastructure
MarketGenius Solutions,Mobile App Development,3.9,Design
FinEdge Solutions,Web Development,3.8,Design
AdWise Solutions,Cyber Security,4.4,Education
CyberMatrix Group,Financial Consulting,4.9,Education
FinEdge Solutions,Interior Design,3.7,Education
BuildPro Solutions,Cloud Services,3.9,Education
BrightPath Pvt Ltd,Financial Consulting,4.1,IT Services
InteriorHive Industries,Digital Marketing,4.6,Infrastructure
CloudSphere Enterprises,Cloud Services,4.9,Finance
UrbanCraft Solutions,Interior Design,4.6,Design
FinEdge Enterprises,Digital Marketing,4.0,Infrastructure
MarketGenius Pvt Ltd,Cloud Services,3.8,Design
AdWise Group,Mobile App Development,3.7,IT Services
BuildPro Enterprises,Web Development,4.4,Design
MarketGenius Group,Corporate Training,4.2,Infrastructure
SkyHigh Pvt Ltd,AI/ML Services,4.1,Finance
AdWise Solutions,Cloud Services,4.0,Education
BuildPro Pvt Ltd,Corporate Training,5.0,IT Services
NextGen Industries,Corporate Training,3.5,IT Services
BuildPro Group,Mobile App Development,3.1,Marketing
FinEdge Pvt Ltd,Financial Consulting,4.8,IT Services
SecureNet Pvt Ltd,Civil Construction,5.0,Finance
CloudSphere Enterprises,Corporate Training,4.4,Infrastructure
CoreBuild Solutions,Mobile App Development,4.9,Infrastructure
MegaBuild Solutions,Interior Design,3.2,Education
FinEdge Enterprises,Corporate Training,3.9,Finance
UrbanCraft Enterprises,Cyber Security,3.8,Education
FinEdge Industries,Corporate Training,3.1,Design
AlphaWorks Group,Mobile App Development,3.3,IT Services
MarketGenius Group,Financial Consulting,4.4,Education
SkyHigh Solutions,Cyber Security,4.2,Education
FinEdge Pvt Ltd,Interior Design,4.8,Finance
CloudSphere Pvt Ltd,Digital Marketing,4.5,Design
InteriorHive Enterprises,Financial Consulting,3.0,IT Services
BuildPro Solutions,Web Development,3.1,Infrastructure
PrimeLogics Solutions,AI/ML Services,3.8,Finance
BrightPath Enterprises,Financial Consulting,4.5,Marketing
InteriorHive Group,Mobile App Development,4.4,IT Services
FinEdge Enterprises,Cyber Security,4.8,IT Services
CoreBuild Enterprises,Cloud Services,4.9,Education
BuildPro Enterprises,Digital Marketing,3.5,Infrastructure
CloudSphere Pvt Ltd,Digital Marketing,3.5,Marketing
CyberMatrix Enterprises,Financial Consulting,3.1,Infrastructure
UrbanCraft Enterprises,Civil Construction,4.3,Design
MegaBuild Enterprises,Cloud Services,4.9,Finance
NextGen Enterprises,Financial Consulting,3.9,IT Services
BuildPro Group,Web Development,4.1,Education
MarketGenius Enterprises,Corporate Training,3.3,Design
InteriorHive Pvt Ltd,Mobile App Development,4.9,Marketing
MegaBuild Industries,Mobile App Development,4.9,Education
SecureNet Industries,Mobile App Development,3.0,Finance
MarketGenius Enterprises,AI/ML Services,3.9,IT Services
CloudSphere Solutions,Digital Marketing,3.6,Infrastructure
CloudSphere Enterprises,Financial Consulting,4.6,Education
InteriorHive Solutions,Web Development,3.4,Finance
NextGen Group,Cloud Services,3.8,Education
BrightPath Industries,Cyber Security,3.6,Infrastructure
CoreBuild Solutions,Digital Marketing,4.1,Marketing
GreenLeaf Industries,Web Development,3.7,Design
FinEdge Solutions,Digital Marketing,3.3,Marketing
FinEdge Group,Corporate Training,3.4,Marketing
SecureNet Industries,AI/ML Services,3.9,Education
CyberMatrix Group,AI/ML Services,3.0,Finance
AdWise Solutions,AI/ML Services,3.2,IT Services
CyberMatrix Group,Civil Construction,4.6,Education
CloudLink Pvt Ltd,Corporate Training,3.4,Design
CloudSphere Enterprises,Digital Marketing,4.7,Design
MarketGenius Enterprises,AI/ML Services,3.0,Education
CloudSphere Solutions,Digital Marketing,4.1,Design
CoreBuild Industries,AI/ML Services,4.2,Finance
CyberMatrix Enterprises,Civil Construction,3.3,Infrastructure
CloudLink Group,Civil Construction,3.2,Education
VisionTech Industries,AI/ML Services,4.4,Infrastructure
NextGen Enterprises,Mobile App Development,4.6,IT Services
FinEdge Pvt Ltd,Mobile App Development,3.7,Marketing
MegaBuild Group,AI/ML Services,3.4,Marketing
CoreBuild Enterprises,Corporate Training,3.5,IT Services
MegaBuild Solutions,Cloud Services,4.4,Marketing
CloudSphere Pvt Ltd,Cloud Services,4.1,Finance
VisionTech Group,Cyber Security,4.7,Design
InteriorHive Enterprises,Civil Construction,4.1,Marketing
GreenLeaf Solutions,Cyber Security,4.3,Education
CloudSphere Pvt Ltd,Interior Design,3.1,Education
CloudLink Group,Financial Consulting,3.8,Marketing
VisionTech Group,Web Development,3.6,Education
CoreBuild Enterprises,Financial Consulting,3.7,Education
SecureNet Enterprises,Cyber Security,4.8,IT Services
FinEdge Pvt Ltd,Corporate Training,3.1,IT Services
BuildPro Industries,Mobile App Development,4.3,Infrastructure
CoreBuild Pvt Ltd,Civil Construction,3.7,Education
CoreBuild Industries,Interior Design,3.9,Education
TechNova Pvt Ltd,Web Development,4.8,Infrastructure
CyberMatrix Solutions,Interior Design,4.1,Design
CyberMatrix Pvt Ltd,Digital Marketing,4.6,Design
AlphaWorks Enterprises,AI/ML Services,4.1,IT Services
PrimeLogics Pvt Ltd,Corporate Training,3.9,Education
NextGen Group,Cyber Security,4.5,Design
MarketGenius Solutions,Web Development,4.3,Finance
InteriorHive Industries,Mobile App Development,3.0,Finance
NextGen Pvt Ltd,Cyber Security,3.7,Finance
SecureNet Group,Cloud Services,4.8,IT Services
MegaBuild Pvt Ltd,AI/ML Services,3.8,Design
SkyHigh Pvt Ltd,Financial Consulting,4.2,Marketing
VisionTech Enterprises,Web Development,3.5,Design
NextGen Pvt Ltd,Corporate Training,3.8,Design
AlphaWorks Pvt Ltd,Interior Design,3.3,IT Services
AdWise Industries,Web Development,3.9,Infrastructure
GreenLeaf Enterprises,AI/ML Services,3.2,Infrastructure
SkyHigh Group,Financial Consulting,3.2,Finance
CyberMatrix Pvt Ltd,Cyber Security,4.5,Infrastructure
AdWise Solutions,Civil Construction,4.9,Finance
SkyHigh Industries,Interior Design,4.8,Finance
AdWise Enterprises,Corporate Training,4.3,Marketing
SecureNet Group,Corporate Training,3.6,Education
UrbanCraft Solutions,Interior Design,3.9,Marketing
GreenLeaf Industries,Digital Marketing,3.8,Finance
InteriorHive Industries,AI/ML Services,3.9,Education
NextGen Group,Financial Consulting,3.5,Education
FinEdge Pvt Ltd,Interior Design,4.5,Marketing
FinEdge Enterprises,Corporate Training,3.6,Marketing
AlphaWorks Enterprises,Civil Construction,3.8,Infrastructure
PrimeLogics Group,Interior Design,4.9,IT Services
VisionTech Group,Web Development,4.0,Education
TechNova Group,Interior Design,4.9,Infrastructure
BuildPro Group,Web Development,4.4,Education
CoreBuild Industries,Interior Design,4.8,Education
TechNova Group,Corporate Training,3.5,Marketing
GreenLeaf Solutions,Mobile App Development,3.7,Education
CloudLink Enterprises,Financial Consulting,4.6,Education
UrbanCraft Pvt Ltd,Cyber Security,3.5,Finance
SkyHigh Industries,Cyber Security,3.1,Design
CloudLink Industries,Digital Marketing,3.5,Infrastructure
CoreBuild Solutions,Civil Construction,3.1,Infrastructure
BrightPath Industries,Web Development,3.9,Education
NextGen Enterprises,AI/ML Services,4.3,Finance
SkyHigh Enterprises,Cloud Services,3.9,Infrastructure
CoreBuild Group,Cyber Security,4.4,Marketing
UrbanCraft Group,AI/ML Services,4.0,Design
UrbanCraft Pvt Ltd,Civil Construction,3.1,Marketing
CloudSphere Solutions,Cyber Security,3.5,Design
MarketGenius Solutions,Financial Consulting,4.5,IT Services
SecureNet Group,Corporate Training,4.0,Education
TechNova Enterprises,Civil Construction,3.7,Design
BuildPro Group,Cloud Services,4.5,IT Services
CyberMatrix Pvt Ltd,Cloud Services,4.0,Marketing
BrightPath Solutions,Civil Construction,3.3,IT Services
VisionTech Enterprises,Cyber Security,5.0,Education
BuildPro Pvt Ltd,Financial Consulting,5.0,Design
InteriorHive Enterprises,Interior Design,4.9,Marketing
NextGen Enterprises,Cloud Services,4.8,Infrastructure
SkyHigh Enterprises,Financial Consulting,3.3,Finance
SkyHigh Industries,Corporate Training,4.7,Design
SecureNet Pvt Ltd,Web Development,3.1,IT Services
CoreBuild Enterprises,Civil Construction,4.3,Education
InteriorHive Enterprises,AI/ML Services,4.2,Education
InteriorHive Pvt Ltd,Interior Design,5.0,Design
NextGen Solutions,Cyber Security,4.1,Infrastructure
AlphaWorks Solutions,Interior Design,3.4,IT Services
TechNova Solutions,Interior Design,3.1,Education
SecureNet Industries,Financial Consulting,3.7,Design
NextGen Pvt Ltd,Corporate Training,4.1,Marketing
GreenLeaf Solutions,Digital Marketing,3.7,Infrastructure
AlphaWorks Solutions,Cyber Security,4.6,Infrastructure
InteriorHive Enterprises,Financial Consulting,3.2,Infrastructure
UrbanCraft Solutions,Civil Construction,4.3,Education
CoreBuild Pvt Ltd,Cloud Services,4.4,Education
MegaBuild Pvt Ltd,Cloud Services,3.4,Education
MarketGenius Industries,Cloud Services,4.3,Education
SecureNet Group,Civil Construction,3.4,Design
SkyHigh Pvt Ltd,Corporate Training,4.9,Design
MarketGenius Industries,Web Development,4.1,Infrastructure
CoreBuild Industries,Mobile App Development,4.8,Finance
BrightPath Solutions,Mobile App Development,3.9,IT Services
AdWise Industries,Interior Design,3.3,Finance
UrbanCraft Solutions,Cloud Services,3.2,IT Services
BrightPath Enterprises,Financial Consulting,3.9,Finance
UrbanCraft Pvt Ltd,Digital Marketing,4.8,Design
MegaBuild Solutions,Corporate Training,4.3,Infrastructure
NextGen Group,Mobile App Development,3.7,Marketing
GreenLeaf Solutions,Interior Design,3.9,Design
FinEdge Group,Mobile App Development,3.2,Infrastructure
PrimeLogics Pvt Ltd,Civil Construction,4.6,Design
PrimeLogics Pvt Ltd,Interior Design,3.3,Finance
AdWise Industries,Financial Consulting,3.8,Education
GreenLeaf Industries,AI/ML Services,3.8,Infrastructure
PrimeLogics Group,AI/ML Services,4.5,IT Services
CoreBuild Group,Web Development,4.8,Finance
UrbanCraft Pvt Ltd,Financial Consulting,3.3,Finance
MarketGenius Solutions,Digital Marketing,3.8,Finance
CoreBuild Enterprises,Cyber Security,4.6,Education
CoreBuild Enterprises,Digital Marketing,4.6,Education
CloudSphere Solutions,Corporate Training,3.5,IT Services
CloudLink Solutions,Interior Design,3.0,Infrastructure
TechNova Group,Digital Marketing,3.2,Marketing
TechNova Industries,AI/ML Services,4.8,Design
InteriorHive Solutions,AI/ML Services,4.9,Education
UrbanCraft Solutions,Cyber Security,4.9,IT Services
CyberMatrix Solutions,Web Development,4.1,Education
InteriorHive Solutions,Corporate Training,4.7,Infrastructure
PrimeLogics Enterprises,Civil Construction,3.8,Finance
GreenLeaf Solutions,Interior Design,4.8,Design
CloudLink Pvt Ltd,AI/ML Services,4.8,Design
TechNova Pvt Ltd,Cyber Security,3.3,Design
GreenLeaf Pvt Ltd,Digital Marketing,4.2,Design
FinEdge Industries,AI/ML Services,3.3,IT Services
BuildPro Group,Interior Design,4.0,Infrastructure
FinEdge Pvt Ltd,Cloud Services,4.2,Education
InteriorHive Solutions,Financial Consulting,4.9,Education
NextGen Enterprises,Web Development,3.2,Education
BrightPath Industries,AI/ML Services,3.3,Marketing
SecureNet Solutions,Civil Construction,3.5,Infrastructure
BrightPath Industries,AI/ML Services,4.2,Infrastructure
MarketGenius Pvt Ltd,Corporate Training,4.4,Design
TechNova Pvt Ltd,Web Development,4.6,Marketing
InteriorHive Pvt Ltd,Mobile App Development,4.7,Finance
GreenLeaf Group,Financial Consulting,4.1,Finance
VisionTech Group,Civil Construction,3.7,Finance
MegaBuild Solutions,Cloud Services,3.2,Infrastructure
UrbanCraft Industries,Cloud Services,3.3,Education
PrimeLogics Enterprises,AI/ML Services,3.9,IT Services
GreenLeaf Enterprises,Digital Marketing,4.0,Design
CyberMatrix Group,Digital Marketing,4.6,Infrastructure
VisionTech Solutions,Corporate Training,4.6,Education
SecureNet Industries,Civil Construction,3.3,Infrastructure
CloudSphere Pvt Ltd,AI/ML Services,4.4,Marketing
BuildPro Enterprises,Mobile App Development,4.3,Infrastructure
SkyHigh Solutions,Mobile App Development,3.6,Marketing
SkyHigh Pvt Ltd,Cloud Services,3.8,Design
CloudLink Pvt Ltd,Corporate Training,3.0,Infrastructure
GreenLeaf Industries,Interior Design,3.2,Education
CyberMatrix Group,Cyber Security,3.7,Finance
SkyHigh Group,Corporate Training,4.2,Finance
CloudSphere Pvt Ltd,Interior Design,4.2,Design
BuildPro Enterprises,AI/ML Services,3.9,Marketing
SkyHigh Enterprises,Web Development,3.1,Education
CloudLink Pvt Ltd,Corporate Training,3.6,Finance
CyberMatrix Group,Corporate Training,4.8,Design
CloudLink Solutions,Digital Marketing,5.0,Marketing
VisionTech Industries,AI/ML Services,4.7,Finance
FinEdge Industries,Web Development,3.3,Infrastructure
CyberMatrix Industries,Cloud Services,4.5,Marketing
SkyHigh Enterprises,Mobile App Development,3.5,Education
SkyHigh Group,Mobile App Development,3.7,Design
MarketGenius Group,Interior Design,3.5,Finance
AlphaWorks Solutions,Financial Consulting,4.5,Finance
CyberMatrix Industries,Cloud Services,4.0,IT Services
NextGen Pvt Ltd,Financial Consulting,4.2,Design
MarketGenius Group,AI/ML Services,4.9,Marketing
CloudSphere Solutions,AI/ML Services,4.9,Infrastructure
NextGen Solutions,Civil Construction,3.7,IT Services
SecureNet Industries,Financial Consulting,4.1,Finance
AdWise Industries,Digital Marketing,4.2,IT Services
AdWise Industries,Cloud Services,3.3,IT Services
FinEdge Industries,Web Development,3.9,Finance
BuildPro Pvt Ltd,Civil Construction,3.6,Marketing
BuildPro Pvt Ltd,Financial Consulting,4.8,Education
CyberMatrix Pvt Ltd,AI/ML Services,4.2,Design
AlphaWorks Enterprises,Interior Design,5.0,Education
SkyHigh Solutions,Web Development,4.6,Education
MarketGenius Enterprises,Civil Construction,3.2,Infrastructure
InteriorHive Enterprises,Cyber Security,4.1,Education
PrimeLogics Pvt Ltd,Cyber Security,4.2,Infrastructure
BuildPro Solutions,Web Development,3.2,Design
CoreBuild Solutions,Digital Marketing,3.3,Design
BrightPath Pvt Ltd,Cloud Services,4.8,IT Services
TechNova Industries,Corporate Training,4.1,Finance
FinEdge Solutions,Interior Design,3.2,Education
NextGen Enterprises,Corporate Training,4.3,Finance
CoreBuild Enterprises,Web Development,3.4,Design
CoreBuild Industries,Mobile App Development,4.0,IT Services
CloudSphere Enterprises,Interior Design,4.4,Design
UrbanCraft Industries,Cyber Security,3.7,Finance
CoreBuild Group,Mobile App Development,4.9,Design
GreenLeaf Pvt Ltd,Financial Consulting,4.4,Education
MarketGenius Industries,Digital Marketing,3.1,Marketing
BrightPath Group,Cloud Services,4.3,Finance
CloudSphere Industries,Web Development,3.4,Marketing
SecureNet Pvt Ltd,AI/ML Services,4.2,Infrastructure
CloudSphere Pvt Ltd,Web Development,3.4,Marketing
BrightPath Enterprises,AI/ML Services,3.3,Finance
TechNova Pvt Ltd,Cyber Security,4.1,Education
FinEdge Pvt Ltd,Financial Consulting,4.3,IT Services
BrightPath Industries,Cyber Security,3.7,Design
CoreBuild Enterprises,Civil Construction,4.9,Marketing
CloudLink Pvt Ltd,Digital Marketing,3.3,Infrastructure
BrightPath Group,AI/ML Services,4.0,Education
GreenLeaf Solutions,Cloud Services,4.1,Design
AdWise Solutions,Financial Consulting,3.8,Design
AdWise Pvt Ltd,Web Development,3.1,Education
BuildPro Pvt Ltd,Mobile App Development,3.2,Marketing
CloudSphere Enterprises,Interior Design,4.3,IT Services
AdWise Enterprises,AI/ML Services,3.3,IT Services
MarketGenius Enterprises,Web Development,4.5,Finance
AdWise Solutions,Civil Construction,4.1,Finance
CoreBuild Solutions,AI/ML Services,3.6,Education
VisionTech Group,Civil Construction,3.9,Marketing
CloudSphere Enterprises,AI/ML Services,4.1,Education
CloudLink Solutions,Cyber Security,4.0,IT Services
CloudSphere Solutions,Cyber Security,4.6,Education
InteriorHive Enterprises,AI/ML Services,4.8,IT Services
MegaBuild Pvt Ltd,Interior Design,4.7,Design
TechNova Group,Cyber Security,3.5,Education
UrbanCraft Pvt Ltd,Financial Consulting,4.8,Marketing
CoreBuild Enterprises,Corporate Training,3.6,Design
BrightPath Group,Web Development,3.5,Education
GreenLeaf Enterprises,Civil Construction,4.0,Education
CoreBuild Group,Corporate Training,4.3,Design
TechNova Solutions,Cloud Services,4.2,Finance
NextGen Solutions,Web Development,4.7,IT Services
MegaBuild Industries,Cloud Services,4.6,IT Services
AdWise Solutions,AI/ML Services,3.2,Marketing
GreenLeaf Enterprises,Mobile App Development,3.6,IT Services
UrbanCraft Solutions,Digital Marketing,3.4,Design
BrightPath Enterprises,Mobile App Development,4.4,Education
BuildPro Group,Digital Marketing,5.0,IT Services
UrbanCraft Solutions,Digital Marketing,3.8,Infrastructure
AdWise Enterprises,Corporate Training,4.4,Design
FinEdge Enterprises,Mobile App Development,3.8,Design
CyberMatrix Industries,AI/ML Services,4.6,IT Services
VisionTech Industries,AI/ML Services,4.0,Design
CloudSphere Industries,Digital Marketing,4.8,IT Services
FinEdge Solutions,Digital Marketing,3.4,Finance
CyberMatrix Group,Digital Marketing,4.4,Marketing
CloudSphere Solutions,Mobile App Development,4.3,Design
NextGen Enterprises,Mobile App Development,4.6,Marketing
CoreBuild Enterprises,Web Development,4.3,Finance
BuildPro Industries,Interior Design,3.8,Design
TechNova Group,Cloud Services,4.4,Education
VisionTech Enterprises,Financial Consulting,4.4,Infrastructure
VisionTech Solutions,Cyber Security,3.6,Marketing
PrimeLogics Enterprises,Cyber Security,3.3,IT Services
NextGen Industries,Interior Design,3.3,Infrastructure
FinEdge Solutions,Mobile App Development,4.6,Finance
FinEdge Solutions,Corporate Training,3.4,Marketing
SkyHigh Enterprises,Mobile App Development,4.8,Finance
BrightPath Solutions,Web Development,4.7,Finance
CloudSphere Enterprises,Corporate Training,3.9,Design
GreenLeaf Industries,Cyber Security,4.2,Education
InteriorHive Solutions,Civil Construction,4.9,Education
CoreBuild Enterprises,AI/ML Services,3.2,Education
AlphaWorks Pvt Ltd,Digital Marketing,4.6,Design
SecureNet Industries,Corporate Training,4.1,Infrastructure
InteriorHive Industries,Web Development,4.3,IT Services
VisionTech Industries,Web Development,3.5,Design
SecureNet Enterprises,Cyber Security,4.8,Marketing
SecureNet Solutions,Cloud Services,3.7,Design
CloudLink Group,Financial Consulting,3.3,Infrastructure
CyberMatrix Solutions,Mobile App Development,4.6,Design
MarketGenius Group,AI/ML Services,3.4,Education
MarketGenius Group,Interior Design,3.2,Education
BuildPro Pvt Ltd,Financial Consulting,3.2,Design
SkyHigh Enterprises,Corporate Training,5.0,Design
AdWise Enterprises,Corporate Training,4.9,Finance
InteriorHive Enterprises,Cloud Services,4.0,Design
SkyHigh Group,Cloud Services,3.3,Design
CyberMatrix Enterprises,Mobile App Development,3.8,Design
MegaBuild Pvt Ltd,Civil Construction,3.1,Education
SecureNet Solutions,Web Development,4.4,Marketing
UrbanCraft Group,Financial Consulting,5.0,Finance
SecureNet Industries,Digital Marketing,3.9,Infrastructure
SecureNet Industries,Digital Marketing,4.4,Design
CoreBuild Industries,Financial Consulting,3.6,Design
SkyHigh Solutions,Interior Design,4.3,Finance
BrightPath Enterprises,Interior Design,3.9,Finance
PrimeLogics Solutions,Financial Consulting,3.5,IT Services
NextGen Pvt Ltd,Cyber Security,3.2,Finance
CloudSphere Enterprises,Corporate Training,3.8,Marketing
SkyHigh Enterprises,Cloud Services,4.9,Education
AlphaWorks Solutions,Cyber Security,3.8,Design
CyberMatrix Industries,Digital Marketing,3.7,Marketing
PrimeLogics Group,Interior Design,4.9,Marketing
SecureNet Industries,Web Development,4.2,IT Services
SkyHigh Solutions,Digital Marketing,4.5,Education
VisionTech Pvt Ltd,Mobile App Development,3.4,Education
MarketGenius Industries,Digital Marketing,3.9,Education
TechNova Group,Interior Design,4.4,Infrastructure
BuildPro Industries,Corporate Training,4.3,Finance
CloudLink Enterprises,Web Development,3.6,IT Services
MarketGenius Industries,Financial Consulting,4.6,IT Services
FinEdge Group,Cyber Security,3.6,Education
GreenLeaf Solutions,Financial Consulting,4.6,IT Services
AdWise Industries,Mobile App Development,4.7,Design
PrimeLogics Pvt Ltd,Corporate Training,4.3,Education
MegaBuild Solutions,Corporate Training,3.5,Design
SecureNet Enterprises,Civil Construction,4.9,Marketing
SecureNet Group,Mobile App Development,3.2,Finance
CoreBuild Industries,Web Development,3.6,Education
UrbanCraft Group,Financial Consulting,3.9,Infrastructure
AdWise Pvt Ltd,Mobile App Development,4.1,Infrastructure
SecureNet Pvt Ltd,Cyber Security,4.2,Finance
CoreBuild Group,Cloud Services,3.0,IT Services
UrbanCraft Pvt Ltd,Interior Design,4.4,Marketing
MarketGenius Solutions,Interior Design,3.5,Finance
BuildPro Group,Cloud Services,4.5,Marketing
BuildPro Solutions,Financial Consulting,3.3,Infrastructure
SecureNet Solutions,Cloud Services,5.0,Design
TechNova Enterprises,Interior Design,3.4,Finance
PrimeLogics Enterprises,AI/ML Services,3.7,Finance
CloudLink Enterprises,Digital Marketing,3.7,Infrastructure
CloudSphere Industries,AI/ML Services,4.2,Finance
FinEdge Group,Mobile App Development,3.8,Design
AlphaWorks Industries,Corporate Training,4.6,Education
AlphaWorks Enterprises,Cyber Security,3.6,Design
InteriorHive Enterprises,Interior Design,4.4,Marketing
AlphaWorks Industries,AI/ML Services,4.3,Design
PrimeLogics Industries,Cyber Security,3.7,Finance
MarketGenius Industries,Financial Consulting,5.0,Marketing
CyberMatrix Pvt Ltd,Corporate Training,4.6,Marketing
GreenLeaf Industries,Interior Design,4.2,Marketing
AdWise Solutions,Corporate Training,4.8,Design
AlphaWorks Industries,Financial Consulting,3.7,IT Services
MegaBuild Solutions,Corporate Training,3.4,Infrastructure
GreenLeaf Solutions,Digital Marketing,3.3,Design
CyberMatrix Industries,Cloud Services,4.3,Finance
GreenLeaf Pvt Ltd,Web Development,3.7,Design
VisionTech Industries,Interior Design,3.6,Marketing
TechNova Enterprises,AI/ML Services,4.3,Education
MegaBuild Enterprises,Cloud Services,4.6,Education
InteriorHive Pvt Ltd,Web Development,4.3,Design
CloudLink Enterprises,Mobile App Development,3.9,Marketing
AlphaWorks Enterprises,Cyber Security,4.5,Design
MegaBuild Group,Interior Design,3.7,Finance
NextGen Group,Civil Construction,4.0,IT Services
CloudLink Group,Cyber Security,3.2,Infrastructure
AlphaWorks Enterprises,Digital Marketing,4.5,Design
VisionTech Group,Financial Consulting,3.4,Marketing
AdWise Enterprises,AI/ML Services,4.5,Education
CoreBuild Solutions,Interior Design,5.0,Finance
BrightPath Group,AI/ML Services,4.6,IT Services
BrightPath Solutions,Mobile App Development,3.4,IT Services
CloudLink Solutions,Cyber Security,3.3,Infrastructure
BuildPro Enterprises,Mobile App Development,4.9,Education
CyberMatrix Solutions,Cyber Security,3.6,IT Services
CloudLink Solutions,Mobile App Development,4.9,Infrastructure
TechNova Group,Civil Construction,4.2,Marketing
CyberMatrix Enterprises,Web Development,3.8,Marketing
SkyHigh Industries,Cyber Security,4.3,Infrastructure
AlphaWorks Industries,Civil Construction,4.4,Design
MarketGenius Industries,Mobile App Development,3.6,Finance
SecureNet Enterprises,Interior Design,4.4,IT Services
PrimeLogics Pvt Ltd,AI/ML Services,4.3,Education
VisionTech Solutions,Cloud Services,4.5,Marketing
UrbanCraft Pvt Ltd,Digital Marketing,3.9,Finance
UrbanCraft Group,Civil Construction,4.2,Finance
BrightPath Solutions,Mobile App Development,4.3,Infrastructure
FinEdge Pvt Ltd,Corporate Training,3.9,Education
CyberMatrix Solutions,Civil Construction,3.4,Finance
CloudLink Industries,Web Development,3.7,Marketing
BuildPro Solutions,AI/ML Services,3.3,Design
BrightPath Enterprises,Cyber Security,4.3,Infrastructure
CoreBuild Pvt Ltd,AI/ML Services,3.6,IT Services
InteriorHive Pvt Ltd,Mobile App Development,4.1,Infrastructure
GreenLeaf Enterprises,Web Development,3.4,Marketing
CloudLink Pvt Ltd,Financial Consulting,4.7,Design
UrbanCraft Pvt Ltd,Web Development,4.6,Education
PrimeLogics Group,Web Development,3.5,Infrastructure
CyberMatrix Enterprises,Cloud Services,3.4,IT Services
UrbanCraft Enterprises,Cloud Services,4.3,IT Services
FinEdge Pvt Ltd,Web Development,3.6,Finance
BrightPath Pvt Ltd,Financial Consulting,4.2,Design
CloudLink Solutions,Cyber Security,4.3,Finance
CloudSphere Pvt Ltd,Interior Design,3.7,Infrastructure
AdWise Group,Digital Marketing,4.1,Finance
InteriorHive Pvt Ltd,Corporate Training,3.5,Marketing
PrimeLogics Enterprises,Cyber Security,3.5,Infrastructure
CoreBuild Solutions,Web Development,3.7,Design
PrimeLogics Solutions,Cyber Security,3.3,IT Services
MarketGenius Industries,Interior Design,4.3,Marketing
PrimeLogics Solutions,Digital Marketing,4.8,Marketing
NextGen Industries,Mobile App Development,3.7,Infrastructure
CyberMatrix Solutions,AI/ML Services,3.1,Design
AdWise Industries,Digital Marketing,3.8,Infrastructure
CloudLink Industries,Mobile App Development,3.6,Design
SecureNet Solutions,AI/ML Services,4.6,IT Services
BuildPro Pvt Ltd,Interior Design,3.4,Finance
GreenLeaf Industries,Interior Design,3.6,IT Services
AdWise Group,Corporate Training,4.3,Finance
PrimeLogics Enterprises,AI/ML Services,3.4,IT Services
TechNova Group,Cyber Security,4.0,IT Services
FinEdge Industries,Civil Construction,3.5,Infrastructure
SkyHigh Solutions,Financial Consulting,3.8,Finance
BrightPath Group,Web Development,4.0,IT Services
CoreBuild Enterprises,Financial Consulting,4.8,Design
TechNova Group,AI/ML Services,3.9,Design
UrbanCraft Group,Interior Design,3.7,Finance
NextGen Solutions,Financial Consulting,3.0,Marketing
UrbanCraft Group,Cyber Security,4.3,Infrastructure
AdWise Solutions,Cloud Services,3.5,IT Services
CloudLink Solutions,Cyber Security,3.7,Design
UrbanCraft Enterprises,Web Development,3.7,Education
CloudSphere Pvt Ltd,Web Development,3.5,Design
PrimeLogics Group,Interior Design,4.7,Design
CoreBuild Pvt Ltd,Civil Construction,3.8,Marketing
VisionTech Enterprises,Cyber Security,3.0,Finance
AdWise Industries,Digital Marketing,4.2,Marketing
SecureNet Group,Mobile App Development,4.7,Marketing
SkyHigh Pvt Ltd,Digital Marketing,3.6,Marketing
CyberMatrix Group,Corporate Training,4.2,Infrastructure
GreenLeaf Pvt Ltd,Interior Design,3.2,IT Services
CoreBuild Industries,Interior Design,4.9,Marketing
NextGen Pvt Ltd,Corporate Training,4.4,Education
AdWise Enterprises,Civil Construction,3.2,Finance
PrimeLogics Group,Interior Design,3.7,Infrastructure
InteriorHive Pvt Ltd,Interior Design,4.3,Marketing
SkyHigh Solutions,Digital Marketing,3.3,Education
CyberMatrix Solutions,Civil Construction,3.2,Design
CloudSphere Group,Cyber Security,4.4,Education
UrbanCraft Solutions,Financial Consulting,4.7,Infrastructure
BrightPath Industries,Mobile App Development,5.0,Finance
AlphaWorks Industries,Interior Design,4.3,IT Services
VisionTech Group,Web Development,4.1,IT Services
SkyHigh Solutions,Cyber Security,4.6,IT Services
BuildPro Group,Cyber Security,3.2,IT Services
GreenLeaf Group,Digital Marketing,3.6,Education
CloudLink Solutions,Cloud Services,3.6,Infrastructure
CoreBuild Group,Cloud Services,3.2,Infrastructure
MarketGenius Industries,Cyber Security,4.9,IT Services
AlphaWorks Group,Cyber Security,3.9,Marketing
TechNova Solutions,Interior Design,4.7,Design
SkyHigh Group,Cloud Services,3.5,Finance
GreenLeaf Pvt Ltd,Civil Construction,3.2,Education
PrimeLogics Industries,Corporate Training,3.5,Marketing
CloudSphere Industries,Interior Design,3.7,Design
CoreBuild Enterprises,Civil Construction,4.4,Infrastructure
CloudLink Solutions,Mobile App Development,3.4,Education
MarketGenius Industries,Interior Design,3.7,Marketing
FinEdge Group,Interior Design,3.4,IT Services
SecureNet Group,Corporate Training,4.1,IT Services
CloudSphere Group,AI/ML Services,3.5,Finance
MarketGenius Enterprises,Financial Consulting,3.9,IT Services
UrbanCraft Enterprises,Mobile App Development,3.5,Education
TechNova Solutions,AI/ML Services,3.5,Education
SecureNet Enterprises,Web Development,3.4,Marketing
CoreBuild Group,Mobile App Development,4.8,Marketing
CoreBuild Industries,Digital Marketing,4.8,Design
CoreBuild Group,Mobile App Development,4.3,IT Services
PrimeLogics Solutions,Digital Marketing,3.3,Education
CyberMatrix Group,Digital Marketing,3.5,IT Services
SecureNet Solutions,Interior Design,4.8,Infrastructure
AdWise Pvt Ltd,Digital Marketing,3.1,IT Services
CoreBuild Pvt Ltd,Interior Design,3.8,Marketing
FinEdge Enterprises,Interior Design,4.2,Finance
FinEdge Solutions,Web Development,3.3,Finance
AdWise Group,Mobile App Development,4.6,Education
AlphaWorks Solutions,Financial Consulting,3.3,IT Services
VisionTech Industries,Financial Consulting,4.5,Design
CloudLink Industries,Corporate Training,4.3,Education
CloudLink Pvt Ltd,AI/ML Services,3.6,Marketing
CoreBuild Industries,Web Development,4.6,IT Services
BuildPro Pvt Ltd,Interior Design,3.1,Marketing
VisionTech Pvt Ltd,AI/ML Services,4.5,Education
AlphaWorks Group,Interior Design,3.6,Education
CoreBuild Solutions,Corporate Training,3.3,Marketing
PrimeLogics Solutions,Civil Construction,3.5,Finance
CloudLink Pvt Ltd,AI/ML Services,3.1,IT Services
MegaBuild Pvt Ltd,Interior Design,3.2,Marketing
UrbanCraft Group,Web Development,4.5,IT Services
CoreBuild Group,Corporate Training,4.2,Marketing
SkyHigh Group,Cyber Security,4.1,IT Services
SkyHigh Solutions,Financial Consulting,3.0,Infrastructure
BuildPro Enterprises,Digital Marketing,4.8,Marketing
NextGen Solutions,Digital Marketing,4.8,Marketing
AdWise Solutions,Digital Marketing,4.8,Finance
SecureNet Industries,Corporate Training,4.7,Finance
FinEdge Enterprises,Mobile App Development,3.2,IT Services
BuildPro Industries,Interior Design,3.3,Design
MarketGenius Enterprises,Cyber Security,4.3,Marketing
VisionTech Solutions,Digital Marketing,4.6,Infrastructure
FinEdge Solutions,AI/ML Services,4.5,Marketing
UrbanCraft Solutions,Cyber Security,3.7,Infrastructure
CoreBuild Industries,Cloud Services,4.2,Marketing
SecureNet Pvt Ltd,Interior Design,3.0,Design
MarketGenius Industries,AI/ML Services,3.3,Design
NextGen Enterprises,Financial Consulting,4.3,Education
MarketGenius Enterprises,Corporate Training,4.5,Marketing
VisionTech Group,Civil Construction,4.3,Education
AlphaWorks Enterprises,Digital Marketing,4.7,Finance
FinEdge Pvt Ltd,Cyber Security,4.7,Marketing
GreenLeaf Group,Cyber Security,3.3,Infrastructure
CloudLink Industries,Cyber Security,4.9,IT Services
MarketGenius Industries,AI/ML Services,3.2,Infrastructure
InteriorHive Pvt Ltd,AI/ML Services,3.9,Marketing
SecureNet Solutions,Cyber Security,3.6,Infrastructure
NextGen Industries,Cloud Services,3.3,Education
UrbanCraft Industries,Civil Construction,4.0,Education
NextGen Enterprises,Digital Marketing,3.9,Infrastructure
NextGen Pvt Ltd,Mobile App Development,3.3,Infrastructure
BuildPro Industries,Corporate Training,3.4,Finance
CyberMatrix Solutions,Mobile App Development,4.5,Marketing
CloudSphere Group,Web Development,3.6,Marketing
NextGen Enterprises,Web Development,4.7,Marketing
SkyHigh Pvt Ltd,Web Development,3.8,Design
VisionTech Solutions,Corporate Training,4.7,Marketing
UrbanCraft Group,Interior Design,4.8,Education
VisionTech Industries,Mobile App Development,3.4,Education
AlphaWorks Pvt Ltd,AI/ML Services,4.5,Education
MegaBuild Solutions,Digital Marketing,4.3,Education
AlphaWorks Group,Digital Marketing,3.4,Education
CoreBuild Pvt Ltd,AI/ML Services,3.3,Infrastructure
SecureNet Group,Interior Design,4.5,Education
BrightPath Pvt Ltd,Web Development,3.9,IT Services
SkyHigh Enterprises,Mobile App Development,3.7,Design
MarketGenius Enterprises,Cloud Services,4.9,Design
NextGen Group,Corporate Training,3.4,Finance
CoreBuild Industries,Mobile App Development,4.8,Education
CyberMatrix Pvt Ltd,Mobile App Development,4.7,Marketing
AdWise Solutions,Web Development,3.5,IT Services
BrightPath Enterprises,Financial Consulting,3.9,Education
InteriorHive Enterprises,Corporate Training,4.1,Design
CyberMatrix Industries,Web Development,4.0,Infrastructure
InteriorHive Enterprises,Interior Design,3.5,IT Services
CyberMatrix Industries,Web Development,4.0,Marketing
TechNova Enterprises,Cloud Services,5.0,Education
AdWise Enterprises,Mobile App Development,3.5,Design
CoreBuild Pvt Ltd,Financial Consulting,4.2,Infrastructure
CloudLink Industries,Corporate Training,3.7,Education
CloudSphere Group,Digital Marketing,3.2,Infrastructure
NextGen Enterprises,Cloud Services,3.4,Infrastructure
FinEdge Industries,Web Development,4.0,Education
MarketGenius Group,Corporate Training,4.5,Education
FinEdge Group,Cyber Security,3.1,Education
UrbanCraft Pvt Ltd,Financial Consulting,3.3,Education
CloudSphere Group,Web Development,4.0,Marketing
AdWise Industries,Cloud Services,4.0,Education
TechNova Industries,Financial Consulting,4.5,Finance
PrimeLogics Solutions,Digital Marketing,4.6,Finance
BuildPro Enterprises,Financial Consulting,3.1,Infrastructure
MegaBuild Enterprises,Cyber Security,4.6,Education
TechNova Solutions,Cyber Security,4.7,IT Services
NextGen Pvt Ltd,AI/ML Services,4.3,IT Services
TechNova Pvt Ltd,Interior Design,3.5,Infrastructure
InteriorHive Pvt Ltd,Interior Design,4.0,Infrastructure
SkyHigh Pvt Ltd,Financial Consulting,5.0,IT Services
NextGen Solutions,AI/ML Services,3.3,Finance
BrightPath Enterprises,Civil Construction,3.1,Marketing
SkyHigh Solutions,Mobile App Development,3.4,Finance
CyberMatrix Enterprises,Digital Marketing,4.1,Finance
NextGen Enterprises,Mobile App Development,3.5,Marketing
AlphaWorks Solutions,Corporate Training,3.9,Infrastructure
SkyHigh Group,Mobile App Development,4.8,Education
CyberMatrix Enterprises,Interior Design,4.5,Infrastructure
NextGen Pvt Ltd,Corporate Training,4.2,Finance
CloudLink Industries,Corporate Training,3.1,Infrastructure
UrbanCraft Enterprises,Cyber Security,3.9,Infrastructure
AlphaWorks Enterprises,Mobile App Development,4.8,Design
AdWise Group,Corporate Training,4.8,Education
CloudLink Solutions,Digital Marketing,4.7,Design
VisionTech Enterprises,Digital Marketing,4.8,Infrastructure
CloudLink Solutions,Financial Consulting,5.0,IT Services
UrbanCraft Group,Cyber Security,3.1,Education
CyberMatrix Industries,Corporate Training,4.2,Infrastructure
MegaBuild Solutions,AI/ML Services,4.0,IT Services
CloudLink Group,Web Development,4.7,Finance
AdWise Industries,Digital Marketing,4.0,Finance
PrimeLogics Industries,Corporate Training,3.2,Infrastructure
UrbanCraft Enterprises,Web Development,4.2,IT Services
AlphaWorks Solutions,Corporate Training,4.8,Marketing
GreenLeaf Pvt Ltd,Civil Construction,3.8,IT Services
AdWise Industries,Interior Design,4.5,Infrastructure
FinEdge Pvt Ltd,Cloud Services,3.7,IT Services
AlphaWorks Group,Mobile App Development,3.1,Finance
TechNova Industries,AI/ML Services,3.8,Infrastructure
CloudSphere Solutions,Cyber Security,4.7,Infrastructure
CoreBuild Enterprises,AI/ML Services,4.0,Finance
PrimeLogics Group,Web Development,3.6,Design
VisionTech Solutions,Corporate Training,3.7,Education
TechNova Group,Web Development,4.9,IT Services
BrightPath Enterprises,Digital Marketing,3.4,Marketing
TechNova Enterprises,Web Development,3.7,IT Services
FinEdge Group,Mobile App Development,3.8,Finance
TechNova Solutions,Web Development,4.2,Finance
MegaBuild Industries,Digital Marketing,3.3,IT Services
InteriorHive Pvt Ltd,Corporate Training,3.1,Design
AlphaWorks Industries,Cloud Services,3.0,Education
SkyHigh Pvt Ltd,Digital Marketing,4.3,Finance
CloudLink Group,Financial Consulting,3.1,Marketing
BuildPro Enterprises,Financial Consulting,5.0,Finance
MarketGenius Enterprises,AI/ML Services,3.1,Infrastructure
CoreBuild Pvt Ltd,Civil Construction,4.0,Finance
SecureNet Industries,Cloud Services,3.8,Design
InteriorHive Pvt Ltd,Cyber Security,3.7,IT Services
SecureNet Pvt Ltd,Digital Marketing,4.5,Marketing
AdWise Enterprises,Web Development,3.5,Education
CoreBuild Enterprises,AI/ML Services,3.9,Design
GreenLeaf Enterprises,Interior Design,3.8,Design
FinEdge Group,Financial Consulting,3.2,IT Services
NextGen Enterprises,AI/ML Services,4.9,Infrastructure
InteriorHive Solutions,Civil Construction,3.2,Marketing
MarketGenius Solutions,Cyber Security,4.0,Design
PrimeLogics Solutions,Corporate Training,3.6,IT Services
UrbanCraft Industries,Cyber Security,3.7,Education
SkyHigh Pvt Ltd,Mobile App Development,5.0,Finance
UrbanCraft Enterprises,Cloud Services,4.3,Marketing
SkyHigh Industries,Web Development,3.3,Marketing
UrbanCraft Enterprises,Corporate Training,4.4,IT Services
CloudSphere Industries,Financial Consulting,3.5,Marketing
TechNova Solutions,Web Development,3.6,Design
PrimeLogics Industries,Web Development,3.8,Marketing
SkyHigh Group,AI/ML Services,4.2,Marketing
SkyHigh Industries,Mobile App Development,4.2,Design
GreenLeaf Group,Cloud Services,4.3,Finance
CoreBuild Solutions,Cloud Services,3.9,Education
InteriorHive Group,Civil Construction,3.4,IT Services
TechNova Enterprises,Cyber Security,4.4,Finance
FinEdge Pvt Ltd,Interior Design,4.3,Education
NextGen Pvt Ltd,Financial Consulting,3.3,Education
MarketGenius Pvt Ltd,Financial Consulting,4.1,Finance
TechNova Pvt Ltd,Interior Design,3.8,IT Services
AlphaWorks Pvt Ltd,Cyber Security,4.3,Education
CloudLink Pvt Ltd,Digital Marketing,3.9,Education
CloudSphere Pvt Ltd,Corporate Training,3.4,Finance
CyberMatrix Solutions,Corporate Training,4.7,Education
TechNova Solutions,Civil Construction,3.7,Marketing
SecureNet Group,Corporate Training,3.8,Design
SecureNet Group,Corporate Training,4.7,Design
MegaBuild Enterprises,Mobile App Development,3.7,Design
TechNova Pvt Ltd,Corporate Training,3.4,Marketing
SecureNet Solutions,Financial Consulting,5.0,IT Services
CloudLink Enterprises,AI/ML Services,4.3,Design
AlphaWorks Solutions,Digital Marketing,5.0,Design
CoreBuild Pvt Ltd,Financial Consulting,4.0,Marketing
BrightPath Group,Corporate Training,3.8,Infrastructure
CoreBuild Pvt Ltd,AI/ML Services,4.5,Education
MarketGenius Enterprises,AI/ML Services,4.1,Finance
VisionTech Industries,Cyber Security,3.7,Marketing
UrbanCraft Enterprises,AI/ML Services,4.7,Finance
CoreBuild Enterprises,Financial Consulting,3.3,IT Services
PrimeLogics Enterprises,Digital Marketing,4.5,Finance
MarketGenius Group,Financial Consulting,3.9,IT Services
CloudSphere Pvt Ltd,Interior Design,3.3,Finance
CloudLink Enterprises,AI/ML Services,4.2,IT Services
BrightPath Industries,Financial Consulting,4.5,Marketing
BrightPath Group,Cyber Security,4.9,Marketing
AlphaWorks Industries,Digital Marketing,4.6,Infrastructure
UrbanCraft Enterprises,Cyber Security,3.7,IT Services
AlphaWorks Solutions,AI/ML Services,4.4,Education
UrbanCraft Industries,Mobile App Development,3.3,Infrastructure
NextGen Industries,Financial Consulting,4.2,Finance
MegaBuild Group,Mobile App Development,4.8,IT Services
BrightPath Group,Financial Consulting,4.4,IT Services
BrightPath Industries,Civil Construction,3.0,Finance
VisionTech Pvt Ltd,Mobile App Development,4.0,Design
InteriorHive Solutions,Corporate Training,3.6,IT Services
FinEdge Industries,Digital Marketing,4.7,Infrastructure
CoreBuild Group,Mobile App Development,3.4,Infrastructure
MegaBuild Enterprises,Interior Design,4.5,Design
PrimeLogics Solutions,Financial Consulting,3.3,Finance
FinEdge Enterprises,Cyber Security,4.9,Finance
GreenLeaf Group,Mobile App Development,3.8,IT Services
MarketGenius Enterprises,Cyber Security,3.5,Design
CyberMatrix Group,Web Development,3.4,IT Services
AlphaWorks Enterprises,AI/ML Services,3.8,Education
CloudLink Industries,Cyber Security,5.0,IT Services
FinEdge Solutions,Mobile App Development,3.1,Infrastructure
BuildPro Group,Digital Marketing,4.6,Marketing
CyberMatrix Industries,Web Development,4.3,Finance
SkyHigh Solutions,Financial Consulting,3.1,Design
UrbanCraft Pvt Ltd,Financial Consulting,4.9,Finance
MarketGenius Enterprises,Financial Consulting,3.4,IT Services
MegaBuild Pvt Ltd,Cyber Security,4.0,Design
VisionTech Pvt Ltd,Interior Design,3.7,IT Services
MegaBuild Solutions,AI/ML Services,3.3,Infrastructure
CyberMatrix Group,Cloud Services,3.1,Design
BrightPath Solutions,Cloud Services,4.8,IT Services
AlphaWorks Solutions,Cloud Services,3.6,Design
NextGen Pvt Ltd,Cloud Services,3.7,Education
CyberMatrix Pvt Ltd,Civil Construction,4.7,Design
NextGen Enterprises,Corporate Training,3.1,Infrastructure
TechNova Enterprises,Cloud Services,4.2,Design
MegaBuild Solutions,AI/ML Services,3.9,Finance
CoreBuild Pvt Ltd,Interior Design,3.3,Marketing
SkyHigh Solutions,AI/ML Services,3.0,Infrastructure
BuildPro Pvt Ltd,Corporate Training,4.5,Design
PrimeLogics Pvt Ltd,Web Development,4.5,IT Services
SecureNet Industries,Interior Design,4.6,Infrastructure
AlphaWorks Solutions,Financial Consulting,3.9,Finance
CloudLink Pvt Ltd,AI/ML Services,3.1,Marketing
CoreBuild Pvt Ltd,Interior Design,3.9,Finance
AdWise Industries,Financial Consulting,3.9,Infrastructure
MegaBuild Industries,Civil Construction,3.3,Finance
AlphaWorks Group,Interior Design,3.1,Education
SkyHigh Industries,Financial Consulting,4.5,Design
BuildPro Group,Interior Design,4.3,Education
MarketGenius Enterprises,Cyber Security,4.9,Finance
AdWise Enterprises,Corporate Training,3.4,Infrastructure
CloudLink Enterprises,Mobile App Development,3.7,Finance
InteriorHive Industries,Web Development,3.4,Marketing
MarketGenius Industries,Corporate Training,4.5,IT Services
VisionTech Industries,Civil Construction,4.7,Education
VisionTech Solutions,Web Development,4.0,IT Services
UrbanCraft Group,Interior Design,3.4,Marketing
SkyHigh Enterprises,Digital Marketing,4.0,Finance
AdWise Enterprises,AI/ML Services,4.6,IT Services
CyberMatrix Industries,Financial Consulting,4.5,IT Services
AlphaWorks Industries,Financial Consulting,4.9,Finance
InteriorHive Enterprises,Civil Construction,4.5,Infrastructure
CloudLink Group,Cloud Services,5.0,Finance
GreenLeaf Solutions,Financial Consulting,3.8,Design
BuildPro Solutions,Mobile App Development,4.3,Infrastructure
CloudSphere Group,Civil Construction,4.4,Design
AlphaWorks Pvt Ltd,Cyber Security,3.1,Infrastructure
CyberMatrix Group,Digital Marketing,4.5,Finance
CloudLink Pvt Ltd,Web Development,3.1,Design
UrbanCraft Industries,Web Development,3.3,IT Services
AdWise Group,Financial Consulting,3.6,Infrastructure
CloudSphere Industries,AI/ML Services,3.3,Education
FinEdge Pvt Ltd,Mobile App Development,3.3,Finance
BuildPro Enterprises,Interior Design,4.0,Marketing
VisionTech Group,Web Development,4.4,IT Services
MarketGenius Solutions,Corporate Training,4.0,Education
MegaBuild Solutions,Cloud Services,4.8,IT Services
NextGen Industries,Digital Marketing,3.2,Education
SkyHigh Industries,Civil Construction,4.2,Infrastructure
FinEdge Pvt Ltd,Cyber Security,4.2,Infrastructure
CyberMatrix Solutions,Corporate Training,3.5,Infrastructure
CyberMatrix Solutions,Corporate Training,3.5,Marketing
AlphaWorks Pvt Ltd,Mobile App Development,4.9,Finance
VisionTech Group,Mobile App Development,3.4,IT Services
FinEdge Enterprises,Cloud Services,4.8,Infrastructure
SkyHigh Group,Web Development,4.9,IT Services
MegaBuild Solutions,Web Development,3.8,Finance
VisionTech Industries,Cloud Services,3.1,IT Services
CoreBuild Enterprises,Cloud Services,4.8,Finance
GreenLeaf Group,Interior Design,3.2,Finance
SkyHigh Pvt Ltd,Cyber Security,3.9,Education
InteriorHive Enterprises,Corporate Training,3.1,Infrastructure
NextGen Group,Financial Consulting,3.4,Marketing
CloudSphere Group,Cloud Services,4.3,Education
AdWise Solutions,Interior Design,4.4,Education
AdWise Enterprises,Cyber Security,3.2,Design
BrightPath Group,Interior Design,4.1,Finance
GreenLeaf Group,Financial Consulting,3.7,Education
SkyHigh Enterprises,Corporate Training,4.1,Finance
AlphaWorks Enterprises,Corporate Training,3.9,Finance
FinEdge Enterprises,Cloud Services,4.9,Finance
TechNova Solutions,Digital Marketing,3.9,Education
AdWise Industries,Civil Construction,5.0,Design
SkyHigh Pvt Ltd,Interior Design,3.6,Education
BuildPro Industries,Interior Design,4.2,Finance
CoreBuild Solutions,Web Development,4.8,Education
InteriorHive Pvt Ltd,Interior Design,3.7,Finance
PrimeLogics Solutions,AI/ML Services,4.8,IT Services
BuildPro Industries,Civil Construction,4.5,Infrastructure
TechNova Industries,Cloud Services,4.6,Design
AdWise Pvt Ltd,AI/ML Services,3.2,IT Services
SecureNet Solutions,Mobile App Development,4.2,Infrastructure
FinEdge Solutions,Interior Design,3.4,Design
VisionTech Industries,Web Development,4.7,Infrastructure
InteriorHive Group,Cloud Services,4.9,Marketing
SecureNet Industries,Corporate Training,3.5,Infrastructure
SecureNet Industries,Mobile App Development,4.1,Design
VisionTech Solutions,Web Development,3.9,IT Services
FinEdge Group,Civil Construction,4.1,Design
GreenLeaf Industries,Corporate Training,4.7,Design
CyberMatrix Industries,Interior Design,3.8,IT Services
CloudLink Pvt Ltd,Web Development,4.8,IT Services
CloudLink Enterprises,Civil Construction,4.2,IT Services
TechNova Industries,Cloud Services,4.5,IT Services
AdWise Pvt Ltd,Civil Construction,4.9,Design
CyberMatrix Enterprises,Cyber Security,4.3,Infrastructure
CloudSphere Enterprises,Civil Construction,3.2,Education
InteriorHive Solutions,Digital Marketing,3.6,Infrastructure
CyberMatrix Solutions,Civil Construction,3.4,Education
CloudSphere Group,Interior Design,3.8,IT Services
PrimeLogics Pvt Ltd,Civil Construction,3.2,Design
InteriorHive Solutions,Web Development,4.0,Design
CoreBuild Enterprises,Web Development,4.9,Marketing
InteriorHive Group,Mobile App Development,4.2,Education
SkyHigh Pvt Ltd,Web Development,3.8,Finance
BuildPro Enterprises,Cloud Services,3.7,IT Services
BuildPro Enterprises,Financial Consulting,3.2,Finance
MegaBuild Solutions,Interior Design,3.8,Marketing
MegaBuild Industries,Cloud Services,4.9,Education
BrightPath Enterprises,Civil Construction,4.9,IT Services
CloudLink Industries,AI/ML Services,3.3,IT Services
UrbanCraft Group,Financial Consulting,3.5,Finance
MarketGenius Enterprises,Cloud Services,4.9,Finance
VisionTech Group,Cyber Security,3.6,Design
BrightPath Enterprises,Web Development,4.3,Design
NextGen Group,Web Development,4.8,Design
MegaBuild Solutions,Cyber Security,4.1,Design
UrbanCraft Enterprises,Cloud Services,3.9,Infrastructure
PrimeLogics Industries,Web Development,4.0,Finance
BrightPath Industries,Interior Design,3.6,IT Services
InteriorHive Industries,Civil Construction,4.4,Marketing
CyberMatrix Group,Financial Consulting,4.5,Marketing
VisionTech Industries,Cyber Security,4.9,Finance
VisionTech Industries,Digital Marketing,4.9,Finance
InteriorHive Pvt Ltd,Mobile App Development,4.2,Education
MegaBuild Group,Web Development,4.3,Finance
AdWise Pvt Ltd,Web Development,3.2,Infrastructure
InteriorHive Pvt Ltd,Mobile App Development,3.2,Infrastructure
BrightPath Group,Financial Consulting,4.6,IT Services
MegaBuild Pvt Ltd,Interior Design,4.9,Education
TechNova Enterprises,Digital Marketing,3.9,Design
SecureNet Group,AI/ML Services,4.4,IT Services
SkyHigh Solutions,Cyber Security,4.4,Finance
CloudSphere Pvt Ltd,AI/ML Services,3.6,Design
CloudLink Solutions,Web Development,4.5,Marketing
SecureNet Solutions,AI/ML Services,4.7,Design
SecureNet Group,Web Development,3.6,Design
PrimeLogics Pvt Ltd,Civil Construction,3.1,Marketing
NextGen Industries,Cyber Security,3.5,Finance
VisionTech Industries,Cloud Services,4.5,Finance
AdWise Group,Web Development,4.0,Finance
CloudLink Enterprises,Financial Consulting,4.5,Finance
CloudLink Enterprises,Cyber Security,4.5,IT Services
MegaBuild Industries,Cyber Security,4.3,Design
CloudLink Enterprises,Cloud Services,3.3,Finance
AdWise Industries,Interior Design,4.0,Infrastructure
CloudSphere Solutions,Cloud Services,4.7,Infrastructure
TechNova Industries,Cyber Security,4.8,Education
MegaBuild Industries,Web Development,4.6,Marketing
GreenLeaf Enterprises,Mobile App Development,4.8,Education
BrightPath Pvt Ltd,Civil Construction,3.6,Education
MarketGenius Pvt Ltd,Interior Design,4.4,Design
SecureNet Pvt Ltd,Civil Construction,4.1,Education
TechNova Group,Cyber Security,4.6,Design
SkyHigh Group,Financial Consulting,4.3,Design
SecureNet Pvt Ltd,Cloud Services,4.1,Design
BrightPath Group,Digital Marketing,3.3,Design
UrbanCraft Enterprises,Cloud Services,4.9,Finance
SecureNet Pvt Ltd,Cloud Services,5.0,Design
BrightPath Solutions,Interior Design,3.6,IT Services
TechNova Solutions,Interior Design,3.5,Finance
PrimeLogics Enterprises,Web Development,4.9,Finance
CyberMatrix Industries,Web Development,3.9,Education
SecureNet Industries,Financial Consulting,4.4,Infrastructure
SecureNet Industries,Digital Marketing,3.2,Marketing
CoreBuild Group,Financial Consulting,3.1,IT Services
NextGen Group,Cloud Services,4.3,Infrastructure
CyberMatrix Group,Interior Design,3.8,Design
VisionTech Pvt Ltd,AI/ML Services,4.1,IT Services
GreenLeaf Industries,Cyber Security,3.4,IT Services
PrimeLogics Group,Civil Construction,4.8,Finance
TechNova Group,Interior Design,3.3,Marketing
CyberMatrix Pvt Ltd,Interior Design,3.1,Education
CloudLink Group,Interior Design,4.2,Marketing
CloudLink Solutions,Financial Consulting,3.1,Education
VisionTech Pvt Ltd,Cloud Services,3.9,Education
GreenLeaf Group,Corporate Training,4.7,Marketing
MarketGenius Pvt Ltd,Corporate Training,4.8,Design
CoreBuild Pvt Ltd,Financial Consulting,3.1,Marketing
GreenLeaf Group,Corporate Training,4.2,IT Services
MegaBuild Enterprises,Civil Construction,4.5,Design
MarketGenius Group,AI/ML Services,3.5,Infrastructure
VisionTech Pvt Ltd,Interior Design,4.3,Marketing
SecureNet Industries,Web Development,4.5,Education
SecureNet Solutions,AI/ML Services,4.1,Marketing
SecureNet Industries,Cyber Security,3.2,Education
UrbanCraft Group,Civil Construction,3.1,Design
CoreBuild Industries,Mobile App Development,4.1,Design
MegaBuild Solutions,Cyber Security,3.9,IT Services
GreenLeaf Group,Financial Consulting,4.4,Education
AdWise Group,Civil Construction,4.0,IT Services
GreenLeaf Enterprises,Cyber Security,4.8,Infrastructure
GreenLeaf Enterprises,AI/ML Services,4.3,IT Services
CloudLink Pvt Ltd,Digital Marketing,3.4,Education
BuildPro Enterprises,Civil Construction,3.2,Design
CoreBuild Enterprises,AI/ML Services,3.3,Marketing
CloudSphere Pvt Ltd,Cloud Services,3.2,Education
UrbanCraft Solutions,Financial Consulting,3.8,Infrastructure
PrimeLogics Group,Corporate Training,4.3,Education
InteriorHive Industries,Corporate Training,4.8,Education
SkyHigh Enterprises,Financial Consulting,4.8,Marketing
SkyHigh Industries,Digital Marketing,4.7,IT Services
MarketGenius Solutions,Financial Consulting,4.8,Education
SkyHigh Pvt Ltd,Financial Consulting,4.8,Infrastructure
MegaBuild Group,Cloud Services,3.2,Marketing
AlphaWorks Solutions,Corporate Training,3.7,Marketing
BrightPath Group,Corporate Training,3.3,Infrastructure
CoreBuild Group,Cloud Services,3.3,Education
AdWise Solutions,Interior Design,3.2,Education
AlphaWorks Solutions,Digital Marketing,4.0,Marketing
BrightPath Enterprises,Civil Construction,3.4,Education
PrimeLogics Enterprises,Digital Marketing,4.0,Finance
InteriorHive Enterprises,AI/ML Services,4.4,Design
BuildPro Enterprises,Web Development,3.9,Design
CloudLink Pvt Ltd,Financial Consulting,4.2,Finance
AlphaWorks Pvt Ltd,Corporate Training,3.4,Infrastructure
VisionTech Group,Web Development,4.7,Finance
CloudSphere Pvt Ltd,Civil Construction,4.7,Finance
PrimeLogics Pvt Ltd,Corporate Training,4.0,Design
BrightPath Group,Cyber Security,4.4,Infrastructure
SkyHigh Enterprises,Digital Marketing,4.5,Education
VisionTech Pvt Ltd,Web Development,4.0,Marketing
CoreBuild Industries,Web Development,3.7,Infrastructure
AdWise Solutions,Digital Marketing,4.8,Education
CloudLink Group,Digital Marketing,4.0,Infrastructure
TechNova Enterprises,Financial Consulting,4.1,Education
VisionTech Enterprises,AI/ML Services,3.6,Education
VisionTech Industries,Digital Marketing,4.1,IT Services
CloudLink Industries,Corporate Training,4.8,Design
SkyHigh Solutions,Corporate Training,3.8,IT Services
MegaBuild Group,Mobile App Development,4.3,IT Services
SecureNet Group,Cyber Security,4.8,Marketing
NextGen Group,AI/ML Services,3.2,Finance
VisionTech Pvt Ltd,Corporate Training,3.4,Design
VisionTech Group,Civil Construction,3.0,Design
BuildPro Enterprises,Web Development,4.8,Design
AlphaWorks Pvt Ltd,Web Development,3.6,Design
CloudLink Pvt Ltd,Civil Construction,3.4,Finance
TechNova Industries,Cyber Security,3.6,Infrastructure
FinEdge Enterprises,Cyber Security,3.5,Finance
TechNova Group,AI/ML Services,3.4,Finance
CloudLink Group,Interior Design,3.6,IT Services
VisionTech Solutions,Financial Consulting,5.0,IT Services
CloudSphere Enterprises,Financial Consulting,4.0,IT Services
CoreBuild Group,Interior Design,4.3,Design
TechNova Pvt Ltd,Digital Marketing,3.6,Marketing
CloudSphere Industries,Web Development,4.2,IT Services
VisionTech Group,Mobile App Development,4.6,Finance
NextGen Group,Cloud Services,3.2,IT Services
MarketGenius Pvt Ltd,Cloud Services,3.6,Infrastructure
VisionTech Enterprises,Corporate Training,4.3,Marketing
CyberMatrix Pvt Ltd,Cyber Security,3.7,Education
UrbanCraft Pvt Ltd,Financial Consulting,4.4,Finance
FinEdge Industries,Mobile App Development,3.4,Marketing
FinEdge Group,Corporate Training,3.8,IT Services
MarketGenius Group,Cyber Security,4.9,Design
CyberMatrix Solutions,Web Development,4.3,Design
MarketGenius Solutions,Mobile App Development,4.6,IT Services
BuildPro Solutions,Corporate Training,3.8,Design
GreenLeaf Pvt Ltd,Web Development,3.4,Education
CyberMatrix Industries,Financial Consulting,3.6,IT Services
AlphaWorks Enterprises,Interior Design,3.0,Education
AdWise Enterprises,Mobile App Development,3.2,Finance
UrbanCraft Pvt Ltd,Cloud Services,4.5,Infrastructure
SecureNet Pvt Ltd,AI/ML Services,5.0,Marketing
CyberMatrix Solutions,Mobile App Development,3.2,Design
NextGen Enterprises,Cyber Security,4.3,Infrastructure
NextGen Industries,Financial Consulting,4.0,Design
BrightPath Pvt Ltd,Corporate Training,3.3,Infrastructure
AlphaWorks Industries,Cloud Services,3.6,Infrastructure
AlphaWorks Solutions,Digital Marketing,3.4,IT Services
MarketGenius Enterprises,AI/ML Services,4.7,IT Services
PrimeLogics Group,Web Development,3.8,Education
CyberMatrix Group,Corporate Training,3.6,Marketing
FinEdge Pvt Ltd,Cyber Security,3.8,Infrastructure
CloudSphere Enterprises,Cyber Security,3.6,Design
MegaBuild Solutions,Web Development,4.2,Education
SkyHigh Industries,Web Development,3.1,Education
CoreBuild Industries,AI/ML Services,4.6,Finance
AlphaWorks Industries,Digital Marketing,4.9,Marketing
MegaBuild Solutions,Interior Design,3.1,Finance
MegaBuild Pvt Ltd,Mobile App Development,4.1,IT Services
BuildPro Enterprises,Corporate Training,3.5,IT Services
AdWise Enterprises,Web Development,3.2,Design
AlphaWorks Industries,Web Development,4.3,IT Services
SkyHigh Industries,Mobile App Development,3.5,Education
CyberMatrix Group,Digital Marketing,4.0,Finance
NextGen Enterprises,Civil Construction,4.4,Design
FinEdge Industries,Cloud Services,3.7,Design
BrightPath Pvt Ltd,Web Development,3.5,Design
BrightPath Enterprises,AI/ML Services,4.4,Design
MarketGenius Industries,Civil Construction,4.9,Education
CyberMatrix Enterprises,Digital Marketing,5.0,Education
CloudSphere Pvt Ltd,Civil Construction,3.0,IT Services
GreenLeaf Solutions,Civil Construction,4.9,Education
SecureNet Group,Interior Design,3.1,Education
MarketGenius Group,Corporate Training,4.9,IT Services
BrightPath Solutions,AI/ML Services,3.1,Marketing
TechNova Group,Web Development,4.7,Finance
BuildPro Solutions,Interior Design,4.6,Marketing
VisionTech Group,Interior Design,4.8,Design
CoreBuild Solutions,Financial Consulting,3.3,Infrastructure
VisionTech Pvt Ltd,Mobile App Development,4.3,Design
InteriorHive Group,Financial Consulting,3.5,Finance
UrbanCraft Enterprises,Interior Design,4.6,Infrastructure
InteriorHive Industries,Corporate Training,3.1,Marketing
AdWise Pvt Ltd,Civil Construction,4.1,Finance
AdWise Solutions,Web Development,4.0,Design
AdWise Enterprises,Web Development,3.7,Finance
VisionTech Group,Corporate Training,3.3,Infrastructure
CloudSphere Solutions,Civil Construction,3.5,Marketing
MegaBuild Group,Interior Design,3.2,Education
TechNova Group,Digital Marketing,4.8,Finance
MarketGenius Industries,Civil Construction,3.4,Infrastructure
GreenLeaf Pvt Ltd,Corporate Training,4.0,Education
FinEdge Industries,Cloud Services,3.6,Marketing
CloudLink Group,AI/ML Services,4.1,Infrastructure
NextGen Group,Cyber Security,4.8,Infrastructure
PrimeLogics Pvt Ltd,Mobile App Development,4.7,Education
UrbanCraft Industries,Corporate Training,3.5,Marketing
CoreBuild Group,Cyber Security,3.9,IT Services
CloudSphere Group,Web Development,3.2,Finance
VisionTech Pvt Ltd,Cloud Services,4.9,IT Services
MegaBuild Industries,AI/ML Services,4.2,Infrastructure
BrightPath Solutions,Civil Construction,4.7,Design
AlphaWorks Industries,Financial Consulting,3.8,Design
InteriorHive Solutions,Web Development,3.5,Infrastructure
TechNova Enterprises,Digital Marketing,3.1,Finance
GreenLeaf Group,AI/ML Services,4.1,IT Services
MarketGenius Enterprises,Digital Marketing,4.7,Infrastructure
UrbanCraft Enterprises,Cyber Security,3.5,Design
BrightPath Pvt Ltd,Cloud Services,3.7,Finance
SecureNet Industries,Interior Design,3.5,Marketing
CloudLink Pvt Ltd,Digital Marketing,4.4,IT Services
TechNova Industries,Cloud Services,4.5,Marketing
GreenLeaf Industries,Corporate Training,4.2,Design
BuildPro Enterprises,Cloud Services,4.7,Design
VisionTech Group,AI/ML Services,3.9,Design
CoreBuild Group,Cyber Security,4.8,Marketing
PrimeLogics Industries,Corporate Training,3.3,Education
CyberMatrix Group,AI/ML Services,4.1,Design
FinEdge Pvt Ltd,Cloud Services,3.8,Design
FinEdge Enterprises,Civil Construction,3.9,Education
CloudLink Pvt Ltd,Mobile App Development,3.7,Marketing
CloudSphere Solutions,Cyber Security,4.8,Design
BrightPath Pvt Ltd,Digital Marketing,3.6,Finance
GreenLeaf Solutions,Corporate Training,3.5,Education
AdWise Enterprises,AI/ML Services,4.4,IT Services
AdWise Solutions,Cyber Security,3.2,Finance
CloudSphere Group,AI/ML Services,5.0,Design
UrbanCraft Group,Cyber Security,3.5,Marketing
CloudLink Industries,Financial Consulting,4.3,Design
SecureNet Pvt Ltd,Web Development,4.0,Design
AdWise Pvt Ltd,Digital Marketing,3.4,Education
AdWise Enterprises,Cloud Services,4.5,Infrastructure
AdWise Industries,Financial Consulting,3.2,IT Services
PrimeLogics Pvt Ltd,AI/ML Services,4.2,IT Services
AdWise Industries,Corporate Training,4.9,Infrastructure
FinEdge Pvt Ltd,Cyber Security,3.6,IT Services
MarketGenius Pvt Ltd,Web Development,3.6,Infrastructure
UrbanCraft Pvt Ltd,Cyber Security,3.7,Design
NextGen Pvt Ltd,Mobile App Development,3.2,Design
UrbanCraft Enterprises,Mobile App Development,3.6,IT Services
CloudLink Enterprises,Cloud Services,4.6,Design
CloudSphere Industries,Interior Design,3.4,Education
TechNova Industries,Corporate Training,4.5,IT Services
InteriorHive Industries,Financial Consulting,3.8,Finance
CyberMatrix Solutions,Mobile App Development,3.4,IT Services
InteriorHive Industries,Mobile App Development,3.1,Infrastructure
AdWise Group,Civil Construction,3.7,Design
FinEdge Pvt Ltd,Mobile App Development,3.9,Marketing
InteriorHive Solutions,Financial Consulting,3.9,IT Services
CyberMatrix Enterprises,Civil Construction,4.4,Marketing
VisionTech Industries,Corporate Training,3.0,IT Services
FinEdge Group,Mobile App Development,4.6,Design
NextGen Group,Corporate Training,3.6,Design
SecureNet Pvt Ltd,Cloud Services,3.1,Infrastructure
GreenLeaf Enterprises,Corporate Training,3.8,Education
FinEdge Enterprises,Mobile App Development,3.5,Education
UrbanCraft Enterprises,Corporate Training,3.5,IT Services
BrightPath Enterprises,AI/ML Services,3.7,IT Services
MegaBuild Industries,Cloud Services,3.5,Finance
AlphaWorks Group,Mobile App Development,4.9,Finance
MegaBuild Enterprises,Financial Consulting,4.3,Design
MegaBuild Enterprises,AI/ML Services,4.3,Infrastructure
PrimeLogics Enterprises,Cyber Security,4.5,Education
CloudLink Industries,Civil Construction,3.4,Infrastructure
AlphaWorks Group,Civil Construction,3.3,Design
SecureNet Solutions,Cloud Services,3.0,Design
InteriorHive Solutions,Financial Consulting,3.0,Education
PrimeLogics Group,AI/ML Services,4.1,Finance
UrbanCraft Enterprises,Mobile App Development,4.0,IT Services
UrbanCraft Enterprises,Financial Consulting,3.7,Education
UrbanCraft Pvt Ltd,Cyber Security,3.6,Marketing
PrimeLogics Industries,Civil Construction,4.5,Design
PrimeLogics Group,Mobile App Development,4.4,Education
SecureNet Industries,Financial Consulting,4.0,Design
InteriorHive Pvt Ltd,Cyber Security,3.2,Marketing
InteriorHive Industries,Web Development,4.1,Education
VisionTech Group,AI/ML Services,4.8,Finance
TechNova Enterprises,Digital Marketing,3.3,Marketing
CloudLink Solutions,Financial Consulting,4.9,Marketing
NextGen Industries,Financial Consulting,4.2,Education
BrightPath Solutions,Interior Design,3.1,IT Services
VisionTech Solutions,Interior Design,4.0,IT Services
SecureNet Group,Digital Marketing,3.1,Design
SecureNet Group,Civil Construction,4.6,Marketing
AdWise Group,Civil Construction,3.1,IT Services
GreenLeaf Pvt Ltd,Digital Marketing,4.6,Design
VisionTech Pvt Ltd,Web Development,3.2,Design
GreenLeaf Pvt Ltd,Cyber Security,3.1,Design
BuildPro Pvt Ltd,Mobile App Development,4.8,Finance
GreenLeaf Industries,Cloud Services,3.4,Infrastructure
MarketGenius Enterprises,Cloud Services,3.7,Infrastructure
VisionTech Pvt Ltd,Cyber Security,4.1,Infrastructure
FinEdge Solutions,Financial Consulting,3.9,Finance
BrightPath Enterprises,Mobile App Development,4.0,Marketing
FinEdge Enterprises,Interior Design,3.8,Education
CoreBuild Pvt Ltd,AI/ML Services,4.9,IT Services
CloudSphere Group,Web Development,3.4,Education
CoreBuild Solutions,Cloud Services,3.8,IT Services
SkyHigh Solutions,Cyber Security,3.3,Design
SkyHigh Enterprises,Financial Consulting,3.4,Infrastructure
AlphaWorks Group,Corporate Training,4.8,Finance
CloudLink Pvt Ltd,Financial Consulting,3.8,Finance
CloudLink Group,Web Development,3.5,Infrastructure
UrbanCraft Pvt Ltd,Corporate Training,4.7,IT Services
CloudSphere Pvt Ltd,Cloud Services,3.6,IT Services
CloudLink Enterprises,Financial Consulting,4.3,Design
MarketGenius Pvt Ltd,Cloud Services,4.3,Finance
CloudSphere Industries,AI/ML Services,4.8,Marketing
VisionTech Industries,Mobile App Development,4.5,Design
InteriorHive Enterprises,Corporate Training,4.7,IT Services
AdWise Solutions,AI/ML Services,4.8,Finance
VisionTech Industries,Cloud Services,3.3,Infrastructure
BuildPro Group,Digital Marketing,3.3,Design
CloudLink Enterprises,Financial Consulting,3.3,Infrastructure
CloudLink Industries,Cyber Security,3.2,Infrastructure
VisionTech Industries,Mobile App Development,4.4,IT Services
MarketGenius Pvt Ltd,AI/ML Services,4.0,Education
SkyHigh Solutions,Mobile App Development,4.4,Infrastructure
GreenLeaf Industries,Mobile App Development,4.0,IT Services
AlphaWorks Industries,Corporate Training,4.8,Design
VisionTech Group,Corporate Training,4.5,Education
GreenLeaf Enterprises,Civil Construction,3.1,Design
CyberMatrix Group,Financial Consulting,4.8,Marketing
UrbanCraft Industries,AI/ML Services,3.9,IT Services
AlphaWorks Pvt Ltd,Interior Design,3.4,Infrastructure
FinEdge Group,Cyber Security,3.2,Infrastructure
CloudSphere Group,Corporate Training,3.6,Education
SecureNet Solutions,Corporate Training,4.4,Education
CloudLink Industries,Mobile App Development,4.8,IT Services
AdWise Group,Digital Marketing,3.8,IT Services
MarketGenius Enterprises,Cloud Services,4.1,Marketing
CloudSphere Enterprises,Financial Consulting,3.1,IT Services
FinEdge Enterprises,Civil Construction,3.2,Design
CoreBuild Group,Interior Design,3.4,Design
SecureNet Group,Interior Design,4.6,Marketing
InteriorHive Industries,Financial Consulting,3.0,Infrastructure
SkyHigh Pvt Ltd,Financial Consulting,4.4,Finance
SkyHigh Pvt Ltd,Cyber Security,4.4,IT Services
NextGen Enterprises,AI/ML Services,3.9,Design
CoreBuild Solutions,Cyber Security,3.1,Design
AlphaWorks Pvt Ltd,Financial Consulting,4.5,Marketing
CoreBuild Industries,Web Development,3.2,Infrastructure
CyberMatrix Pvt Ltd,AI/ML Services,4.5,Infrastructure
CyberMatrix Pvt Ltd,Mobile App Development,3.1,Finance
CloudSphere Industries,Mobile App Development,3.7,Infrastructure
CyberMatrix Industries,Corporate Training,4.5,Education
VisionTech Solutions,AI/ML Services,5.0,Marketing
MegaBuild Solutions,AI/ML Services,4.3,Education
CloudLink Pvt Ltd,Web Development,4.5,Infrastructure
MegaBuild Enterprises,Cyber Security,4.2,Infrastructure
MarketGenius Pvt Ltd,Civil Construction,4.6,IT Services
BrightPath Solutions,Financial Consulting,4.1,Infrastructure
UrbanCraft Industries,AI/ML Services,4.3,IT Services
VisionTech Enterprises,Corporate Training,4.9,Finance
VisionTech Solutions,Corporate Training,4.0,Finance
MarketGenius Industries,Cloud Services,3.0,Infrastructure
UrbanCraft Group,Digital Marketing,3.3,Design
FinEdge Enterprises,Corporate Training,4.1,Infrastructure
FinEdge Enterprises,Cyber Security,3.0,Finance
UrbanCraft Industries,Financial Consulting,4.8,Marketing
InteriorHive Enterprises,Digital Marketing,3.6,Education
AdWise Industries,Financial Consulting,3.5,Design
AdWise Solutions,Web Development,3.3,Finance
VisionTech Solutions,Web Development,4.1,Design
AdWise Enterprises,Civil Construction,4.0,Finance
MegaBuild Group,AI/ML Services,3.9,Design
MarketGenius Pvt Ltd,Mobile App Development,3.8,Infrastructure
CloudLink Group,Cyber Security,4.8,Marketing
BuildPro Pvt Ltd,Corporate Training,3.1,Design
InteriorHive Group,Digital Marketing,5.0,Infrastructure
BrightPath Solutions,Financial Consulting,4.2,Finance
NextGen Pvt Ltd,Financial Consulting,4.6,Finance
SecureNet Industries,Financial Consulting,3.8,Marketing
SkyHigh Solutions,Financial Consulting,4.0,Education
CyberMatrix Pvt Ltd,Cloud Services,3.7,Education
MarketGenius Solutions,Mobile App Development,4.6,Infrastructure
SecureNet Industries,Financial Consulting,3.3,IT Services
NextGen Enterprises,AI/ML Services,4.7,Marketing
SecureNet Enterprises,Interior Design,4.2,Education
MarketGenius Pvt Ltd,Cloud Services,3.7,Finance
TechNova Solutions,Mobile App Development,4.6,IT Services
NextGen Enterprises,AI/ML Services,4.2,IT Services
VisionTech Group,Digital Marketing,3.7,Design
AdWise Group,Financial Consulting,3.2,Design
AdWise Pvt Ltd,Cloud Services,4.9,Marketing
AdWise Group,Interior Design,4.8,IT Services
UrbanCraft Solutions,Civil Construction,4.0,Finance
CloudSphere Group,Financial Consulting,4.6,IT Services
AdWise Group,AI/ML Services,4.6,Education
MegaBuild Group,AI/ML Services,4.3,Design
CyberMatrix Industries,Digital Marketing,3.8,Education
CyberMatrix Pvt Ltd,Mobile App Development,3.4,Design
VisionTech Solutions,Mobile App Development,3.6,Finance
SkyHigh Industries,Civil Construction,4.3,Education
BrightPath Pvt Ltd,Financial Consulting,3.9,IT Services
UrbanCraft Industries,Civil Construction,4.4,Marketing
CloudLink Solutions,AI/ML Services,3.8,Design
FinEdge Solutions,Digital Marketing,4.1,Infrastructure
MarketGenius Enterprises,AI/ML Services,4.2,IT Services
UrbanCraft Solutions,Web Development,4.1,Infrastructure
TechNova Industries,Civil Construction,3.3,Marketing
MegaBuild Group,AI/ML Services,3.3,IT Services
MegaBuild Solutions,Cloud Services,3.4,IT Services
AlphaWorks Industries,Cyber Security,4.0,Design
GreenLeaf Group,AI/ML Services,3.8,Design
PrimeLogics Industries,Financial Consulting,4.0,Design
PrimeLogics Enterprises,Interior Design,4.4,Design
InteriorHive Pvt Ltd,Corporate Training,4.2,Education
AdWise Industries,Digital Marketing,4.9,IT Services
CoreBuild Pvt Ltd,Digital Marketing,4.1,Finance
MegaBuild Group,Financial Consulting,4.3,Design
CloudLink Enterprises,Financial Consulting,3.6,Marketing
InteriorHive Solutions,Financial Consulting,4.6,Design
CoreBuild Enterprises,Digital Marketing,4.8,Finance
CyberMatrix Pvt Ltd,Interior Design,3.8,Design
AlphaWorks Group,Civil Construction,3.5,Education
PrimeLogics Industries,Web Development,3.1,Education
TechNova Industries,Financial Consulting,4.0,Education
FinEdge Enterprises,Cyber Security,3.3,Design
MarketGenius Enterprises,Corporate Training,3.2,Finance
CyberMatrix Industries,Mobile App Development,4.5,Education
CoreBuild Industries,Cyber Security,4.5,Marketing
BuildPro Enterprises,Mobile App Development,4.0,Marketing
UrbanCraft Solutions,Corporate Training,3.9,Infrastructure
UrbanCraft Group,Mobile App Development,4.5,Finance
InteriorHive Industries,Cyber Security,3.4,Design
CloudLink Enterprises,Corporate Training,3.1,Finance
FinEdge Industries,Civil Construction,4.2,Education
TechNova Industries,Interior Design,4.6,Marketing
InteriorHive Enterprises,Mobile App Development,3.8,Finance
FinEdge Enterprises,Digital Marketing,4.2,IT Services
FinEdge Solutions,Corporate Training,4.2,Marketing
MarketGenius Group,Corporate Training,4.9,Marketing
PrimeLogics Group,Mobile App Development,4.5,IT Services
MarketGenius Group,Cloud Services,4.5,Finance
GreenLeaf Solutions,Civil Construction,4.4,Education
TechNova Pvt Ltd,Civil Construction,4.6,Finance
AdWise Enterprises,Civil Construction,3.9,Finance
UrbanCraft Pvt Ltd,Financial Consulting,3.7,Marketing
NextGen Pvt Ltd,Financial Consulting,3.9,Marketing
CloudLink Pvt Ltd,Interior Design,4.1,IT Services
BuildPro Solutions,Corporate Training,4.1,Marketing
SecureNet Industries,Corporate Training,3.1,Design
UrbanCraft Solutions,Corporate Training,4.3,Infrastructure
CyberMatrix Solutions,Corporate Training,3.1,Finance
GreenLeaf Group,Corporate Training,3.6,Finance
FinEdge Enterprises,Financial Consulting,3.7,Education
VisionTech Solutions,Mobile App Development,3.9,Design
UrbanCraft Enterprises,Interior Design,4.1,Infrastructure
NextGen Industries,Cyber Security,3.5,Education
CyberMatrix Industries,Cyber Security,4.6,Design
CyberMatrix Industries,Digital Marketing,4.6,Design
GreenLeaf Industries,Corporate Training,3.7,Infrastructure
SecureNet Solutions,Interior Design,4.2,Design
CloudLink Group,Financial Consulting,4.7,Finance
BrightPath Enterprises,Financial Consulting,3.3,IT Services
PrimeLogics Industries,Civil Construction,3.8,Finance
FinEdge Solutions,Web Development,3.9,IT Services
SecureNet Pvt Ltd,Mobile App Development,4.4,Finance
FinEdge Group,Digital Marketing,4.4,Marketing
CoreBuild Group,Cloud Services,3.9,Marketing
FinEdge Enterprises,Interior Design,3.4,IT Services
TechNova Solutions,Financial Consulting,4.3,Finance
BrightPath Group,Financial Consulting,3.7,Infrastructure
CyberMatrix Industries,Mobile App Development,3.1,Finance
SecureNet Pvt Ltd,Digital Marketing,3.7,Design
AdWise Enterprises,Interior Design,3.8,Design
GreenLeaf Group,AI/ML Services,4.1,Marketing
PrimeLogics Enterprises,Financial Consulting,4.9,Infrastructure
CloudSphere Solutions,Web Development,4.2,Design
SecureNet Pvt Ltd,Web Development,3.5,IT Services
SecureNet Group,AI/ML Services,4.5,Design
CloudLink Solutions,Financial Consulting,4.1,Marketing
TechNova Enterprises,AI/ML Services,4.2,IT Services
UrbanCraft Enterprises,Mobile App Development,3.7,Design
UrbanCraft Pvt Ltd,Mobile App Development,3.2,Education
CloudLink Pvt Ltd,Web Development,4.3,Marketing
AlphaWorks Enterprises,Civil Construction,4.7,Finance
GreenLeaf Group,Digital Marketing,3.3,Design
CloudSphere Group,Financial Consulting,3.1,Education
TechNova Industries,Financial Consulting,3.9,Education
MarketGenius Enterprises,Mobile App Development,3.0,IT Services
AlphaWorks Group,Mobile App Development,3.9,Infrastructure
GreenLeaf Pvt Ltd,Mobile App Development,4.3,Infrastructure
VisionTech Industries,Corporate Training,3.1,Design
SkyHigh Group,Interior Design,4.2,Education
GreenLeaf Solutions,Corporate Training,3.0,Education
VisionTech Industries,Mobile App Development,3.8,Finance
SkyHigh Enterprises,Cloud Services,4.2,Infrastructure
CloudSphere Solutions,Cloud Services,3.8,Infrastructure
CloudSphere Solutions,Cyber Security,3.3,Infrastructure
SkyHigh Enterprises,Digital Marketing,4.6,IT Services
CoreBuild Solutions,Interior Design,3.5,Education
AlphaWorks Solutions,Corporate Training,4.4,Finance
SecureNet Enterprises,Interior Design,3.0,Marketing
CoreBuild Enterprises,Cyber Security,4.0,Infrastructure
CoreBuild Enterprises,Digital Marketing,4.0,Infrastructure
CoreBuild Enterprises,Cyber Security,4.0,Marketing
UrbanCraft Enterprises,Mobile App Development,3.6,Marketing
BuildPro Enterprises,Mobile App Development,4.8,Marketing
BuildPro Group,Corporate Training,4.5,Education
InteriorHive Solutions,AI/ML Services,3.4,IT Services
InteriorHive Pvt Ltd,Corporate Training,3.1,Education
VisionTech Industries,Corporate Training,4.0,Design
UrbanCraft Solutions,Digital Marketing,3.5,IT Services
CloudLink Enterprises,Cyber Security,5.0,Design
CloudSphere Enterprises,Digital Marketing,3.9,Marketing
BuildPro Industries,Cloud Services,4.3,Infrastructure
UrbanCraft Group,Web Development,4.3,Education
CloudSphere Enterprises,Financial Consulting,3.4,Finance
NextGen Enterprises,Corporate Training,4.2,IT Services
AlphaWorks Enterprises,AI/ML Services,4.8,Marketing
CloudLink Enterprises,Cyber Security,4.0,Marketing
InteriorHive Enterprises,Cloud Services,4.7,Design
NextGen Group,Mobile App Development,4.6,Design
MarketGenius Enterprises,Interior Design,4.3,Marketing
TechNova Group,Digital Marketing,3.1,Infrastructure
MegaBuild Group,Corporate Training,3.1,Finance
UrbanCraft Enterprises,AI/ML Services,3.3,Education
UrbanCraft Solutions,Mobile App Development,4.2,IT Services
PrimeLogics Enterprises,Cyber Security,4.0,Education
BuildPro Enterprises,Corporate Training,4.2,Marketing
CloudLink Solutions,AI/ML Services,3.5,Marketing
AdWise Pvt Ltd,Web Development,4.5,Infrastructure
VisionTech Group,Web Development,4.7,Education
CloudLink Group,Interior Design,3.9,Finance
UrbanCraft Pvt Ltd,Digital Marketing,4.6,Infrastructure
SecureNet Solutions,Financial Consulting,3.8,Finance
CloudSphere Enterprises,Cloud Services,4.3,IT Services
AdWise Industries,Cyber Security,3.8,Design
CoreBuild Solutions,Civil Construction,3.4,Design
NextGen Pvt Ltd,Web Development,4.1,IT Services
InteriorHive Pvt Ltd,Cyber Security,3.8,Finance
TechNova Group,Digital Marketing,4.0,Marketing
BrightPath Solutions,Interior Design,3.1,Marketing
MarketGenius Enterprises,Civil Construction,3.3,Education
VisionTech Industries,Mobile App Development,3.6,Design
CloudLink Industries,Digital Marketing,3.7,Infrastructure
MegaBuild Solutions,Digital Marketing,4.5,Design
SecureNet Pvt Ltd,Digital Marketing,4.1,Finance
PrimeLogics Pvt Ltd,Mobile App Development,3.1,Design
MegaBuild Group,Civil Construction,3.3,IT Services
AdWise Solutions,AI/ML Services,3.9,Finance
MegaBuild Group,Civil Construction,4.2,IT Services
AlphaWorks Pvt Ltd,Cloud Services,4.3,Marketing
FinEdge Industries,AI/ML Services,4.6,Marketing
BrightPath Solutions,Cloud Services,4.6,Finance
VisionTech Industries,Cyber Security,3.3,Design
AdWise Group,Cloud Services,5.0,Finance
VisionTech Pvt Ltd,Financial Consulting,4.0,IT Services
NextGen Solutions,Interior Design,3.2,Infrastructure
MarketGenius Enterprises,Cloud Services,3.2,Infrastructure
VisionTech Enterprises,Web Development,3.6,Marketing
NextGen Pvt Ltd,Corporate Training,3.9,Marketing
VisionTech Group,Cloud Services,4.8,IT Services
CyberMatrix Industries,Financial Consulting,3.4,Finance
InteriorHive Pvt Ltd,Corporate Training,4.8,Infrastructure
GreenLeaf Pvt Ltd,Mobile App Development,3.7,IT Services
CyberMatrix Pvt Ltd,Cyber Security,4.2,Marketing
CloudLink Pvt Ltd,AI/ML Services,4.6,Infrastructure
SkyHigh Industries,Mobile App Development,4.6,Design
FinEdge Enterprises,Cyber Security,4.4,Education
TechNova Group,AI/ML Services,3.4,Education
PrimeLogics Pvt Ltd,Interior Design,3.5,Design
TechNova Enterprises,Financial Consulting,3.2,Education
CloudSphere Pvt Ltd,Cloud Services,3.6,Marketing
BrightPath Pvt Ltd,Financial Consulting,4.5,Infrastructure
CloudLink Pvt Ltd,Financial Consulting,3.3,Finance
AlphaWorks Enterprises,Civil Construction,4.4,Marketing
UrbanCraft Industries,Web Development,3.1,Finance
AdWise Enterprises,Cloud Services,3.9,IT Services
SecureNet Industries,AI/ML Services,4.0,Finance
BrightPath Solutions,Financial Consulting,4.7,Education
GreenLeaf Solutions,Cyber Security,4.0,Finance
UrbanCraft Enterprises,Civil Construction,3.4,Education
MegaBuild Pvt Ltd,Web Development,4.9,Education
GreenLeaf Industries,Interior Design,4.9,Marketing
BuildPro Group,Civil Construction,3.3,IT Services
AlphaWorks Industries,AI/ML Services,4.9,IT Services
BuildPro Industries,Civil Construction,4.8,Education
BrightPath Industries,Digital Marketing,3.7,Education
UrbanCraft Solutions,Web Development,3.4,Education
InteriorHive Group,Civil Construction,3.0,Finance
PrimeLogics Industries,Cyber Security,4.3,Design
MegaBuild Pvt Ltd,AI/ML Services,4.3,Marketing
CyberMatrix Industries,Digital Marketing,4.3,IT Services
MegaBuild Enterprises,Cyber Security,4.8,Education
CyberMatrix Pvt Ltd,AI/ML Services,3.6,Infrastructure
InteriorHive Group,Cyber Security,3.2,Infrastructure
PrimeLogics Enterprises,Corporate Training,4.9,Infrastructure
CloudSphere Enterprises,AI/ML Services,3.1,Marketing
SecureNet Industries,Mobile App Development,4.3,Education
TechNova Group,Interior Design,5.0,IT Services
InteriorHive Industries,AI/ML Services,3.0,Marketing
BrightPath Enterprises,AI/ML Services,5.0,Education
SkyHigh Group,Cloud Services,4.8,Education
VisionTech Group,Corporate Training,4.0,Education
CloudLink Industries,Corporate Training,3.8,IT Services
PrimeLogics Enterprises,Corporate Training,3.2,Finance
FinEdge Group,Mobile App Development,3.5,Design
MarketGenius Pvt Ltd,Web Development,3.9,IT Services
AdWise Industries,Corporate Training,3.8,IT Services
MegaBuild Pvt Ltd,Civil Construction,4.6,Design
InteriorHive Group,Corporate Training,3.9,Design
VisionTech Solutions,Financial Consulting,4.1,Infrastructure
AlphaWorks Group,Web Development,4.4,Finance
MarketGenius Solutions,Civil Construction,4.4,IT Services
MegaBuild Enterprises,AI/ML Services,3.7,Marketing
CloudSphere Pvt Ltd,Mobile App Development,3.7,Design
SkyHigh Industries,Corporate Training,3.9,Marketing
VisionTech Enterprises,AI/ML Services,4.9,IT Services
CloudSphere Enterprises,Financial Consulting,3.1,Marketing
GreenLeaf Pvt Ltd,Corporate Training,4.6,Marketing
CloudLink Solutions,Civil Construction,4.1,Marketing
MarketGenius Pvt Ltd,Corporate Training,4.3,Finance
CloudLink Enterprises,Mobile App Development,3.2,Education
AlphaWorks Industries,Corporate Training,3.9,Finance
TechNova Solutions,Corporate Training,3.7,Design
PrimeLogics Pvt Ltd,Mobile App Development,4.8,IT Services
CyberMatrix Enterprises,AI/ML Services,3.0,Infrastructure
BrightPath Enterprises,Cloud Services,4.7,Design
VisionTech Industries,Financial Consulting,3.1,Education
AlphaWorks Pvt Ltd,Financial Consulting,4.0,Infrastructure
CoreBuild Enterprises,Civil Construction,3.1,Finance
NextGen Industries,Financial Consulting,3.6,Education
NextGen Solutions,Mobile App Development,3.7,Infrastructure
PrimeLogics Enterprises,Civil Construction,3.9,Marketing
CloudLink Group,Cyber Security,3.4,IT Services
MarketGenius Industries,Corporate Training,3.2,Design
GreenLeaf Pvt Ltd,Financial Consulting,4.3,Education
CloudLink Enterprises,Interior Design,3.6,Education
MegaBuild Pvt Ltd,Mobile App Development,3.7,Infrastructure
BuildPro Pvt Ltd,Mobile App Development,3.1,Infrastructure
BrightPath Industries,Web Development,3.1,Finance
InteriorHive Group,Corporate Training,4.3,Design
FinEdge Industries,Digital Marketing,4.3,Finance
BuildPro Group,Interior Design,3.8,Marketing
CoreBuild Group,Mobile App Development,4.7,Infrastructure
CyberMatrix Pvt Ltd,Civil Construction,3.7,Infrastructure
TechNova Industries,AI/ML Services,4.9,IT Services
FinEdge Group,Digital Marketing,3.3,Finance
AdWise Enterprises,Financial Consulting,4.2,Design
CoreBuild Solutions,Mobile App Development,4.3,Infrastructure
CoreBuild Pvt Ltd,Corporate Training,3.7,Infrastructure
InteriorHive Pvt Ltd,Cloud Services,3.8,Finance
SecureNet Solutions,Interior Design,4.4,Finance
BrightPath Enterprises,Cloud Services,4.6,IT Services
GreenLeaf Group,Financial Consulting,4.8,Finance
GreenLeaf Industries,AI/ML Services,4.4,Marketing
GreenLeaf Pvt Ltd,Web Development,3.3,IT Services
GreenLeaf Solutions,AI/ML Services,3.8,Education
SecureNet Industries,Financial Consulting,3.3,Marketing
MegaBuild Solutions,Web Development,3.3,Education
SecureNet Enterprises,Digital Marketing,3.4,Infrastructure
AlphaWorks Group,Cloud Services,4.0,Finance
CloudSphere Industries,Mobile App Development,4.7,Finance
InteriorHive Pvt Ltd,AI/ML Services,3.5,Education
BrightPath Group,Cloud Services,4.5,Design
PrimeLogics Solutions,Cloud Services,4.6,IT Services
MarketGenius Group,Web Development,4.2,Marketing
FinEdge Industries,Digital Marketing,3.7,Design
VisionTech Group,Civil Construction,4.2,Infrastructure
PrimeLogics Enterprises,Cloud Services,4.7,Design
CloudSphere Group,Financial Consulting,4.1,IT Services
TechNova Enterprises,Financial Consulting,4.5,Finance
CloudLink Pvt Ltd,Mobile App Development,4.4,Finance
TechNova Enterprises,Cyber Security,4.5,IT Services
FinEdge Solutions,Corporate Training,3.8,Marketing
SkyHigh Enterprises,Civil Construction,3.5,Design
AdWise Solutions,Financial Consulting,3.7,Finance
NextGen Pvt Ltd,Cloud Services,4.0,IT Services
FinEdge Group,Civil Construction,3.7,Education
VisionTech Solutions,Mobile App Development,3.1,Finance
BrightPath Pvt Ltd,Financial Consulting,3.4,IT Services
MegaBuild Group,AI/ML Services,3.3,Marketing
FinEdge Industries,AI/ML Services,3.9,Infrastructure
NextGen Group,AI/ML Services,3.9,Design
AdWise Industries,Financial Consulting,4.4,Finance
SkyHigh Group,Web Development,3.5,IT Services
MegaBuild Solutions,Cloud Services,4.9,Finance
CloudLink Solutions,AI/ML Services,3.2,Infrastructure
BrightPath Industries,Civil Construction,3.6,Marketing
CloudSphere Group,Cloud Services,3.3,IT Services
VisionTech Industries,Financial Consulting,4.9,Finance
AlphaWorks Group,Civil Construction,3.0,Education
AdWise Industries,Mobile App Development,3.8,Education
CoreBuild Group,Financial Consulting,4.3,Education
CloudSphere Pvt Ltd,Interior Design,4.8,Marketing
AdWise Pvt Ltd,Cyber Security,4.8,Education
TechNova Industries,Mobile App Development,3.9,Design
MarketGenius Solutions,Cyber Security,4.1,IT Services
UrbanCraft Solutions,Digital Marketing,4.7,Finance
CloudSphere Enterprises,Mobile App Development,4.7,IT Services
MarketGenius Group,Cyber Security,4.4,Finance
CyberMatrix Enterprises,Corporate Training,4.2,Education
PrimeLogics Industries,Financial Consulting,3.1,Finance
InteriorHive Solutions,AI/ML Services,3.2,Finance
CoreBuild Enterprises,Corporate Training,4.3,Infrastructure
BrightPath Solutions,Web Development,3.6,Education
AdWise Solutions,Civil Construction,3.9,Finance
GreenLeaf Pvt Ltd,Cyber Security,4.2,Education
AlphaWorks Industries,Mobile App Development,4.6,Marketing
SkyHigh Pvt Ltd,Financial Consulting,4.7,Finance
CoreBuild Enterprises,Financial Consulting,4.4,IT Services
AlphaWorks Solutions,Corporate Training,4.9,Education
CoreBuild Solutions,Cloud Services,3.5,Infrastructure
CyberMatrix Pvt Ltd,Cloud Services,4.4,Infrastructure
VisionTech Pvt Ltd,Digital Marketing,3.9,IT Services
CloudLink Industries,Interior Design,3.2,Education
NextGen Group,AI/ML Services,4.7,Infrastructure
AdWise Enterprises,Corporate Training,4.8,Finance
CloudLink Enterprises,AI/ML Services,4.0,Education
NextGen Group,AI/ML Services,3.3,IT Services
AlphaWorks Enterprises,Financial Consulting,4.6,Finance
UrbanCraft Industries,Digital Marketing,4.2,Infrastructure
BrightPath Group,Cyber Security,4.7,Education
GreenLeaf Industries,Civil Construction,5.0,Marketing
CloudSphere Enterprises,Financial Consulting,3.9,Education
PrimeLogics Industries,Interior Design,3.8,Education
BuildPro Solutions,Mobile App Development,3.3,Design
TechNova Enterprises,Financial Consulting,3.8,Marketing
TechNova Industries,Mobile App Development,3.3,IT Services
PrimeLogics Industries,Civil Construction,3.3,Finance
CloudLink Pvt Ltd,Civil Construction,4.4,IT Services
TechNova Solutions,Cloud Services,4.3,IT Services
TechNova Group,Mobile App Development,4.5,Finance
MarketGenius Solutions,Interior Design,3.9,Finance
GreenLeaf Pvt Ltd,Mobile App Development,3.4,Infrastructure
SecureNet Industries,Mobile App Development,4.9,Infrastructure
MegaBuild Industries,Civil Construction,3.9,IT Services
FinEdge Solutions,Mobile App Development,3.8,Infrastructure
CyberMatrix Industries,Civil Construction,3.8,Design
UrbanCraft Pvt Ltd,Civil Construction,3.6,Finance
BrightPath Pvt Ltd,Cyber Security,3.4,Design
NextGen Pvt Ltd,Mobile App Development,5.0,Infrastructure
MarketGenius Pvt Ltd,AI/ML Services,4.1,Infrastructure
SkyHigh Enterprises,Web Development,5.0,Design
MegaBuild Pvt Ltd,Cloud Services,3.3,Marketing
VisionTech Solutions,Cloud Services,4.1,Education
AlphaWorks Enterprises,Corporate Training,5.0,Infrastructure
FinEdge Solutions,Digital Marketing,3.0,Infrastructure
MarketGenius Group,Cyber Security,3.7,IT Services
UrbanCraft Group,Mobile App Development,3.3,IT Services
InteriorHive Enterprises,Financial Consulting,4.6,Education
CoreBuild Group,Cloud Services,4.3,Marketing
FinEdge Pvt Ltd,Civil Construction,4.2,IT Services
CoreBuild Enterprises,Cyber Security,3.1,Marketing
CyberMatrix Enterprises,Civil Construction,4.0,Design
InteriorHive Solutions,Cloud Services,5.0,IT Services
MarketGenius Industries,Interior Design,3.0,Education
GreenLeaf Enterprises,AI/ML Services,4.1,Finance
BuildPro Industries,Cloud Services,3.4,Infrastructure
NextGen Group,Web Development,3.9,Finance
BuildPro Pvt Ltd,Civil Construction,3.8,Finance
MarketGenius Solutions,Web Development,3.0,Infrastructure
NextGen Enterprises,Mobile App Development,4.8,Marketing
TechNova Group,Web Development,4.0,Design
GreenLeaf Enterprises,Digital Marketing,3.1,Education
CloudLink Enterprises,Mobile App Development,3.8,IT Services
TechNova Enterprises,Civil Construction,4.4,Infrastructure
NextGen Enterprises,Mobile App Development,4.3,IT Services
AlphaWorks Solutions,Cloud Services,3.8,Education
CloudLink Solutions,Web Development,4.9,Infrastructure
CoreBuild Industries,Cloud Services,4.9,Marketing
AlphaWorks Enterprises,Cyber Security,3.9,Infrastructure
TechNova Enterprises,Civil Construction,3.0,IT Services
FinEdge Pvt Ltd,Web Development,4.9,Education
BrightPath Industries,Cyber Security,4.2,IT Services
SkyHigh Industries,Interior Design,3.5,Infrastructure
CloudSphere Pvt Ltd,Cloud Services,4.3,Finance
CloudSphere Group,Digital Marketing,4.6,Finance
TechNova Group,Civil Construction,4.6,IT Services
CoreBuild Enterprises,Corporate Training,3.2,IT Services
VisionTech Industries,Civil Construction,4.9,Design
AlphaWorks Solutions,Digital Marketing,3.2,Design
AlphaWorks Pvt Ltd,Digital Marketing,3.8,IT Services
AdWise Solutions,Corporate Training,4.6,Infrastructure
UrbanCraft Solutions,Civil Construction,5.0,IT Services
GreenLeaf Pvt Ltd,Web Development,3.5,Infrastructure
SecureNet Pvt Ltd,Cyber Security,3.9,IT Services
MegaBuild Industries,Interior Design,4.4,Design
TechNova Solutions,AI/ML Services,3.2,Finance
BrightPath Pvt Ltd,Civil Construction,3.5,Marketing
AlphaWorks Industries,Digital Marketing,4.7,Education
CyberMatrix Industries,Digital Marketing,4.9,Design
VisionTech Solutions,AI/ML Services,3.8,Design
CloudSphere Solutions,Cyber Security,4.3,Finance
PrimeLogics Enterprises,Corporate Training,3.7,Education
CloudSphere Solutions,Financial Consulting,3.6,Education
MegaBuild Pvt Ltd,AI/ML Services,3.5,Design
VisionTech Enterprises,AI/ML Services,4.1,IT Services
SecureNet Pvt Ltd,Interior Design,3.6,Marketing
BrightPath Pvt Ltd,Mobile App Development,3.2,Design
BuildPro Pvt Ltd,Mobile App Development,3.4,Finance
SkyHigh Pvt Ltd,Corporate Training,4.2,Infrastructure
MarketGenius Industries,AI/ML Services,3.9,Marketing
GreenLeaf Group,Cyber Security,4.0,Design
CyberMatrix Industries,Web Development,4.7,IT Services
MarketGenius Pvt Ltd,AI/ML Services,4.5,Design
CloudLink Industries,Cyber Security,3.3,Design
TechNova Group,Corporate Training,3.2,Infrastructure
MegaBuild Solutions,Mobile App Development,3.8,Infrastructure
TechNova Industries,Cloud Services,3.4,Marketing
FinEdge Pvt Ltd,Digital Marketing,4.0,Education
SecureNet Group,Web Development,4.8,Infrastructure
InteriorHive Pvt Ltd,Interior Design,4.8,Design
SkyHigh Industries,Mobile App Development,3.6,Infrastructure
VisionTech Enterprises,Civil Construction,4.8,Marketing
AdWise Solutions,Civil Construction,4.0,Marketing
CloudSphere Group,Web Development,4.7,IT Services
CoreBuild Solutions,Mobile App Development,3.1,Education
AdWise Pvt Ltd,Digital Marketing,4.1,Infrastructure
CoreBuild Industries,Civil Construction,4.0,Finance
NextGen Solutions,AI/ML Services,3.4,Marketing
AdWise Group,Corporate Training,4.2,Finance
UrbanCraft Pvt Ltd,Digital Marketing,4.2,Finance
VisionTech Pvt Ltd,Financial Consulting,4.0,Marketing
InteriorHive Group,Cyber Security,3.8,Education
AdWise Group,Civil Construction,4.9,IT Services
VisionTech Pvt Ltd,Interior Design,3.0,Finance
CoreBuild Pvt Ltd,AI/ML Services,4.4,Marketing
VisionTech Enterprises,Corporate Training,4.9,Education
CloudLink Solutions,Civil Construction,3.2,Marketing
CyberMatrix Industries,Cyber Security,3.4,Marketing
BrightPath Solutions,Civil Construction,3.5,Marketing
SkyHigh Group,AI/ML Services,4.1,IT Services
UrbanCraft Group,AI/ML Services,3.2,Marketing
GreenLeaf Enterprises,Cyber Security,3.5,Finance
CyberMatrix Enterprises,Digital Marketing,4.8,Finance
SkyHigh Group,Digital Marketing,4.8,Education
UrbanCraft Pvt Ltd,Corporate Training,4.2,Infrastructure
FinEdge Industries,Cloud Services,3.4,Education
BuildPro Industries,Cyber Security,5.0,Marketing
AlphaWorks Solutions,Mobile App Development,4.4,Finance
InteriorHive Group,Web Development,3.1,Infrastructure
PrimeLogics Industries,Digital Marketing,4.7,Design
UrbanCraft Industries,Cloud Services,4.0,IT Services
TechNova Enterprises,Cyber Security,4.8,Finance
GreenLeaf Solutions,Digital Marketing,4.9,Design
CoreBuild Group,Web Development,3.5,Infrastructure
FinEdge Enterprises,Digital Marketing,3.6,Finance
InteriorHive Pvt Ltd,Corporate Training,4.4,Finance
SecureNet Enterprises,Financial Consulting,4.8,Infrastructure
CloudSphere Group,Mobile App Development,4.6,IT Services
BuildPro Pvt Ltd,Civil Construction,4.4,Infrastructure
NextGen Enterprises,Cyber Security,4.9,Education
VisionTech Enterprises,Interior Design,3.9,Infrastructure
MegaBuild Group,Cyber Security,4.6,Design
VisionTech Enterprises,Digital Marketing,3.8,Finance
SecureNet Industries,Corporate Training,3.3,Education
AdWise Industries,Cyber Security,4.7,Finance
FinEdge Group,Civil Construction,4.7,Marketing
VisionTech Enterprises,Corporate Training,3.4,Infrastructure
MarketGenius Pvt Ltd,Digital Marketing,3.6,Design
BuildPro Industries,Digital Marketing,3.2,Marketing
GreenLeaf Solutions,Web Development,3.8,Marketing
UrbanCraft Pvt Ltd,Web Development,3.9,IT Services
MegaBuild Group,Digital Marketing,4.5,Infrastructure
PrimeLogics Industries,Web Development,4.1,Marketing
AdWise Solutions,Cloud Services,4.3,IT Services
NextGen Solutions,Civil Construction,4.1,Design
NextGen Pvt Ltd,AI/ML Services,5.0,Education
CoreBuild Industries,Cyber Security,4.3,Finance
CloudSphere Enterprises,Interior Design,3.8,Infrastructure
CyberMatrix Group,Interior Design,4.5,Infrastructure
MegaBuild Solutions,Interior Design,4.9,Marketing
BuildPro Enterprises,Cyber Security,4.4,Education
AlphaWorks Enterprises,Cyber Security,3.7,IT Services
AdWise Pvt Ltd,Civil Construction,3.7,Education
CloudSphere Pvt Ltd,Mobile App Development,3.2,Design
GreenLeaf Pvt Ltd,Interior Design,4.0,IT Services
AlphaWorks Enterprises,Cloud Services,3.8,Marketing
FinEdge Industries,Corporate Training,3.4,Infrastructure
AdWise Enterprises,Interior Design,3.5,Education
BrightPath Enterprises,Cloud Services,4.2,Design
InteriorHive Industries,Cloud Services,3.6,IT Services
NextGen Industries,Financial Consulting,3.1,Education
UrbanCraft Group,Civil Construction,4.9,Finance
PrimeLogics Industries,Cloud Services,4.8,Finance
GreenLeaf Industries,Financial Consulting,3.5,IT Services
MarketGenius Industries,Cyber Security,4.8,IT Services
BrightPath Enterprises,Digital Marketing,4.5,IT Services
InteriorHive Pvt Ltd,Corporate Training,4.7,Design
CloudSphere Industries,Digital Marketing,3.5,Finance
MegaBuild Pvt Ltd,Cyber Security,3.1,Finance
InteriorHive Enterprises,Civil Construction,3.7,Finance
BrightPath Pvt Ltd,Corporate Training,4.3,Education
UrbanCraft Enterprises,Corporate Training,3.8,Education
CyberMatrix Solutions,AI/ML Services,3.8,Design
AdWise Enterprises,Civil Construction,3.9,Education
MarketGenius Enterprises,Cyber Security,3.8,Infrastructure
FinEdge Industries,Web Development,3.6,Design
CyberMatrix Group,Web Development,4.2,IT Services
InteriorHive Pvt Ltd,Cloud Services,3.3,Finance
GreenLeaf Group,Digital Marketing,4.8,Marketing
MegaBuild Pvt Ltd,Interior Design,3.6,Infrastructure
CloudLink Group,AI/ML Services,4.7,Education
BrightPath Enterprises,Cloud Services,4.1,IT Services
VisionTech Enterprises,Digital Marketing,3.6,Design
GreenLeaf Group,Digital Marketing,4.3,IT Services
BrightPath Industries,Cyber Security,3.0,Infrastructure
UrbanCraft Enterprises,Mobile App Development,4.3,Education
BrightPath Group,Digital Marketing,3.9,IT Services
MarketGenius Enterprises,Financial Consulting,4.7,Infrastructure
TechNova Solutions,Mobile App Development,4.1,Marketing
MarketGenius Enterprises,Financial Consulting,4.7,Marketing
MegaBuild Solutions,Digital Marketing,3.8,Marketing
AlphaWorks Pvt Ltd,AI/ML Services,3.1,Design
FinEdge Solutions,Digital Marketing,3.3,Finance
BuildPro Pvt Ltd,Cyber Security,4.8,Finance
BrightPath Solutions,Interior Design,3.4,Education
FinEdge Pvt Ltd,Civil Construction,4.5,Finance
MegaBuild Pvt Ltd,Interior Design,4.1,Design
UrbanCraft Group,AI/ML Services,3.5,IT Services
BuildPro Solutions,Interior Design,3.2,Infrastructure
SecureNet Group,Cloud Services,4.8,Design
CloudSphere Pvt Ltd,Interior Design,3.9,Marketing
BrightPath Enterprises,Corporate Training,3.3,Education
UrbanCraft Group,Mobile App Development,3.1,Finance
AdWise Industries,AI/ML Services,3.0,Finance
CloudSphere Solutions,AI/ML Services,4.7,Design
MegaBuild Solutions,Mobile App Development,4.5,IT Services
TechNova Industries,Digital Marketing,3.6,Design
VisionTech Enterprises,Digital Marketing,3.5,Marketing
CloudSphere Solutions,Mobile App Development,3.8,Finance
GreenLeaf Group,Corporate Training,4.0,Education
NextGen Group,AI/ML Services,3.4,Design
VisionTech Enterprises,Civil Construction,5.0,IT Services
AlphaWorks Pvt Ltd,Cyber Security,4.0,Design
PrimeLogics Group,Corporate Training,4.5,Design
CyberMatrix Industries,Web Development,4.9,Infrastructure
CoreBuild Solutions,Corporate Training,4.2,Finance
InteriorHive Group,Digital Marketing,3.5,Infrastructure
CyberMatrix Pvt Ltd,AI/ML Services,3.9,Marketing
BuildPro Enterprises,Corporate Training,3.1,Finance
AlphaWorks Pvt Ltd,Web Development,4.3,Marketing
PrimeLogics Group,AI/ML Services,3.7,Education
SkyHigh Solutions,Cloud Services,4.9,Marketing
UrbanCraft Solutions,AI/ML Services,3.1,Education
UrbanCraft Solutions,Financial Consulting,4.9,IT Services
SecureNet Group,Corporate Training,3.9,IT Services
CloudSphere Pvt Ltd,Civil Construction,4.8,IT Services
GreenLeaf Industries,Cloud Services,4.1,Education
UrbanCraft Enterprises,Financial Consulting,3.3,IT Services
CoreBuild Solutions,Web Development,3.3,IT Services
FinEdge Solutions,Mobile App Development,3.9,Design
UrbanCraft Industries,Corporate Training,4.9,Design
PrimeLogics Group,Mobile App Development,4.0,Infrastructure
SkyHigh Industries,Digital Marketing,4.5,Education
BrightPath Group,Interior Design,3.5,Education
BuildPro Industries,AI/ML Services,4.2,IT Services
MegaBuild Group,Civil Construction,3.6,Finance
InteriorHive Group,Cloud Services,4.0,Design
AlphaWorks Solutions,AI/ML Services,3.2,Design
PrimeLogics Industries,AI/ML Services,3.5,Design
NextGen Enterprises,Cloud Services,3.8,Infrastructure
TechNova Industries,Mobile App Development,4.3,Design
FinEdge Pvt Ltd,Interior Design,4.5,Finance
SkyHigh Pvt Ltd,Cloud Services,4.3,Marketing
AdWise Group,Cyber Security,4.9,IT Services
MegaBuild Group,Cloud Services,4.3,IT Services
MegaBuild Enterprises,Cloud Services,3.1,Marketing
BrightPath Pvt Ltd,Digital Marketing,3.9,Infrastructure
BuildPro Enterprises,Mobile App Development,3.5,Design
TechNova Industries,Mobile App Development,4.2,Infrastructure
CloudLink Pvt Ltd,Cloud Services,4.1,Education
CloudSphere Enterprises,Interior Design,4.5,IT Services
SkyHigh Group,Corporate Training,3.2,IT Services
MarketGenius Solutions,Digital Marketing,3.7,Education
TechNova Enterprises,Financial Consulting,3.3,Marketing
CloudLink Group,Cloud Services,4.2,IT Services
CloudLink Group,Web Development,5.0,IT Services
MegaBuild Group,Corporate Training,3.1,Education
SecureNet Enterprises,Web Development,3.1,IT Services
CloudSphere Enterprises,Corporate Training,4.1,Marketing
AlphaWorks Pvt Ltd,Corporate Training,4.5,Marketing
PrimeLogics Group,Interior Design,4.3,Marketing
VisionTech Solutions,Civil Construction,4.1,Marketing
MegaBuild Pvt Ltd,Web Development,4.6,Education
TechNova Group,Web Development,3.1,Design
UrbanCraft Pvt Ltd,Interior Design,4.9,Finance
CoreBuild Industries,Financial Consulting,3.5,Finance
VisionTech Enterprises,AI/ML Services,4.7,Design
VisionTech Group,Cyber Security,4.1,Finance
SecureNet Pvt Ltd,Web Development,3.0,Marketing
SkyHigh Solutions,Financial Consulting,4.7,Design
VisionTech Enterprises,AI/ML Services,3.3,Design
VisionTech Pvt Ltd,Cyber Security,3.8,Education
PrimeLogics Group,AI/ML Services,4.5,Design
VisionTech Industries,Cyber Security,3.0,Finance
FinEdge Solutions,Cloud Services,3.2,Finance
BuildPro Industries,Corporate Training,3.6,Design
NextGen Solutions,Web Development,4.5,Education
TechNova Group,Civil Construction,4.2,Design
VisionTech Industries,Interior Design,4.5,Design
UrbanCraft Group,Mobile App Development,3.3,Marketing
VisionTech Enterprises,AI/ML Services,3.7,Marketing
VisionTech Solutions,Web Development,4.7,IT Services
PrimeLogics Pvt Ltd,Web Development,3.4,Education
SecureNet Enterprises,Web Development,4.0,IT Services
CoreBuild Pvt Ltd,Cloud Services,4.7,IT Services
CoreBuild Group,Corporate Training,3.0,IT Services
MarketGenius Group,Digital Marketing,3.2,IT Services
InteriorHive Enterprises,Financial Consulting,4.1,Education
CloudLink Group,Cyber Security,4.6,Education
AlphaWorks Industries,AI/ML Services,3.8,Finance
BuildPro Solutions,Interior Design,3.5,IT Services
SkyHigh Group,Cloud Services,4.1,Finance
NextGen Group,Web Development,3.4,Finance
CloudLink Enterprises,Digital Marketing,4.0,Infrastructure
CoreBuild Enterprises,Digital Marketing,3.2,Finance
CloudLink Pvt Ltd,Cyber Security,4.3,Design
BuildPro Group,Web Development,4.6,Infrastructure
MarketGenius Enterprises,Cyber Security,4.5,Marketing
InteriorHive Solutions,Civil Construction,3.7,Design
NextGen Pvt Ltd,Corporate Training,4.1,Finance
BrightPath Group,Mobile App Development,4.9,IT Services
BuildPro Industries,Cloud Services,3.5,Finance
BuildPro Solutions,Cyber Security,3.2,IT Services
BuildPro Solutions,Cloud Services,4.9,Finance
FinEdge Industries,AI/ML Services,3.3,Design
PrimeLogics Group,Cloud Services,3.2,IT Services
UrbanCraft Enterprises,Cyber Security,4.3,Design
BrightPath Industries,Corporate Training,4.0,Design
BrightPath Enterprises,Digital Marketing,3.8,Infrastructure
CoreBuild Enterprises,Corporate Training,3.2,Marketing
VisionTech Group,Financial Consulting,3.9,Finance
CloudSphere Industries,Cloud Services,4.1,IT Services
SkyHigh Industries,Interior Design,3.0,IT Services
BrightPath Enterprises,Digital Marketing,4.7,Infrastructure
BuildPro Enterprises,Interior Design,4.2,IT Services
MarketGenius Group,Interior Design,3.9,Education
VisionTech Enterprises,Cyber Security,3.9,Education
FinEdge Industries,AI/ML Services,3.7,Marketing
BrightPath Pvt Ltd,Corporate Training,4.4,IT Services
FinEdge Group,AI/ML Services,3.2,Design
MegaBuild Solutions,Mobile App Development,3.9,Design
SkyHigh Group,AI/ML Services,3.7,Marketing
SecureNet Enterprises,Cyber Security,4.5,Infrastructure
UrbanCraft Industries,Digital Marketing,3.6,IT Services
NextGen Industries,Cyber Security,4.8,Finance
SkyHigh Industries,Cyber Security,4.8,Finance
MarketGenius Industries,Financial Consulting,3.9,IT Services
CloudSphere Industries,Corporate Training,4.2,Education
MegaBuild Industries,Interior Design,3.4,Infrastructure
SkyHigh Pvt Ltd,Web Development,5.0,Finance
CloudLink Enterprises,Cyber Security,4.1,Finance
SkyHigh Solutions,Interior Design,4.5,Finance
TechNova Group,Cyber Security,4.9,Infrastructure
SecureNet Industries,Cyber Security,3.6,Infrastructure
SecureNet Industries,Digital Marketing,3.6,IT Services
PrimeLogics Enterprises,Corporate Training,3.2,Education
CloudLink Solutions,Mobile App Development,4.3,Infrastructure
PrimeLogics Industries,Mobile App Development,3.2,Education
UrbanCraft Pvt Ltd,Corporate Training,3.8,Infrastructure
AdWise Group,Interior Design,4.0,Infrastructure
CloudSphere Industries,Financial Consulting,3.4,Infrastructure
CyberMatrix Industries,Web Development,4.7,Marketing
FinEdge Industries,AI/ML Services,4.7,Finance
VisionTech Enterprises,Financial Consulting,5.0,Marketing
SecureNet Solutions,Digital Marketing,4.2,IT Services
NextGen Solutions,Civil Construction,3.7,Design
NextGen Industries,Mobile App Development,3.6,Infrastructure
SecureNet Pvt Ltd,Mobile App Development,4.5,IT Services
AlphaWorks Group,Cyber Security,4.0,Finance
CoreBuild Enterprises,Civil Construction,3.1,Education
CyberMatrix Industries,Cloud Services,3.6,Finance
SkyHigh Solutions,Mobile App Development,3.0,Infrastructure
BrightPath Industries,Web Development,3.1,Education
BuildPro Solutions,Financial Consulting,3.5,Infrastructure
TechNova Enterprises,AI/ML Services,3.6,Education
VisionTech Group,Financial Consulting,3.7,Design
PrimeLogics Enterprises,Interior Design,3.7,Finance
VisionTech Enterprises,Mobile App Development,4.0,Design
CyberMatrix Solutions,Corporate Training,4.1,IT Services
SkyHigh Industries,Mobile App Development,4.1,Design
CloudLink Industries,Corporate Training,3.4,Design
UrbanCraft Industries,Cloud Services,4.0,Marketing
NextGen Enterprises,Cloud Services,4.5,Marketing
AlphaWorks Group,Web Development,3.5,Finance
SkyHigh Pvt Ltd,Digital Marketing,4.5,Design
BrightPath Solutions,Digital Marketing,3.9,Design
MarketGenius Solutions,Civil Construction,3.5,IT Services
AlphaWorks Group,Civil Construction,4.0,IT Services
PrimeLogics Industries,Digital Marketing,3.7,Marketing
UrbanCraft Industries,Financial Consulting,3.9,Infrastructure
SkyHigh Pvt Ltd,Web Development,4.8,Marketing
TechNova Industries,Digital Marketing,4.2,Education
SkyHigh Pvt Ltd,Digital Marketing,4.4,Infrastructure
CoreBuild Enterprises,AI/ML Services,4.6,Marketing
SecureNet Enterprises,AI/ML Services,4.9,Finance
CoreBuild Solutions,Cloud Services,4.2,Education
InteriorHive Industries,Cloud Services,3.7,Design
VisionTech Pvt Ltd,Digital Marketing,3.6,Infrastructure
TechNova Enterprises,Corporate Training,4.3,Infrastructure
BuildPro Industries,Cloud Services,3.2,Marketing
FinEdge Solutions,Web Development,4.6,Education
BuildPro Solutions,Civil Construction,3.9,Finance
MegaBuild Pvt Ltd,Digital Marketing,4.0,Education
CoreBuild Group,Cloud Services,4.6,Education
SkyHigh Group,Corporate Training,4.4,Education
AlphaWorks Enterprises,Cyber Security,3.7,Marketing
CoreBuild Industries,Mobile App Development,4.5,Finance
CoreBuild Solutions,Web Development,4.5,Finance
MegaBuild Industries,Cloud Services,4.6,Design
AdWise Enterprises,Financial Consulting,3.2,Infrastructure
CyberMatrix Enterprises,Web Development,4.4,IT Services
FinEdge Pvt Ltd,Financial Consulting,4.8,Finance
CoreBuild Solutions,AI/ML Services,3.9,IT Services
AdWise Enterprises,Interior Design,3.0,Education
MarketGenius Industries,Interior Design,3.6,Marketing
PrimeLogics Industries,Corporate Training,4.9,Finance
CoreBuild Enterprises,Civil Construction,4.9,Finance
AlphaWorks Group,Interior Design,3.5,Marketing
BrightPath Industries,Cloud Services,4.6,Education
BrightPath Solutions,Mobile App Development,4.5,Marketing
AlphaWorks Solutions,Interior Design,4.0,Education
BuildPro Pvt Ltd,Cyber Security,4.2,Infrastructure
InteriorHive Group,Mobile App Development,4.4,Finance
UrbanCraft Solutions,Cyber Security,3.3,Education
SkyHigh Industries,Civil Construction,4.7,Marketing
CloudSphere Industries,Digital Marketing,4.7,Infrastructure
PrimeLogics Enterprises,Digital Marketing,4.7,Design
InteriorHive Group,Interior Design,4.2,Infrastructure
FinEdge Group,Cyber Security,4.0,Infrastructure
BuildPro Enterprises,Interior Design,4.5,Design
CloudLink Pvt Ltd,AI/ML Services,3.5,Marketing
UrbanCraft Industries,Civil Construction,3.0,Marketing
VisionTech Pvt Ltd,Financial Consulting,3.9,Education
CoreBuild Group,Interior Design,4.6,Infrastructure
CloudLink Group,Corporate Training,4.5,Marketing
NextGen Industries,Interior Design,4.2,Education
MarketGenius Industries,Interior Design,4.0,Infrastructure
UrbanCraft Enterprises,Civil Construction,4.2,Finance
AdWise Enterprises,Financial Consulting,3.3,Finance
FinEdge Solutions,Financial Consulting,4.5,Design
MarketGenius Enterprises,Financial Consulting,4.2,Infrastructure
MarketGenius Pvt Ltd,Cyber Security,4.8,Marketing
InteriorHive Industries,Web Development,3.3,Infrastructure
CoreBuild Group,Corporate Training,4.7,Finance
BrightPath Industries,Cyber Security,3.1,Finance
PrimeLogics Solutions,Cyber Security,4.9,Education
CyberMatrix Group,Mobile App Development,4.5,IT Services
CoreBuild Industries,Cloud Services,4.6,Infrastructure
CyberMatrix Enterprises,Cloud Services,4.0,IT Services
SecureNet Industries,Civil Construction,3.6,Finance
BrightPath Industries,Mobile App Development,4.8,Finance
VisionTech Solutions,AI/ML Services,3.0,Marketing
MarketGenius Pvt Ltd,Interior Design,4.5,Marketing
NextGen Enterprises,Web Development,3.7,Infrastructure
TechNova Pvt Ltd,Corporate Training,3.1,IT Services
InteriorHive Pvt Ltd,Cyber Security,4.3,IT Services
BuildPro Industries,Financial Consulting,4.8,Design
CyberMatrix Enterprises,Cyber Security,4.4,Education
MarketGenius Enterprises,Cyber Security,4.8,Finance
AlphaWorks Industries,Interior Design,3.6,IT Services
InteriorHive Enterprises,Mobile App Development,3.6,Infrastructure
CoreBuild Group,Interior Design,5.0,Marketing
CoreBuild Industries,Cyber Security,3.2,Finance
CyberMatrix Pvt Ltd,Mobile App Development,4.7,Design
SecureNet Group,Mobile App Development,4.4,IT Services
CloudSphere Solutions,AI/ML Services,3.2,IT Services
UrbanCraft Industries,Cyber Security,3.3,Infrastructure
TechNova Pvt Ltd,Interior Design,4.4,IT Services
CyberMatrix Pvt Ltd,Cyber Security,3.6,Finance
MarketGenius Pvt Ltd,Financial Consulting,3.7,Design
MarketGenius Group,Financial Consulting,3.2,Education
SecureNet Pvt Ltd,Mobile App Development,4.7,Infrastructure
CyberMatrix Pvt Ltd,Web Development,4.4,Finance
MegaBuild Group,Cloud Services,3.4,IT Services
CloudLink Group,Digital Marketing,3.3,IT Services
AdWise Enterprises,Digital Marketing,3.6,Design
SkyHigh Solutions,Digital Marketing,4.8,IT Services
CoreBuild Group,Digital Marketing,3.4,Marketing
NextGen Enterprises,Civil Construction,4.7,IT Services
SkyHigh Enterprises,Interior Design,4.4,Finance
CyberMatrix Pvt Ltd,Corporate Training,3.6,Infrastructure
VisionTech Solutions,Cyber Security,4.5,Finance
NextGen Group,Civil Construction,3.6,Design
UrbanCraft Industries,Corporate Training,4.4,Design
TechNova Group,Mobile App Development,3.1,Finance
SkyHigh Enterprises,Civil Construction,4.7,IT Services
FinEdge Pvt Ltd,Cyber Security,5.0,Infrastructure
InteriorHive Pvt Ltd,Corporate Training,5.0,Education
BuildPro Group,Cloud Services,3.0,IT Services
CloudLink Group,Corporate Training,3.9,IT Services
NextGen Group,Digital Marketing,3.5,Education
CloudSphere Enterprises,Interior Design,4.1,Design
BuildPro Solutions,Web Development,4.7,Design
FinEdge Pvt Ltd,Interior Design,4.0,Finance
VisionTech Pvt Ltd,Mobile App Development,4.6,IT Services
CloudLink Pvt Ltd,Digital Marketing,3.6,Finance
AdWise Solutions,Cyber Security,4.4,Infrastructure
SkyHigh Enterprises,Corporate Training,3.9,Design
SecureNet Solutions,AI/ML Services,3.8,Education
MegaBuild Industries,Civil Construction,3.4,Marketing
CoreBuild Solutions,Mobile App Development,4.1,Marketing
NextGen Enterprises,AI/ML Services,3.6,Education
SecureNet Industries,Cloud Services,3.4,Finance
NextGen Enterprises,Mobile App Development,3.4,Marketing
BrightPath Industries,Cyber Security,3.3,Infrastructure
AlphaWorks Group,Financial Consulting,5.0,Finance
CyberMatrix Pvt Ltd,Web Development,4.7,Design
AlphaWorks Pvt Ltd,Cyber Security,3.4,Design
SecureNet Solutions,Cloud Services,4.0,Finance
FinEdge Industries,Financial Consulting,3.8,Design
TechNova Solutions,Cyber Security,4.1,IT Services
CoreBuild Pvt Ltd,Cloud Services,4.2,IT Services
InteriorHive Industries,Web Development,3.1,IT Services
AlphaWorks Enterprises,Mobile App Development,4.2,Design
MegaBuild Industries,Interior Design,3.5,Design
UrbanCraft Solutions,Mobile App Development,4.3,Design
BuildPro Solutions,Interior Design,3.0,IT Services
AlphaWorks Solutions,Cloud Services,3.7,Marketing
InteriorHive Enterprises,Mobile App Development,4.9,Design
SkyHigh Enterprises,Corporate Training,3.3,Infrastructure
NextGen Pvt Ltd,Civil Construction,4.8,Marketing
MarketGenius Enterprises,Cyber Security,4.0,IT Services
AdWise Pvt Ltd,Web Development,4.1,Design
FinEdge Solutions,Mobile App Development,4.3,Finance
CyberMatrix Pvt Ltd,Cloud Services,3.4,Design
NextGen Pvt Ltd,Civil Construction,4.3,IT Services
AlphaWorks Solutions,Cyber Security,4.1,Finance
CloudSphere Pvt Ltd,Civil Construction,3.7,IT Services
SecureNet Pvt Ltd,Web Development,4.3,IT Services
TechNova Group,Civil Construction,4.1,Marketing
VisionTech Industries,Cyber Security,4.8,Finance
PrimeLogics Pvt Ltd,Cloud Services,3.0,Education
SkyHigh Enterprises,Cyber Security,4.4,Marketing
FinEdge Pvt Ltd,Interior Design,3.8,Marketing
FinEdge Solutions,Interior Design,4.1,Marketing
TechNova Enterprises,Web Development,3.6,IT Services
AlphaWorks Group,Financial Consulting,3.4,IT Services
SkyHigh Pvt Ltd,AI/ML Services,4.4,Infrastructure
MegaBuild Pvt Ltd,Cloud Services,4.1,IT Services
CloudLink Group,Web Development,3.1,Education
InteriorHive Solutions,AI/ML Services,4.7,IT Services
SecureNet Solutions,AI/ML Services,4.6,Design
SkyHigh Solutions,Civil Construction,3.4,Marketing
VisionTech Solutions,Financial Consulting,3.8,Education
CyberMatrix Enterprises,Web Development,3.8,Finance
AdWise Industries,Digital Marketing,4.7,Education
SkyHigh Industries,Cyber Security,4.3,Finance
CyberMatrix Solutions,Mobile App Development,4.2,IT Services
GreenLeaf Solutions,Financial Consulting,3.4,IT Services
VisionTech Solutions,Corporate Training,4.4,IT Services
UrbanCraft Group,Financial Consulting,3.7,Design
MegaBuild Industries,Cyber Security,4.1,Infrastructure
BuildPro Industries,Cyber Security,4.1,Marketing
CyberMatrix Enterprises,Interior Design,3.9,Design
VisionTech Pvt Ltd,Mobile App Development,3.1,Education
BrightPath Enterprises,Financial Consulting,3.6,Education
UrbanCraft Enterprises,Cloud Services,4.8,Finance
FinEdge Industries,AI/ML Services,4.2,Finance
BuildPro Industries,Corporate Training,4.0,Finance
MarketGenius Group,AI/ML Services,3.9,Infrastructure
BuildPro Enterprises,Financial Consulting,3.8,Infrastructure
PrimeLogics Industries,Civil Construction,4.8,Infrastructure
MegaBuild Group,Web Development,3.5,Infrastructure
MegaBuild Industries,Cyber Security,4.2,Finance
BrightPath Pvt Ltd,Digital Marketing,3.7,IT Services
CyberMatrix Enterprises,Corporate Training,3.4,Infrastructure
BuildPro Enterprises,Civil Construction,3.6,Design
CloudLink Enterprises,Digital Marketing,3.0,Design
UrbanCraft Group,Financial Consulting,3.6,Marketing
SecureNet Industries,Mobile App Development,3.3,IT Services
GreenLeaf Enterprises,Corporate Training,5.0,Education
VisionTech Solutions,Civil Construction,4.4,Education
BuildPro Solutions,Cloud Services,3.7,IT Services
BuildPro Solutions,Financial Consulting,3.0,Marketing
GreenLeaf Industries,Cloud Services,4.2,Infrastructure
SkyHigh Industries,Digital Marketing,3.4,Finance
TechNova Solutions,Cloud Services,4.6,Education
BuildPro Enterprises,Digital Marketing,3.5,Education
PrimeLogics Group,Cyber Security,4.8,Design
BrightPath Enterprises,Civil Construction,3.8,Education
GreenLeaf Pvt Ltd,Cyber Security,4.9,Finance
AlphaWorks Pvt Ltd,Corporate Training,4.8,Education
InteriorHive Pvt Ltd,Cloud Services,3.3,Education
InteriorHive Pvt Ltd,Cyber Security,4.6,Finance
NextGen Solutions,Cloud Services,3.5,IT Services
AlphaWorks Group,Cyber Security,3.4,Design
AlphaWorks Industries,AI/ML Services,3.0,Marketing
CoreBuild Industries,AI/ML Services,4.5,IT Services
CloudSphere Group,Financial Consulting,3.8,Education
BuildPro Group,Mobile App Development,3.9,Infrastructure
BrightPath Group,Digital Marketing,4.6,Finance
SkyHigh Pvt Ltd,Web Development,4.3,Marketing
VisionTech Enterprises,Mobile App Development,3.1,Finance
MegaBuild Industries,Web Development,3.9,IT Services
BrightPath Industries,Interior Design,3.4,Education
PrimeLogics Group,Interior Design,3.1,Infrastructure
CloudSphere Solutions,Financial Consulting,4.3,Infrastructure
CoreBuild Solutions,Digital Marketing,4.1,Education
BrightPath Group,Web Development,3.9,Design
SecureNet Pvt Ltd,Digital Marketing,3.8,IT Services
SecureNet Enterprises,Cloud Services,4.9,Marketing
CoreBuild Group,Cloud Services,4.1,Education
MegaBuild Enterprises,Mobile App Development,3.0,Infrastructure
CyberMatrix Solutions,Cloud Services,3.5,Marketing
PrimeLogics Industries,Cloud Services,3.4,Finance
SkyHigh Group,Cyber Security,3.6,Infrastructure
TechNova Industries,Corporate Training,3.4,Education
AlphaWorks Enterprises,Digital Marketing,3.2,Marketing
CoreBuild Industries,Mobile App Development,4.0,Finance
CloudSphere Solutions,Financial Consulting,4.4,Finance
BrightPath Solutions,Mobile App Development,3.1,Infrastructure
MarketGenius Solutions,Digital Marketing,4.8,Design
MegaBuild Pvt Ltd,Web Development,4.7,Infrastructure
FinEdge Enterprises,Financial Consulting,4.2,Marketing
MegaBuild Industries,Web Development,4.8,Marketing
MegaBuild Industries,Cyber Security,3.5,Marketing
BuildPro Industries,AI/ML Services,4.0,Finance
MegaBuild Industries,Cyber Security,3.5,Infrastructure
CoreBuild Group,Mobile App Development,3.9,Finance
InteriorHive Pvt Ltd,Cyber Security,4.9,Design
CloudLink Group,AI/ML Services,3.8,Education
UrbanCraft Pvt Ltd,Civil Construction,5.0,Marketing
CloudSphere Industries,Interior Design,3.1,Design
BuildPro Group,Corporate Training,3.7,Infrastructure
TechNova Solutions,Interior Design,3.1,Infrastructure
CoreBuild Pvt Ltd,Cyber Security,4.0,Design
MegaBuild Pvt Ltd,Digital Marketing,4.8,Infrastructure
BuildPro Enterprises,Civil Construction,4.5,Finance
MegaBuild Industries,Interior Design,3.2,Marketing
NextGen Group,Cloud Services,4.6,Design
CloudSphere Industries,Digital Marketing,4.3,Design
PrimeLogics Industries,Corporate Training,4.4,Finance
FinEdge Group,Interior Design,3.9,Finance
BuildPro Pvt Ltd,Web Development,4.1,Marketing
NextGen Industries,Civil Construction,3.3,Marketing
BuildPro Pvt Ltd,Cloud Services,3.9,Finance
NextGen Solutions,Web Development,4.6,Infrastructure
BrightPath Pvt Ltd,Civil Construction,4.7,Education
PrimeLogics Group,Web Development,3.2,Marketing
InteriorHive Group,Interior Design,4.8,Finance
CloudLink Solutions,Cyber Security,4.0,Finance
CloudSphere Pvt Ltd,Financial Consulting,3.2,IT Services
CloudSphere Solutions,AI/ML Services,3.8,Design
CloudSphere Industries,Cyber Security,3.9,Finance
GreenLeaf Group,Corporate Training,4.9,Marketing
SkyHigh Pvt Ltd,Financial Consulting,4.2,Education
InteriorHive Enterprises,Interior Design,4.6,Finance
MarketGenius Pvt Ltd,Interior Design,3.6,Marketing
GreenLeaf Pvt Ltd,AI/ML Services,4.1,Infrastructure
BuildPro Enterprises,Mobile App Development,3.2,Finance
VisionTech Pvt Ltd,Digital Marketing,4.1,Finance
PrimeLogics Group,Mobile App Development,3.6,Infrastructure
CoreBuild Group,Web Development,3.4,Design
MegaBuild Enterprises,Civil Construction,4.7,Design
CoreBuild Solutions,Cyber Security,4.3,Infrastructure
CyberMatrix Pvt Ltd,Cyber Security,4.5,Education
BuildPro Pvt Ltd,Corporate Training,3.4,Infrastructure
NextGen Enterprises,AI/ML Services,4.6,IT Services
UrbanCraft Group,Mobile App Development,4.8,Infrastructure
GreenLeaf Enterprises,Mobile App Development,3.6,Finance
CloudSphere Enterprises,Civil Construction,4.7,Finance
AlphaWorks Industries,Mobile App Development,3.2,Marketing
AdWise Enterprises,Corporate Training,3.9,Finance
CoreBuild Industries,Mobile App Development,3.8,Marketing
CyberMatrix Group,Mobile App Development,4.0,IT Services
SecureNet Enterprises,Financial Consulting,3.2,IT Services
MarketGenius Group,Cyber Security,3.0,Finance
SkyHigh Enterprises,AI/ML Services,4.6,Marketing
SkyHigh Pvt Ltd,Web Development,3.2,IT Services
BrightPath Pvt Ltd,Cloud Services,3.6,Marketing
GreenLeaf Pvt Ltd,Cyber Security,3.2,IT Services
UrbanCraft Industries,Civil Construction,4.8,Marketing
BrightPath Pvt Ltd,Cloud Services,3.1,IT Services
SkyHigh Pvt Ltd,Mobile App Development,3.6,IT Services
CloudSphere Enterprises,Digital Marketing,3.2,Finance
CloudSphere Industries,Civil Construction,3.4,Marketing
MarketGenius Pvt Ltd,Interior Design,4.0,Marketing
BuildPro Industries,Financial Consulting,4.3,Design
BrightPath Group,Corporate Training,3.5,IT Services
CoreBuild Pvt Ltd,AI/ML Services,4.2,Education
InteriorHive Solutions,Web Development,3.1,Education
CoreBuild Enterprises,AI/ML Services,4.9,Education
CyberMatrix Pvt Ltd,Cloud Services,4.0,Education
CloudLink Industries,Cloud Services,3.9,IT Services
CloudSphere Industries,Interior Design,4.0,Finance
CyberMatrix Pvt Ltd,Mobile App Development,3.2,Infrastructure
UrbanCraft Industries,Web Development,4.1,Marketing
SecureNet Solutions,Cyber Security,4.0,Education
InteriorHive Industries,Financial Consulting,3.7,IT Services
FinEdge Industries,Cyber Security,3.5,Design
FinEdge Pvt Ltd,Civil Construction,3.4,Design
VisionTech Solutions,Corporate Training,4.6,Infrastructure
VisionTech Enterprises,Interior Design,3.2,Marketing
GreenLeaf Pvt Ltd,Interior Design,3.9,Education
BuildPro Group,Digital Marketing,3.4,IT Services
MarketGenius Solutions,Cloud Services,3.8,Design
CoreBuild Enterprises,Cloud Services,3.7,Education
AlphaWorks Industries,Interior Design,4.0,Marketing
SecureNet Group,Cyber Security,4.5,IT Services
CyberMatrix Industries,Digital Marketing,4.1,Education
NextGen Pvt Ltd,AI/ML Services,4.7,Marketing
FinEdge Solutions,Civil Construction,4.7,Finance
UrbanCraft Industries,Interior Design,3.9,Infrastructure
FinEdge Industries,Digital Marketing,4.4,Infrastructure
VisionTech Solutions,Corporate Training,4.7,Finance
NextGen Group,Civil Construction,3.1,Design
CloudLink Pvt Ltd,Cyber Security,3.9,Design
CoreBuild Group,Mobile App Development,3.1,IT Services
NextGen Enterprises,Mobile App Development,4.4,Design
CloudSphere Group,Digital Marketing,4.1,Education
CyberMatrix Group,Interior Design,4.8,Education
CloudSphere Pvt Ltd,Web Development,4.9,IT Services
AdWise Pvt Ltd,AI/ML Services,3.6,Marketing
CloudLink Group,Corporate Training,3.9,Marketing
MegaBuild Enterprises,Corporate Training,3.2,Infrastructure
SecureNet Industries,Interior Design,3.9,Infrastructure
NextGen Group,Digital Marketing,3.0,Education
VisionTech Pvt Ltd,Mobile App Development,4.1,IT Services
CoreBuild Pvt Ltd,Digital Marketing,3.3,IT Services
BuildPro Pvt Ltd,Cloud Services,3.6,Marketing
MarketGenius Enterprises,Mobile App Development,4.4,Design
BrightPath Enterprises,Web Development,3.7,Infrastructure
FinEdge Group,Digital Marketing,4.3,IT Services
InteriorHive Enterprises,Mobile App Development,4.1,Finance
SecureNet Pvt Ltd,Corporate Training,4.1,Infrastructure
CoreBuild Pvt Ltd,Interior Design,3.5,Marketing
CloudLink Pvt Ltd,AI/ML Services,3.3,IT Services
CoreBuild Pvt Ltd,Corporate Training,3.9,IT Services
SkyHigh Enterprises,Mobile App Development,3.1,Finance
VisionTech Pvt Ltd,Corporate Training,4.9,Education
NextGen Enterprises,Cloud Services,4.3,Finance
MegaBuild Industries,Cyber Security,4.7,Education
TechNova Group,Corporate Training,4.8,Finance
SecureNet Pvt Ltd,Civil Construction,4.9,IT Services
GreenLeaf Industries,Civil Construction,4.0,Design
NextGen Industries,Financial Consulting,3.2,IT Services
MarketGenius Industries,Interior Design,4.8,Education
AdWise Enterprises,AI/ML Services,4.8,Marketing
AdWise Industries,Mobile App Development,4.6,Finance
CyberMatrix Pvt Ltd,Web Development,3.2,Marketing
AdWise Solutions,Digital Marketing,4.5,Finance
CloudSphere Industries,Digital Marketing,4.0,Marketing
NextGen Industries,AI/ML Services,3.4,Finance
FinEdge Industries,Financial Consulting,3.7,Infrastructure
GreenLeaf Solutions,Financial Consulting,3.5,Design
AdWise Enterprises,Digital Marketing,4.0,Finance
MegaBuild Solutions,Cyber Security,4.5,Finance
VisionTech Solutions,Digital Marketing,4.3,Infrastructure
UrbanCraft Enterprises,Web Development,4.7,Finance
SkyHigh Industries,Digital Marketing,3.9,Education
SecureNet Industries,Digital Marketing,3.2,Design
AlphaWorks Industries,Cloud Services,3.8,Marketing
InteriorHive Enterprises,Cloud Services,3.2,Infrastructure
NextGen Solutions,Cloud Services,4.1,Marketing
NextGen Solutions,Cyber Security,3.5,Education
GreenLeaf Enterprises,Web Development,4.3,Education
AdWise Industries,Financial Consulting,4.0,IT Services
VisionTech Group,Cyber Security,3.4,Marketing
AdWise Enterprises,Interior Design,4.0,IT Services
TechNova Enterprises,Cyber Security,4.3,Education
SecureNet Industries,Web Development,3.0,IT Services
CoreBuild Pvt Ltd,Financial Consulting,3.1,Design
FinEdge Pvt Ltd,Cyber Security,4.4,Marketing
MegaBuild Enterprises,Web Development,3.8,Education
NextGen Solutions,Financial Consulting,4.4,Education
AdWise Enterprises,Web Development,3.8,IT Services
InteriorHive Group,Financial Consulting,3.1,Infrastructure
NextGen Enterprises,Cloud Services,3.2,Design
CyberMatrix Solutions,Corporate Training,3.2,Infrastructure
CloudSphere Industries,Civil Construction,3.7,Education
UrbanCraft Pvt Ltd,Mobile App Development,3.1,Finance
CloudSphere Enterprises,Cyber Security,3.2,IT Services
MarketGenius Group,AI/ML Services,4.9,Education
CyberMatrix Solutions,Mobile App Development,4.2,Marketing
UrbanCraft Pvt Ltd,Interior Design,3.3,Design
PrimeLogics Industries,Civil Construction,3.9,Infrastructure
FinEdge Industries,Financial Consulting,3.8,Finance
SecureNet Industries,Mobile App Development,3.4,Design
CloudSphere Solutions,Cyber Security,5.0,Infrastructure
CloudSphere Solutions,Interior Design,4.4,Finance
TechNova Enterprises,Digital Marketing,3.2,Marketing
SkyHigh Group,Financial Consulting,3.8,Finance
MarketGenius Enterprises,Civil Construction,3.2,Education
CloudLink Group,AI/ML Services,4.3,IT Services
GreenLeaf Industries,Web Development,4.6,Marketing
CloudLink Solutions,AI/ML Services,4.8,Marketing
InteriorHive Enterprises,Interior Design,3.7,Marketing
AdWise Pvt Ltd,Cloud Services,3.3,Finance
BrightPath Solutions,Cyber Security,4.2,Marketing
PrimeLogics Industries,Financial Consulting,5.0,Marketing
CloudSphere Enterprises,Interior Design,3.9,Education
VisionTech Industries,Web Development,4.5,Design
InteriorHive Pvt Ltd,AI/ML Services,4.0,Marketing
CoreBuild Group,Cloud Services,3.7,Education
SecureNet Pvt Ltd,AI/ML Services,3.3,Education
PrimeLogics Industries,Web Development,3.8,Finance
CyberMatrix Pvt Ltd,Interior Design,4.8,IT Services
SecureNet Pvt Ltd,AI/ML Services,4.2,Education
InteriorHive Group,Civil Construction,3.3,Infrastructure
BrightPath Pvt Ltd,Financial Consulting,4.9,Infrastructure
GreenLeaf Industries,Interior Design,3.0,Marketing
BrightPath Enterprises,Interior Design,4.3,Infrastructure
TechNova Pvt Ltd,Interior Design,4.2,Design
InteriorHive Pvt Ltd,Corporate Training,3.0,Finance
MegaBuild Solutions,Cyber Security,3.8,Infrastructure
TechNova Enterprises,Interior Design,4.8,Infrastructure
UrbanCraft Solutions,AI/ML Services,3.2,Infrastructure
TechNova Industries,Cloud Services,4.7,Marketing
VisionTech Enterprises,Financial Consulting,3.6,Design
MegaBuild Solutions,Mobile App Development,3.4,Finance
GreenLeaf Solutions,Civil Construction,4.5,Infrastructure
UrbanCraft Pvt Ltd,Civil Construction,4.2,Design
VisionTech Industries,Cloud Services,3.2,Infrastructure
SecureNet Solutions,Corporate Training,3.4,Marketing
SkyHigh Pvt Ltd,Cloud Services,4.1,Education
MarketGenius Group,Financial Consulting,4.8,Design
MarketGenius Pvt Ltd,Cyber Security,4.6,Finance
CyberMatrix Solutions,Interior Design,5.0,Marketing
BrightPath Pvt Ltd,Mobile App Development,4.0,Design
InteriorHive Pvt Ltd,Civil Construction,4.2,Infrastructure
MegaBuild Group,Mobile App Development,3.8,Infrastructure
MarketGenius Group,Web Development,3.9,Education
CyberMatrix Group,AI/ML Services,4.2,IT Services
InteriorHive Enterprises,Civil Construction,3.2,Education
MarketGenius Group,Financial Consulting,3.8,Marketing
BuildPro Industries,Web Development,4.9,Marketing
AlphaWorks Solutions,AI/ML Services,4.7,IT Services
PrimeLogics Pvt Ltd,Interior Design,3.8,Infrastructure
CloudSphere Group,Cyber Security,4.7,Marketing
InteriorHive Solutions,Mobile App Development,3.6,Marketing
CloudSphere Pvt Ltd,Mobile App Development,3.2,Education
GreenLeaf Industries,Corporate Training,4.3,IT Services
InteriorHive Group,Civil Construction,4.3,Finance
AlphaWorks Industries,Interior Design,3.4,Finance
UrbanCraft Pvt Ltd,Civil Construction,4.6,Marketing
UrbanCraft Group,Cloud Services,3.3,IT Services
MegaBuild Pvt Ltd,Cloud Services,4.4,Marketing
CloudSphere Industries,Web Development,3.7,Infrastructure
AdWise Group,Cyber Security,4.2,Design
GreenLeaf Group,Digital Marketing,3.9,Marketing
AlphaWorks Group,Cloud Services,3.4,Infrastructure
VisionTech Enterprises,Financial Consulting,3.0,IT Services
AlphaWorks Solutions,Interior Design,4.4,IT Services
FinEdge Pvt Ltd,Cloud Services,3.9,IT Services
VisionTech Pvt Ltd,Interior Design,3.7,Design
BuildPro Solutions,Web Development,3.9,Infrastructure
InteriorHive Enterprises,Cloud Services,3.1,Design
SecureNet Enterprises,Civil Construction,5.0,Education
CoreBuild Group,Corporate Training,3.3,Education
AdWise Pvt Ltd,Cyber Security,4.0,Finance
FinEdge Industries,Cyber Security,3.1,Infrastructure
SecureNet Industries,Civil Construction,3.6,Education
MarketGenius Pvt Ltd,Cyber Security,3.5,Design
AlphaWorks Solutions,Corporate Training,4.0,Infrastructure
CyberMatrix Group,Interior Design,4.6,Finance
CloudLink Pvt Ltd,Financial Consulting,5.0,Finance
PrimeLogics Solutions,Web Development,4.4,IT Services
SkyHigh Group,Cyber Security,3.1,Infrastructure
PrimeLogics Pvt Ltd,Digital Marketing,3.7,Design
SkyHigh Pvt Ltd,Corporate Training,3.1,Infrastructure
BrightPath Enterprises,Mobile App Development,3.8,IT Services
TechNova Enterprises,Mobile App Development,3.9,Design
CloudSphere Pvt Ltd,Civil Construction,4.1,Finance
PrimeLogics Pvt Ltd,Interior Design,4.2,Marketing
BrightPath Solutions,Cloud Services,3.0,Finance
InteriorHive Enterprises,Interior Design,5.0,Education
CoreBuild Industries,Web Development,4.1,Design
FinEdge Enterprises,Civil Construction,4.0,Design
CoreBuild Enterprises,Interior Design,4.9,Education
CyberMatrix Group,Web Development,3.9,Finance
MarketGenius Industries,Digital Marketing,4.9,Finance
BrightPath Pvt Ltd,Cyber Security,4.0,Education
TechNova Pvt Ltd,Digital Marketing,3.0,Infrastructure
AlphaWorks Enterprises,Interior Design,3.8,IT Services
InteriorHive Industries,Digital Marketing,3.5,Education
BuildPro Group,Corporate Training,3.2,Infrastructure
BuildPro Enterprises,Corporate Training,5.0,Finance
MegaBuild Enterprises,Interior Design,4.9,Finance
NextGen Pvt Ltd,Web Development,4.8,IT Services
BuildPro Group,Mobile App Development,4.4,Finance
TechNova Solutions,Financial Consulting,4.7,Marketing
TechNova Enterprises,Digital Marketing,3.5,IT Services
CoreBuild Enterprises,Mobile App Development,4.0,Education
TechNova Group,Digital Marketing,4.2,IT Services
SecureNet Group,Web Development,3.2,Marketing
NextGen Enterprises,Corporate Training,4.0,Education
MegaBuild Enterprises,Mobile App Development,4.0,Finance
GreenLeaf Industries,Cloud Services,3.6,IT Services
SecureNet Enterprises,AI/ML Services,3.3,Design
BuildPro Enterprises,Mobile App Development,4.9,Infrastructure
GreenLeaf Industries,Financial Consulting,3.1,Finance
GreenLeaf Industries,Cyber Security,3.1,IT Services
NextGen Solutions,Corporate Training,3.5,Infrastructure
PrimeLogics Enterprises,Digital Marketing,3.8,Finance
CloudSphere Group,Financial Consulting,4.5,Infrastructure
CloudLink Enterprises,AI/ML Services,3.1,Design
VisionTech Industries,Corporate Training,5.0,Marketing
MarketGenius Group,AI/ML Services,3.7,Marketing
MegaBuild Group,AI/ML Services,4.2,Design
MegaBuild Solutions,Cloud Services,3.8,Infrastructure
MegaBuild Pvt Ltd,Mobile App Development,5.0,Design
CloudSphere Enterprises,Cloud Services,4.1,Education
TechNova Group,Cloud Services,4.2,Marketing
SecureNet Pvt Ltd,Financial Consulting,3.1,Design
GreenLeaf Enterprises,Mobile App Development,3.1,Finance
CoreBuild Solutions,Civil Construction,3.5,IT Services
CyberMatrix Group,Mobile App Development,4.0,Infrastructure
PrimeLogics Pvt Ltd,Cyber Security,4.9,Design
SkyHigh Group,Cyber Security,4.1,Finance
CloudSphere Enterprises,Civil Construction,4.2,Finance
AdWise Enterprises,Corporate Training,3.4,Finance
VisionTech Group,Digital Marketing,3.5,Infrastructure
VisionTech Enterprises,Cloud Services,4.5,Design
MarketGenius Group,Interior Design,4.0,Design
CloudSphere Industries,Digital Marketing,4.3,Finance
SkyHigh Industries,Financial Consulting,4.4,Finance
BuildPro Industries,AI/ML Services,3.3,Marketing
BuildPro Solutions,AI/ML Services,4.7,Marketing
SkyHigh Enterprises,Cyber Security,4.1,Infrastructure
VisionTech Enterprises,Mobile App Development,4.7,Design
UrbanCraft Industries,Interior Design,4.9,Design
BrightPath Group,Corporate Training,3.5,Marketing
VisionTech Enterprises,Cloud Services,3.5,Infrastructure
UrbanCraft Group,Financial Consulting,3.9,Education
AlphaWorks Industries,Interior Design,3.1,Marketing
CoreBuild Industries,Financial Consulting,3.0,Education
CloudSphere Group,Mobile App Development,4.4,Education
UrbanCraft Solutions,AI/ML Services,3.0,Marketing
FinEdge Pvt Ltd,AI/ML Services,4.9,IT Services
PrimeLogics Solutions,Civil Construction,3.2,Education
CoreBuild Enterprises,Civil Construction,3.7,Marketing
AlphaWorks Industries,Cyber Security,4.3,Marketing
InteriorHive Industries,Civil Construction,5.0,Finance
AlphaWorks Pvt Ltd,AI/ML Services,4.8,Marketing
SecureNet Pvt Ltd,Web Development,3.1,Education
PrimeLogics Industries,AI/ML Services,3.5,Education
AlphaWorks Industries,Mobile App Development,4.5,IT Services
BrightPath Solutions,AI/ML Services,3.6,Finance
MarketGenius Group,Cyber Security,4.8,Finance
MarketGenius Industries,Financial Consulting,5.0,Education
UrbanCraft Industries,Mobile App Development,3.0,Infrastructure
AlphaWorks Group,Cloud Services,3.7,Marketing
BuildPro Industries,Civil Construction,3.5,Infrastructure
CyberMatrix Solutions,Cloud Services,3.8,Marketing
AlphaWorks Pvt Ltd,Financial Consulting,3.8,Marketing
TechNova Industries,Web Development,4.7,IT Services
CloudLink Group,Cloud Services,3.3,Infrastructure
CyberMatrix Solutions,Interior Design,4.9,Finance
CyberMatrix Solutions,Financial Consulting,4.5,IT Services
FinEdge Pvt Ltd,AI/ML Services,3.1,Education
CloudLink Enterprises,Civil Construction,4.2,Design
CoreBuild Enterprises,Cloud Services,3.2,Education
UrbanCraft Solutions,Civil Construction,4.2,Design
SkyHigh Pvt Ltd,Web Development,4.6,Education
CyberMatrix Industries,Web Development,3.1,Finance
CloudLink Solutions,Financial Consulting,4.5,Infrastructure
VisionTech Enterprises,Mobile App Development,4.6,IT Services
CyberMatrix Group,Civil Construction,3.4,Education
CyberMatrix Industries,AI/ML Services,4.4,Design
BuildPro Solutions,Mobile App Development,3.7,Design
FinEdge Industries,Cloud Services,4.4,Infrastructure
BuildPro Enterprises,Web Development,4.5,Design
VisionTech Group,Corporate Training,3.8,Finance
InteriorHive Group,Interior Design,3.1,Infrastructure
SkyHigh Group,Digital Marketing,4.4,Marketing
SkyHigh Group,Cloud Services,4.4,Infrastructure
CyberMatrix Group,Web Development,3.1,IT Services
CloudLink Enterprises,Cloud Services,3.2,Education
SecureNet Solutions,Corporate Training,3.1,Infrastructure
BuildPro Group,Financial Consulting,4.6,Infrastructure
AdWise Solutions,Web Development,4.9,Finance
CloudSphere Group,Financial Consulting,4.9,Design
MarketGenius Pvt Ltd,Cloud Services,3.8,IT Services
TechNova Pvt Ltd,Financial Consulting,3.6,Infrastructure
NextGen Pvt Ltd,Civil Construction,3.5,Design
VisionTech Pvt Ltd,Cyber Security,3.7,IT Services
UrbanCraft Solutions,Cloud Services,3.2,Education
UrbanCraft Enterprises,Civil Construction,3.6,Finance
CloudLink Group,Corporate Training,3.4,IT Services
AdWise Enterprises,Civil Construction,4.2,Finance
InteriorHive Enterprises,Web Development,3.2,Design
BrightPath Solutions,AI/ML Services,4.0,Finance
FinEdge Group,Interior Design,3.1,Marketing
CloudLink Industries,Civil Construction,4.0,Finance
CloudSphere Group,AI/ML Services,4.4,Infrastructure
CyberMatrix Enterprises,Interior Design,3.0,Infrastructure
InteriorHive Pvt Ltd,Financial Consulting,4.7,Finance
VisionTech Enterprises,Corporate Training,4.0,IT Services
CloudLink Enterprises,Corporate Training,3.8,Education
TechNova Group,Civil Construction,3.2,Infrastructure
UrbanCraft Group,Cloud Services,3.5,Infrastructure
CoreBuild Enterprises,Cyber Security,3.5,Infrastructure
CyberMatrix Enterprises,Interior Design,3.6,Finance
CloudSphere Pvt Ltd,Digital Marketing,4.5,IT Services
TechNova Pvt Ltd,Financial Consulting,4.1,Design
MegaBuild Industries,AI/ML Services,5.0,Marketing
PrimeLogics Industries,Interior Design,4.1,Marketing
BuildPro Industries,Digital Marketing,3.8,Infrastructure
BrightPath Pvt Ltd,Digital Marketing,4.4,Finance
CyberMatrix Solutions,Web Development,4.4,Infrastructure
InteriorHive Group,AI/ML Services,3.2,Design
MarketGenius Enterprises,Digital Marketing,4.1,Infrastructure
VisionTech Solutions,Digital Marketing,3.4,Marketing
AdWise Solutions,AI/ML Services,3.8,Marketing
CoreBuild Solutions,Interior Design,3.9,Education
FinEdge Industries,AI/ML Services,4.2,Education
AdWise Enterprises,Web Development,3.9,Design
PrimeLogics Industries,Corporate Training,4.1,Education
CoreBuild Group,Corporate Training,4.8,IT Services
SkyHigh Industries,Financial Consulting,3.2,Marketing
InteriorHive Pvt Ltd,AI/ML Services,3.2,Design
CoreBuild Solutions,Financial Consulting,3.6,Design
AdWise Enterprises,AI/ML Services,4.3,Marketing
SkyHigh Enterprises,Interior Design,3.2,Marketing
MarketGenius Industries,Financial Consulting,3.0,Design
MegaBuild Group,Financial Consulting,4.9,Infrastructure
PrimeLogics Pvt Ltd,Cloud Services,3.4,Marketing
CyberMatrix Pvt Ltd,Civil Construction,4.3,IT Services
TechNova Industries,Financial Consulting,4.2,Education
SecureNet Industries,Civil Construction,3.7,Marketing
BrightPath Pvt Ltd,Interior Design,3.4,IT Services
BrightPath Pvt Ltd,AI/ML Services,4.6,Marketing
TechNova Industries,Civil Construction,4.9,Education
AdWise Solutions,Corporate Training,4.2,Finance
AlphaWorks Pvt Ltd,Interior Design,4.9,Design
PrimeLogics Group,Financial Consulting,4.5,Finance
CloudSphere Pvt Ltd,Corporate Training,4.6,IT Services
AdWise Enterprises,Civil Construction,3.5,IT Services
VisionTech Solutions,AI/ML Services,3.3,Education
TechNova Enterprises,Web Development,3.1,Infrastructure
GreenLeaf Group,Corporate Training,3.3,Design
InteriorHive Group,Web Development,3.2,Education
TechNova Enterprises,Mobile App Development,3.5,Infrastructure
NextGen Group,Mobile App Development,4.4,Infrastructure
InteriorHive Solutions,AI/ML Services,4.2,Infrastructure
UrbanCraft Pvt Ltd,Cyber Security,3.5,Infrastructure
UrbanCraft Solutions,Digital Marketing,4.3,IT Services
MegaBuild Group,Web Development,3.1,Design
MegaBuild Industries,Cyber Security,3.3,Finance
CloudLink Industries,Cloud Services,3.3,Education
AlphaWorks Industries,Civil Construction,3.4,Finance
CloudLink Solutions,Financial Consulting,3.9,Marketing
FinEdge Industries,Digital Marketing,3.8,Marketing
CloudSphere Solutions,AI/ML Services,4.4,Education
CyberMatrix Group,Corporate Training,4.2,Education
MarketGenius Group,Cloud Services,5.0,Marketing
CyberMatrix Pvt Ltd,Interior Design,3.4,IT Services
GreenLeaf Enterprises,AI/ML Services,3.8,Infrastructure
PrimeLogics Pvt Ltd,Mobile App Development,3.5,Design
VisionTech Group,Interior Design,4.4,IT Services
CloudLink Enterprises,Financial Consulting,4.7,Education
TechNova Enterprises,Corporate Training,3.4,Infrastructure
SecureNet Solutions,Interior Design,3.9,IT Services
SkyHigh Industries,Web Development,4.6,Design
InteriorHive Industries,Cyber Security,3.0,IT Services
UrbanCraft Industries,Interior Design,3.7,Marketing
TechNova Group,Corporate Training,4.6,Design
AlphaWorks Solutions,Web Development,4.9,Finance
CyberMatrix Group,AI/ML Services,3.4,Design
CyberMatrix Enterprises,Cyber Security,3.6,Infrastructure
BrightPath Enterprises,Corporate Training,3.5,Finance
NextGen Enterprises,Financial Consulting,4.3,Infrastructure
MarketGenius Enterprises,Digital Marketing,4.5,Design
CloudSphere Industries,Financial Consulting,4.7,Infrastructure
NextGen Group,Cloud Services,4.3,Finance
AdWise Pvt Ltd,Interior Design,3.2,Marketing
TechNova Pvt Ltd,AI/ML Services,3.0,Marketing
GreenLeaf Solutions,Cloud Services,3.1,Education
SkyHigh Solutions,Digital Marketing,3.6,Infrastructure
MarketGenius Enterprises,Digital Marketing,3.5,IT Services
AlphaWorks Pvt Ltd,Cyber Security,5.0,IT Services
PrimeLogics Industries,Web Development,3.3,Finance
SkyHigh Pvt Ltd,Civil Construction,4.1,Infrastructure
MegaBuild Group,Civil Construction,4.1,IT Services
CloudLink Group,Civil Construction,4.5,Infrastructure
FinEdge Solutions,Digital Marketing,3.7,IT Services
TechNova Industries,Cloud Services,4.2,Infrastructure
MegaBuild Pvt Ltd,Financial Consulting,3.0,Finance
CloudLink Industries,Cloud Services,3.6,Infrastructure
TechNova Industries,Cloud Services,4.2,Marketing
BuildPro Pvt Ltd,Civil Construction,3.9,Infrastructure
FinEdge Group,Interior Design,3.9,Education
UrbanCraft Group,AI/ML Services,4.1,Design
NextGen Solutions,AI/ML Services,4.2,Infrastructure
BuildPro Pvt Ltd,AI/ML Services,4.1,IT Services
TechNova Pvt Ltd,Interior Design,3.8,Finance
GreenLeaf Enterprises,AI/ML Services,4.8,Finance
MarketGenius Enterprises,Cloud Services,4.0,IT Services
AlphaWorks Group,Interior Design,4.6,Finance
CloudLink Industries,Interior Design,3.3,Infrastructure
UrbanCraft Pvt Ltd,Corporate Training,4.6,Marketing
CloudSphere Enterprises,AI/ML Services,3.5,Marketing
MegaBuild Solutions,AI/ML Services,3.8,Education
CloudLink Pvt Ltd,Digital Marketing,4.6,IT Services
SecureNet Group,Financial Consulting,3.7,IT Services
MegaBuild Pvt Ltd,Digital Marketing,4.9,Education
SkyHigh Group,Mobile App Development,4.0,Education
AlphaWorks Solutions,Cyber Security,4.7,Infrastructure
SecureNet Solutions,Digital Marketing,5.0,IT Services
CyberMatrix Industries,Civil Construction,3.9,IT Services
PrimeLogics Pvt Ltd,Interior Design,3.3,Infrastructure
InteriorHive Industries,Interior Design,4.6,Education
AdWise Pvt Ltd,Corporate Training,4.6,Infrastructure
SecureNet Enterprises,Interior Design,3.2,Marketing
VisionTech Industries,Mobile App Development,4.3,Infrastructure
VisionTech Industries,Mobile App Development,4.3,Marketing
CloudSphere Industries,Web Development,3.2,Infrastructure
NextGen Group,Web Development,4.4,Marketing
GreenLeaf Enterprises,Mobile App Development,3.6,Education
VisionTech Enterprises,Civil Construction,3.3,Design
CloudSphere Pvt Ltd,Corporate Training,3.1,Education
CloudSphere Pvt Ltd,Cyber Security,3.8,Education
MarketGenius Pvt Ltd,Digital Marketing,3.9,Infrastructure
MegaBuild Group,Financial Consulting,3.4,Education
CloudLink Enterprises,Digital Marketing,4.2,IT Services
BuildPro Enterprises,Cyber Security,4.8,Education
BuildPro Enterprises,Digital Marketing,4.8,Education
FinEdge Pvt Ltd,AI/ML Services,4.6,Marketing
InteriorHive Enterprises,Financial Consulting,3.9,Finance
CoreBuild Industries,Web Development,3.7,Finance
AlphaWorks Enterprises,Financial Consulting,3.2,Education
AdWise Pvt Ltd,Web Development,4.8,Design
SecureNet Group,Civil Construction,3.9,Marketing
MarketGenius Pvt Ltd,Web Development,4.7,Marketing
NextGen Group,Mobile App Development,3.8,IT Services
TechNova Industries,Cyber Security,3.0,Infrastructure
AlphaWorks Group,Corporate Training,3.5,Marketing
AlphaWorks Solutions,Digital Marketing,3.4,Design
AlphaWorks Group,Corporate Training,4.4,Infrastructure
MegaBuild Group,Interior Design,4.1,IT Services
CloudLink Pvt Ltd,Cyber Security,4.0,Education
AdWise Group,Corporate Training,4.8,Infrastructure
PrimeLogics Group,Cyber Security,4.3,Finance
TechNova Industries,Financial Consulting,3.0,Marketing
CloudLink Solutions,Cyber Security,4.9,Finance
BuildPro Industries,Cloud Services,4.0,Marketing
MarketGenius Industries,Corporate Training,4.4,Infrastructure
GreenLeaf Group,Cyber Security,3.3,Education
MegaBuild Pvt Ltd,Mobile App Development,4.5,Infrastructure
VisionTech Enterprises,Corporate Training,4.3,Finance
CyberMatrix Group,Cyber Security,3.7,Infrastructure
CoreBuild Pvt Ltd,Digital Marketing,4.5,Finance
CloudLink Industries,Web Development,3.8,IT Services
AdWise Industries,Corporate Training,5.0,Infrastructure
NextGen Group,Corporate Training,3.2,IT Services
VisionTech Pvt Ltd,Interior Design,3.7,Finance
AlphaWorks Industries,Web Development,4.7,Infrastructure
FinEdge Industries,AI/ML Services,4.8,IT Services
PrimeLogics Group,Civil Construction,4.5,Finance
NextGen Enterprises,Web Development,4.7,Education
PrimeLogics Pvt Ltd,Cloud Services,3.1,Infrastructure
GreenLeaf Pvt Ltd,Digital Marketing,4.7,Infrastructure
PrimeLogics Enterprises,Mobile App Development,3.4,Infrastructure
VisionTech Group,Web Development,3.4,Infrastructure
TechNova Group,Corporate Training,3.9,Marketing
SecureNet Industries,Digital Marketing,3.4,Education
TechNova Industries,Interior Design,4.6,Design
MarketGenius Pvt Ltd,Mobile App Development,4.1,IT Services
CoreBuild Industries,Interior Design,3.3,Design
PrimeLogics Enterprises,Digital Marketing,3.3,Finance
AlphaWorks Pvt Ltd,Interior Design,3.7,Design
CloudSphere Group,Financial Consulting,4.0,Infrastructure
CyberMatrix Pvt Ltd,Digital Marketing,4.0,Education
PrimeLogics Pvt Ltd,Web Development,4.5,Finance
MarketGenius Group,AI/ML Services,3.2,Marketing
CloudLink Industries,Cyber Security,3.9,Marketing
SkyHigh Industries,Cloud Services,3.6,Marketing
CloudLink Industries,Civil Construction,4.5,Education
NextGen Pvt Ltd,Financial Consulting,3.9,Design
NextGen Group,Interior Design,3.1,IT Services
VisionTech Enterprises,Digital Marketing,4.4,Design
MegaBuild Solutions,Mobile App Development,4.9,Marketing
FinEdge Industries,Corporate Training,4.3,Finance
SecureNet Group,Interior Design,3.9,Marketing
SkyHigh Industries,Digital Marketing,4.4,IT Services
VisionTech Enterprises,Web Development,4.2,IT Services
VisionTech Enterprises,Cloud Services,4.0,Design
SkyHigh Enterprises,Financial Consulting,4.0,IT Services
BuildPro Solutions,AI/ML Services,4.2,Marketing
SkyHigh Enterprises,Interior Design,3.0,Finance
SkyHigh Enterprises,Civil Construction,3.8,Infrastructure
VisionTech Pvt Ltd,Civil Construction,4.4,Marketing
MegaBuild Enterprises,Civil Construction,4.1,Marketing
UrbanCraft Group,Digital Marketing,4.1,Finance
CoreBuild Pvt Ltd,Corporate Training,4.6,Finance
SecureNet Pvt Ltd,AI/ML Services,3.9,Infrastructure
MarketGenius Enterprises,Civil Construction,4.7,Infrastructure
PrimeLogics Solutions,Interior Design,4.6,Education
SecureNet Group,Interior Design,4.3,Infrastructure
TechNova Enterprises,AI/ML Services,3.3,Design
PrimeLogics Pvt Ltd,Cyber Security,4.3,IT Services
PrimeLogics Industries,AI/ML Services,3.0,Education
CloudLink Group,Mobile App Development,4.0,Design
AlphaWorks Industries,Financial Consulting,3.7,Education
AlphaWorks Industries,AI/ML Services,4.2,Education
BuildPro Industries,Civil Construction,3.0,Infrastructure
CyberMatrix Enterprises,Corporate Training,4.1,Education
CloudSphere Enterprises,Cyber Security,3.5,Finance
AdWise Pvt Ltd,Financial Consulting,3.6,Infrastructure
CyberMatrix Industries,Interior Design,4.7,Education
FinEdge Enterprises,Financial Consulting,3.6,Education
VisionTech Enterprises,Corporate Training,3.1,IT Services
BuildPro Pvt Ltd,Digital Marketing,3.1,Infrastructure
CloudLink Group,Mobile App Development,4.4,Marketing
PrimeLogics Industries,Cloud Services,4.4,Infrastructure
VisionTech Enterprises,Mobile App Development,4.1,IT Services
MarketGenius Solutions,Mobile App Development,4.4,Design
SecureNet Pvt Ltd,AI/ML Services,4.8,Marketing
CloudSphere Industries,Digital Marketing,3.6,Infrastructure
CloudLink Group,Cloud Services,3.4,Finance
GreenLeaf Pvt Ltd,Cyber Security,4.1,Education
GreenLeaf Solutions,Web Development,4.0,Education
CoreBuild Industries,Cloud Services,3.1,Design
AdWise Pvt Ltd,Financial Consulting,4.1,Design
FinEdge Group,AI/ML Services,4.1,Infrastructure
CloudLink Industries,AI/ML Services,3.2,Infrastructure
BuildPro Group,Financial Consulting,5.0,Infrastructure
InteriorHive Group,Cloud Services,4.3,Infrastructure
CyberMatrix Enterprises,Digital Marketing,3.9,Education
SecureNet Solutions,Interior Design,3.7,Finance
UrbanCraft Industries,Digital Marketing,5.0,Infrastructure
SecureNet Solutions,Corporate Training,3.2,Finance
TechNova Solutions,Corporate Training,3.8,IT Services
TechNova Industries,Digital Marketing,4.9,Finance
SecureNet Industries,Financial Consulting,3.5,IT Services
MarketGenius Solutions,Mobile App Development,4.8,Marketing
BrightPath Enterprises,Financial Consulting,4.1,Infrastructure
CloudLink Industries,Financial Consulting,3.2,Infrastructure
MarketGenius Industries,Mobile App Development,4.8,Marketing
CyberMatrix Enterprises,Web Development,3.3,Education
AdWise Enterprises,Digital Marketing,4.8,Infrastructure
CyberMatrix Solutions,Mobile App Development,3.4,Design
CloudLink Pvt Ltd,Corporate Training,3.5,Design
SkyHigh Group,Mobile App Development,4.6,Marketing
TechNova Enterprises,AI/ML Services,4.7,Finance
TechNova Pvt Ltd,Cloud Services,3.8,Infrastructure
SecureNet Enterprises,Web Development,4.4,Infrastructure
AlphaWorks Solutions,Interior Design,3.2,Infrastructure
TechNova Industries,Corporate Training,3.5,IT Services
CyberMatrix Pvt Ltd,Civil Construction,3.4,IT Services
BrightPath Group,Civil Construction,4.8,Education
FinEdge Industries,Interior Design,4.4,Marketing
MegaBuild Industries,Civil Construction,4.2,Infrastructure
GreenLeaf Enterprises,Cloud Services,3.5,Infrastructure
MarketGenius Enterprises,AI/ML Services,4.4,IT Services
UrbanCraft Solutions,Web Development,4.3,Infrastructure
PrimeLogics Pvt Ltd,Digital Marketing,3.9,Education
AdWise Industries,Civil Construction,3.4,Design
CoreBuild Solutions,Interior Design,3.4,Education
CloudLink Solutions,AI/ML Services,3.5,Design
GreenLeaf Group,Web Development,3.1,Finance
SecureNet Enterprises,Corporate Training,3.8,Infrastructure
MarketGenius Pvt Ltd,Interior Design,3.4,Education
GreenLeaf Solutions,Cyber Security,4.4,Education
PrimeLogics Enterprises,Interior Design,3.6,IT Services
CoreBuild Solutions,Financial Consulting,3.1,Design
SkyHigh Enterprises,AI/ML Services,4.4,Education
SecureNet Group,Cloud Services,3.6,Education
CoreBuild Enterprises,Digital Marketing,4.5,Finance
BrightPath Solutions,Interior Design,3.1,Design
SkyHigh Solutions,AI/ML Services,5.0,Design
MegaBuild Group,Financial Consulting,4.4,Infrastructure
BrightPath Enterprises,Interior Design,3.9,Infrastructure
AlphaWorks Solutions,Civil Construction,4.6,Design
PrimeLogics Solutions,Digital Marketing,3.9,Finance
BrightPath Pvt Ltd,Civil Construction,3.4,IT Services
SecureNet Enterprises,Financial Consulting,3.5,Education
AdWise Solutions,Civil Construction,4.4,IT Services
BuildPro Industries,Interior Design,3.8,IT Services
InteriorHive Group,AI/ML Services,4.9,Infrastructure
CyberMatrix Pvt Ltd,Cloud Services,4.7,Design
FinEdge Enterprises,Cloud Services,4.1,Design
BuildPro Group,Financial Consulting,4.5,Design
PrimeLogics Solutions,Mobile App Development,4.0,Infrastructure
MarketGenius Solutions,AI/ML Services,3.8,Infrastructure
BrightPath Industries,Corporate Training,4.3,IT Services
MegaBuild Group,Cloud Services,3.7,Education
CoreBuild Enterprises,Financial Consulting,4.7,Education
UrbanCraft Solutions,Interior Design,4.9,IT Services
MegaBuild Group,Cyber Security,3.2,Education
InteriorHive Industries,Cloud Services,4.6,Infrastructure
CyberMatrix Group,Financial Consulting,3.9,Design
VisionTech Enterprises,Cyber Security,4.7,Education
PrimeLogics Solutions,Interior Design,3.4,Infrastructure
CyberMatrix Industries,Interior Design,3.6,Design
CoreBuild Solutions,Web Development,3.1,Education
FinEdge Enterprises,Mobile App Development,4.2,Marketing
MarketGenius Pvt Ltd,AI/ML Services,3.9,Marketing
NextGen Solutions,Interior Design,4.6,Education
NextGen Industries,Digital Marketing,3.3,Design
GreenLeaf Enterprises,Financial Consulting,3.3,Design
CoreBuild Industries,Corporate Training,3.0,Education
GreenLeaf Enterprises,AI/ML Services,3.3,Infrastructure
CloudSphere Industries,AI/ML Services,3.3,Infrastructure
SkyHigh Group,Cloud Services,3.8,Marketing
MegaBuild Pvt Ltd,AI/ML Services,4.3,Design
SkyHigh Pvt Ltd,Civil Construction,3.8,Finance
SecureNet Industries,Digital Marketing,4.9,Marketing
SecureNet Solutions,Interior Design,3.4,IT Services
CyberMatrix Group,Interior Design,4.6,Education
TechNova Solutions,Digital Marketing,3.1,Education
TechNova Group,Mobile App Development,3.8,Finance
CyberMatrix Pvt Ltd,Cyber Security,4.1,IT Services
TechNova Group,Corporate Training,4.1,Design
MegaBuild Pvt Ltd,AI/ML Services,4.7,Infrastructure
BrightPath Enterprises,Cyber Security,5.0,Infrastructure
PrimeLogics Enterprises,Mobile App Development,5.0,Education
CyberMatrix Industries,Web Development,4.6,IT Services
SecureNet Solutions,Cyber Security,4.6,IT Services
SkyHigh Group,Cyber Security,3.7,Education
AlphaWorks Pvt Ltd,Cyber Security,4.1,Marketing
CoreBuild Group,AI/ML Services,4.0,Finance
NextGen Pvt Ltd,Mobile App Development,4.3,Marketing
InteriorHive Industries,Cyber Security,4.4,Education
TechNova Group,Mobile App Development,5.0,Marketing
CloudLink Solutions,Civil Construction,4.1,Design
VisionTech Industries,Corporate Training,3.8,Design
CoreBuild Solutions,Financial Consulting,4.0,Finance
MegaBuild Pvt Ltd,Cyber Security,3.0,Marketing
BuildPro Enterprises,Civil Construction,4.0,Education
InteriorHive Group,Cyber Security,4.6,Education
CloudSphere Group,Interior Design,3.5,Marketing
VisionTech Enterprises,Corporate Training,4.8,Education
BuildPro Solutions,Mobile App Development,3.4,IT Services
SkyHigh Enterprises,Web Development,4.2,IT Services
PrimeLogics Enterprises,Civil Construction,3.9,Design
CloudLink Enterprises,Web Development,4.6,IT Services
SkyHigh Solutions,Cloud Services,3.3,Finance
UrbanCraft Industries,Interior Design,4.6,Education
CloudSphere Solutions,Cyber Security,3.5,Marketing
BrightPath Enterprises,Mobile App Development,3.4,Design
AdWise Group,Mobile App Development,4.9,Infrastructure
CloudSphere Solutions,Web Development,4.3,IT Services
MegaBuild Pvt Ltd,Web Development,4.3,Education
CloudLink Solutions,Mobile App Development,3.2,Infrastructure
CloudLink Enterprises,Interior Design,3.5,Marketing
AlphaWorks Group,Corporate Training,3.1,Design
VisionTech Pvt Ltd,Civil Construction,4.2,Finance
VisionTech Group,AI/ML Services,4.0,Design
PrimeLogics Industries,Financial Consulting,3.5,IT Services
GreenLeaf Solutions,Digital Marketing,4.7,Infrastructure
AdWise Solutions,Corporate Training,4.8,IT Services
BuildPro Industries,Digital Marketing,4.0,Marketing
SecureNet Enterprises,Mobile App Development,4.6,IT Services
UrbanCraft Enterprises,Interior Design,4.7,Design
SkyHigh Pvt Ltd,Cyber Security,4.9,Finance
CloudLink Enterprises,Cloud Services,4.2,Infrastructure
InteriorHive Enterprises,Digital Marketing,3.9,IT Services
UrbanCraft Enterprises,Corporate Training,3.7,Marketing
FinEdge Pvt Ltd,AI/ML Services,4.1,Marketing
CoreBuild Industries,Web Development,3.2,Finance
AlphaWorks Solutions,Cloud Services,4.4,Education
AdWise Pvt Ltd,Web Development,4.3,Design
SkyHigh Pvt Ltd,Corporate Training,4.9,Marketing
BrightPath Solutions,Digital Marketing,4.6,IT Services
FinEdge Industries,Interior Design,4.2,Design
AdWise Group,AI/ML Services,4.9,IT Services
CyberMatrix Enterprises,Web Development,4.8,IT Services
MegaBuild Enterprises,Civil Construction,3.3,Design
GreenLeaf Group,Mobile App Development,3.3,Finance
NextGen Pvt Ltd,Cloud Services,3.5,Infrastructure
SkyHigh Enterprises,Cyber Security,4.2,Education
NextGen Pvt Ltd,Digital Marketing,4.4,Marketing
CyberMatrix Pvt Ltd,Mobile App Development,3.8,Education
CloudSphere Industries,Web Development,4.2,Finance
CloudSphere Industries,Corporate Training,3.0,Design
VisionTech Group,Mobile App Development,3.9,Education
GreenLeaf Solutions,Digital Marketing,4.8,Finance
InteriorHive Enterprises,Financial Consulting,4.3,Finance
MarketGenius Pvt Ltd,Mobile App Development,3.8,Finance
AlphaWorks Industries,Cyber Security,3.0,Design
TechNova Industries,Financial Consulting,3.1,Finance
CyberMatrix Enterprises,Cyber Security,3.9,Marketing
CloudSphere Industries,AI/ML Services,3.6,Marketing
SecureNet Solutions,Digital Marketing,3.1,Education
UrbanCraft Pvt Ltd,Mobile App Development,4.6,Marketing
GreenLeaf Industries,Cloud Services,3.1,Marketing
CloudSphere Group,Cloud Services,3.7,IT Services
AlphaWorks Industries,Web Development,4.2,Infrastructure
FinEdge Group,Cloud Services,4.1,Finance
InteriorHive Enterprises,Cyber Security,3.8,Education
FinEdge Industries,Digital Marketing,3.6,Design
TechNova Group,AI/ML Services,4.6,Finance
CloudLink Group,Interior Design,4.8,IT Services
CloudLink Pvt Ltd,AI/ML Services,4.8,Infrastructure
GreenLeaf Pvt Ltd,Digital Marketing,4.2,Infrastructure
SkyHigh Enterprises,Financial Consulting,3.1,Infrastructure
UrbanCraft Pvt Ltd,Interior Design,3.5,Education
InteriorHive Pvt Ltd,Corporate Training,4.5,IT Services
GreenLeaf Pvt Ltd,Web Development,4.1,Marketing
VisionTech Enterprises,Cyber Security,3.0,Infrastructure
FinEdge Enterprises,Web Development,4.1,Design
InteriorHive Enterprises,AI/ML Services,3.7,Design
FinEdge Solutions,AI/ML Services,4.8,IT Services
NextGen Industries,Mobile App Development,3.8,Infrastructure
AdWise Solutions,Web Development,3.5,Education
FinEdge Group,Web Development,3.4,Design
BrightPath Industries,Financial Consulting,3.3,Marketing
MegaBuild Solutions,Cloud Services,4.2,Infrastructure
GreenLeaf Enterprises,Digital Marketing,4.1,Design
MarketGenius Solutions,Financial Consulting,3.1,Education
PrimeLogics Pvt Ltd,Web Development,4.0,Finance
GreenLeaf Enterprises,Digital Marketing,5.0,Design
MarketGenius Solutions,Interior Design,4.7,Marketing
BrightPath Group,Cyber Security,3.2,IT Services
NextGen Solutions,Corporate Training,3.1,Finance
MegaBuild Industries,Interior Design,4.0,Marketing
AdWise Industries,Cyber Security,3.4,Marketing
SkyHigh Pvt Ltd,AI/ML Services,3.3,Finance
PrimeLogics Enterprises,AI/ML Services,4.4,IT Services
CoreBuild Solutions,Cloud Services,4.9,Education
BuildPro Pvt Ltd,Civil Construction,3.7,IT Services
GreenLeaf Enterprises,Mobile App Development,4.9,Finance
CoreBuild Solutions,Digital Marketing,3.9,Design
MegaBuild Pvt Ltd,Mobile App Development,4.1,Finance
FinEdge Group,Civil Construction,4.9,Marketing
TechNova Solutions,Cyber Security,3.3,Design
PrimeLogics Industries,Cyber Security,4.4,Infrastructure
CyberMatrix Solutions,AI/ML Services,4.1,Design
SecureNet Solutions,Web Development,4.7,Infrastructure
CyberMatrix Pvt Ltd,Civil Construction,4.1,Finance
NextGen Pvt Ltd,Interior Design,4.1,Education
CyberMatrix Solutions,AI/ML Services,5.0,Design
GreenLeaf Pvt Ltd,Cloud Services,4.8,Finance
BuildPro Enterprises,Mobile App Development,4.0,Finance
BrightPath Pvt Ltd,Cloud Services,4.4,IT Services
SecureNet Solutions,Civil Construction,4.6,Finance
MarketGenius Group,Mobile App Development,4.6,Finance
FinEdge Group,Web Development,3.3,Marketing
CoreBuild Enterprises,Corporate Training,4.8,Finance
GreenLeaf Enterprises,Financial Consulting,4.4,Education
MegaBuild Solutions,Cloud Services,4.3,Finance
BuildPro Group,Cloud Services,3.9,Infrastructure
VisionTech Enterprises,Cloud Services,3.1,Finance
AdWise Group,Digital Marketing,3.5,IT Services
UrbanCraft Group,Interior Design,5.0,Infrastructure
AlphaWorks Pvt Ltd,Interior Design,3.7,Finance
TechNova Enterprises,AI/ML Services,4.2,Design
GreenLeaf Group,Financial Consulting,3.5,Infrastructure
SecureNet Pvt Ltd,Web Development,4.9,Education
AlphaWorks Enterprises,Cloud Services,4.9,Infrastructure
VisionTech Enterprises,Interior Design,4.5,IT Services
FinEdge Industries,Corporate Training,3.2,Design
CyberMatrix Pvt Ltd,AI/ML Services,4.2,Marketing
SecureNet Solutions,Mobile App Development,3.3,Finance
FinEdge Solutions,Cyber Security,4.4,Education
SecureNet Solutions,Digital Marketing,4.9,Finance
PrimeLogics Solutions,Financial Consulting,4.2,Infrastructure
AlphaWorks Pvt Ltd,Civil Construction,3.5,Marketing
CoreBuild Enterprises,Web Development,3.4,Infrastructure
InteriorHive Industries,AI/ML Services,4.5,IT Services
BrightPath Group,Corporate Training,4.3,IT Services
CoreBuild Group,Digital Marketing,4.2,Infrastructure
CloudLink Solutions,Digital Marketing,3.2,Education
BuildPro Pvt Ltd,Interior Design,4.7,Design
AlphaWorks Solutions,Corporate Training,4.3,Education
SecureNet Enterprises,Cloud Services,4.7,Education
CoreBuild Pvt Ltd,Corporate Training,3.5,Design
SkyHigh Enterprises,Digital Marketing,4.6,Design
GreenLeaf Pvt Ltd,Civil Construction,4.7,Education
CoreBuild Group,Mobile App Development,4.4,IT Services
BrightPath Industries,Digital Marketing,4.7,Design
NextGen Group,AI/ML Services,4.1,Infrastructure
AlphaWorks Solutions,Civil Construction,3.3,Education
MarketGenius Pvt Ltd,Mobile App Development,3.5,Marketing
MegaBuild Group,Corporate Training,4.8,IT Services
SecureNet Pvt Ltd,Interior Design,4.2,Finance
BrightPath Industries,Cyber Security,3.7,Infrastructure
CloudLink Pvt Ltd,AI/ML Services,3.7,IT Services
MarketGenius Industries,Corporate Training,3.3,IT Services
TechNova Industries,Interior Design,3.9,IT Services
TechNova Industries,Mobile App Development,4.1,Infrastructure
PrimeLogics Industries,Mobile App Development,5.0,IT Services
MegaBuild Industries,Cloud Services,4.7,Marketing
NextGen Industries,AI/ML Services,4.2,Design
TechNova Enterprises,AI/ML Services,3.3,Finance
SkyHigh Solutions,AI/ML Services,4.6,Design
MegaBuild Industries,Cloud Services,4.2,IT Services
CloudLink Pvt Ltd,Web Development,4.3,Finance
BrightPath Group,Cloud Services,4.7,Design
VisionTech Solutions,Mobile App Development,3.8,Finance
AdWise Pvt Ltd,Civil Construction,3.9,Finance
SecureNet Pvt Ltd,Digital Marketing,4.0,Education
CoreBuild Group,Financial Consulting,3.6,Education
AdWise Enterprises,Financial Consulting,4.3,Marketing
GreenLeaf Pvt Ltd,Cloud Services,3.6,Marketing
MegaBuild Industries,Mobile App Development,4.0,Education
NextGen Enterprises,Corporate Training,3.2,IT Services
BrightPath Enterprises,AI/ML Services,3.2,Design
BrightPath Group,Cloud Services,3.7,Marketing
AdWise Enterprises,Cyber Security,4.4,Finance
MarketGenius Solutions,AI/ML Services,3.9,Design
SkyHigh Industries,Cloud Services,3.4,IT Services
AdWise Pvt Ltd,Mobile App Development,3.0,Education
FinEdge Enterprises,Mobile App Development,4.8,Design
CloudSphere Solutions,Web Development,4.6,Finance
AdWise Pvt Ltd,Interior Design,4.8,Finance
SkyHigh Industries,AI/ML Services,4.6,Infrastructure
InteriorHive Solutions,AI/ML Services,3.3,Infrastructure
CloudSphere Enterprises,Digital Marketing,4.3,Design
PrimeLogics Industries,AI/ML Services,4.8,Finance
TechNova Group,Civil Construction,4.5,Infrastructure
SkyHigh Industries,Web Development,3.7,Design
NextGen Pvt Ltd,Civil Construction,3.0,Finance
SkyHigh Group,Web Development,3.7,IT Services
MegaBuild Group,Financial Consulting,4.0,Design
CloudLink Industries,Digital Marketing,3.2,IT Services
UrbanCraft Group,Cloud Services,4.8,Infrastructure
SecureNet Enterprises,Interior Design,4.7,Infrastructure
BuildPro Industries,Corporate Training,3.4,Infrastructure
FinEdge Pvt Ltd,Digital Marketing,3.6,Finance
FinEdge Pvt Ltd,Corporate Training,3.2,Infrastructure
BuildPro Enterprises,Financial Consulting,3.4,Education
PrimeLogics Group,Cloud Services,4.1,Design
CloudLink Enterprises,Mobile App Development,4.6,Infrastructure
CoreBuild Industries,Cyber Security,4.2,Marketing
UrbanCraft Solutions,Digital Marketing,4.9,Finance
TechNova Pvt Ltd,Interior Design,3.8,Education
GreenLeaf Enterprises,AI/ML Services,4.8,Education
MegaBuild Industries,Interior Design,3.8,Infrastructure
UrbanCraft Solutions,Mobile App Development,4.6,Infrastructure
AlphaWorks Pvt Ltd,Cyber Security,3.2,IT Services
BuildPro Industries,Digital Marketing,4.3,Finance
InteriorHive Enterprises,Digital Marketing,4.5,Infrastructure
CloudSphere Solutions,Mobile App Development,4.3,Marketing
SkyHigh Pvt Ltd,Cloud Services,3.6,IT Services
CoreBuild Group,Civil Construction,4.7,Education
BrightPath Enterprises,Digital Marketing,4.6,Infrastructure
AlphaWorks Group,Financial Consulting,4.3,Design
SecureNet Group,Civil Construction,4.0,Infrastructure
AlphaWorks Pvt Ltd,Cloud Services,4.2,Infrastructure
TechNova Group,Cyber Security,3.1,Finance
VisionTech Pvt Ltd,Financial Consulting,3.0,Infrastructure
SkyHigh Enterprises,Corporate Training,4.7,Finance
CloudLink Enterprises,Corporate Training,5.0,Design
BuildPro Group,Financial Consulting,4.0,Design
AlphaWorks Group,Financial Consulting,4.7,Marketing
UrbanCraft Enterprises,Corporate Training,3.5,Finance
MarketGenius Industries,AI/ML Services,4.7,Infrastructure
CyberMatrix Solutions,Financial Consulting,4.8,Marketing
SecureNet Pvt Ltd,Corporate Training,4.9,Design
MegaBuild Group,Cloud Services,3.2,Education
TechNova Industries,Civil Construction,4.3,IT Services
SkyHigh Group,AI/ML Services,4.5,Infrastructure
VisionTech Enterprises,Cyber Security,4.2,Education
CyberMatrix Solutions,Financial Consulting,4.3,IT Services
CoreBuild Pvt Ltd,Financial Consulting,4.4,Design
CloudLink Enterprises,Corporate Training,4.0,Infrastructure
NextGen Group,Interior Design,3.3,Infrastructure
InteriorHive Solutions,Mobile App Development,3.7,Education
CloudLink Industries,Mobile App Development,3.9,Design
AlphaWorks Enterprises,Corporate Training,4.8,Infrastructure
SecureNet Solutions,Mobile App Development,3.9,IT Services
AlphaWorks Industries,Cyber Security,4.1,Education
InteriorHive Industries,Financial Consulting,3.5,Education
PrimeLogics Enterprises,Interior Design,4.5,Education
NextGen Solutions,Corporate Training,5.0,IT Services
TechNova Group,Digital Marketing,4.0,Finance
CyberMatrix Pvt Ltd,Cyber Security,4.1,Infrastructure
TechNova Enterprises,Financial Consulting,3.5,IT Services
CloudSphere Enterprises,Corporate Training,4.8,Marketing
InteriorHive Enterprises,Financial Consulting,3.9,Education
CyberMatrix Group,AI/ML Services,3.3,Marketing
SkyHigh Pvt Ltd,Civil Construction,4.2,Finance
AlphaWorks Group,Web Development,3.3,Infrastructure
BrightPath Enterprises,Civil Construction,3.7,Marketing
InteriorHive Solutions,Corporate Training,3.6,Education
NextGen Industries,Web Development,4.0,Infrastructure
CloudLink Group,Mobile App Development,4.7,Education
CoreBuild Pvt Ltd,Financial Consulting,4.8,Infrastructure
BrightPath Pvt Ltd,Mobile App Development,3.0,Marketing
CyberMatrix Industries,Web Development,4.1,IT Services
FinEdge Industries,AI/ML Services,4.6,Finance
NextGen Enterprises,Civil Construction,4.0,Education
SkyHigh Enterprises,Mobile App Development,3.7,IT Services
NextGen Solutions,Financial Consulting,3.3,Infrastructure
SecureNet Solutions,Digital Marketing,4.1,IT Services
AdWise Enterprises,Cloud Services,3.8,Infrastructure
CyberMatrix Industries,Cyber Security,3.9,Finance
TechNova Pvt Ltd,Civil Construction,3.2,Design
CyberMatrix Industries,AI/ML Services,3.7,Education
MegaBuild Enterprises,AI/ML Services,3.2,Design
CoreBuild Pvt Ltd,Cloud Services,3.1,Marketing
AdWise Industries,Cyber Security,4.0,Infrastructure
AlphaWorks Enterprises,Cloud Services,3.8,Design
MegaBuild Enterprises,Interior Design,4.4,Education
AdWise Group,Digital Marketing,3.7,Infrastructure
BuildPro Pvt Ltd,Cloud Services,3.8,IT Services
CloudLink Enterprises,Digital Marketing,4.3,Design
VisionTech Enterprises,Financial Consulting,4.9,Design
CloudLink Solutions,Civil Construction,4.0,Marketing
BrightPath Industries,Cloud Services,3.6,Marketing
MarketGenius Solutions,Financial Consulting,4.1,IT Services
NextGen Pvt Ltd,Web Development,3.5,Design
MegaBuild Industries,Civil Construction,4.5,IT Services
BuildPro Pvt Ltd,Civil Construction,4.9,Finance
FinEdge Industries,Mobile App Development,3.4,Education
NextGen Industries,Digital Marketing,3.3,Finance
UrbanCraft Industries,Corporate Training,4.0,IT Services
FinEdge Group,Cyber Security,4.1,Education
CloudLink Enterprises,Web Development,4.1,IT Services
CloudSphere Solutions,Web Development,4.3,Marketing
MarketGenius Enterprises,Cyber Security,4.7,IT Services
CloudSphere Solutions,Digital Marketing,3.0,Marketing
AdWise Group,Interior Design,3.9,Design
AdWise Group,Mobile App Development,4.4,Infrastructure
AdWise Solutions,Digital Marketing,4.6,Marketing
AlphaWorks Group,Corporate Training,4.5,Education
CloudLink Solutions,Cyber Security,3.4,Infrastructure
BrightPath Solutions,Digital Marketing,4.2,Design
AdWise Pvt Ltd,Web Development,3.8,IT Services
AdWise Enterprises,Cyber Security,4.1,Marketing
FinEdge Pvt Ltd,AI/ML Services,4.7,Finance
BuildPro Industries,Corporate Training,3.7,Marketing
MarketGenius Solutions,Civil Construction,4.9,Finance
CyberMatrix Industries,Corporate Training,4.3,IT Services
CloudSphere Group,Corporate Training,4.8,Marketing
FinEdge Group,Civil Construction,5.0,Infrastructure
AlphaWorks Group,Mobile App Development,4.0,Infrastructure
FinEdge Pvt Ltd,Digital Marketing,3.8,Education
SkyHigh Enterprises,Mobile App Development,5.0,IT Services
UrbanCraft Enterprises,Interior Design,4.2,Design
CloudLink Industries,Interior Design,4.6,Infrastructure
NextGen Enterprises,Interior Design,4.0,Education
FinEdge Group,Corporate Training,3.2,Infrastructure
CloudLink Solutions,Mobile App Development,4.6,Design
InteriorHive Enterprises,Digital Marketing,3.4,IT Services
SkyHigh Enterprises,Corporate Training,4.4,Marketing
NextGen Group,Cyber Security,4.4,Design
VisionTech Enterprises,AI/ML Services,4.3,Marketing
VisionTech Solutions,Corporate Training,3.8,Education
CloudLink Enterprises,Interior Design,4.8,IT Services
CyberMatrix Pvt Ltd,Cloud Services,3.5,IT Services
BuildPro Industries,Cyber Security,4.8,Marketing
AdWise Pvt Ltd,Web Development,4.2,Marketing
VisionTech Group,Cloud Services,3.6,IT Services
MegaBuild Solutions,Cloud Services,4.8,Education
NextGen Pvt Ltd,Cloud Services,3.0,Infrastructure
MarketGenius Pvt Ltd,Interior Design,4.9,Infrastructure
VisionTech Solutions,Financial Consulting,3.5,Design
PrimeLogics Industries,Corporate Training,4.8,Finance
GreenLeaf Group,Cyber Security,3.2,Marketing
FinEdge Pvt Ltd,Digital Marketing,4.2,Education
CoreBuild Pvt Ltd,Corporate Training,3.7,Finance
CloudLink Pvt Ltd,Corporate Training,4.6,Education
CloudLink Group,Civil Construction,3.4,IT Services
SkyHigh Solutions,Mobile App Development,3.3,Design
SecureNet Pvt Ltd,Civil Construction,3.8,Finance
CyberMatrix Industries,Cloud Services,3.2,IT Services
MarketGenius Pvt Ltd,AI/ML Services,3.2,IT Services
BuildPro Industries,Interior Design,4.0,IT Services
UrbanCraft Pvt Ltd,Mobile App Development,4.1,Marketing
NextGen Solutions,AI/ML Services,3.1,IT Services
FinEdge Industries,Cyber Security,4.5,Finance
MegaBuild Industries,Corporate Training,4.9,IT Services
MarketGenius Industries,Corporate Training,3.1,Finance
GreenLeaf Enterprises,Cyber Security,3.7,Finance
BuildPro Group,Corporate Training,5.0,Design
GreenLeaf Group,Corporate Training,4.8,IT Services
NextGen Pvt Ltd,Mobile App Development,4.1,IT Services
GreenLeaf Enterprises,Mobile App Development,4.3,Infrastructure
TechNova Industries,Civil Construction,4.6,Design
NextGen Solutions,Cyber Security,4.1,Design
BuildPro Pvt Ltd,Civil Construction,4.2,Design
GreenLeaf Enterprises,Cloud Services,3.3,Finance
MegaBuild Pvt Ltd,Interior Design,4.5,Finance
CloudSphere Pvt Ltd,AI/ML Services,4.0,Marketing
TechNova Pvt Ltd,Financial Consulting,3.7,Education
TechNova Industries,Web Development,3.8,Marketing
AdWise Pvt Ltd,Interior Design,3.0,Education
PrimeLogics Industries,Cyber Security,4.0,Design
SkyHigh Pvt Ltd,Cloud Services,4.3,Design
CyberMatrix Industries,Interior Design,3.8,Education
VisionTech Enterprises,Interior Design,3.6,IT Services
CloudLink Enterprises,Financial Consulting,3.1,Finance
UrbanCraft Group,Interior Design,4.7,Finance
TechNova Solutions,Mobile App Development,3.5,Design
MegaBuild Group,Cloud Services,3.8,Marketing
MarketGenius Enterprises,Cloud Services,4.3,Education
AlphaWorks Pvt Ltd,Web Development,4.8,Finance
MegaBuild Group,Cyber Security,4.2,IT Services
TechNova Enterprises,Mobile App Development,5.0,IT Services
TechNova Enterprises,Financial Consulting,4.7,Education
PrimeLogics Industries,Cyber Security,3.6,Finance
MegaBuild Pvt Ltd,Web Development,3.1,Marketing
CoreBuild Enterprises,Interior Design,4.8,Finance
AdWise Solutions,Mobile App Development,4.3,Education
GreenLeaf Pvt Ltd,Interior Design,4.2,IT Services
PrimeLogics Group,Interior Design,4.7,Marketing
CyberMatrix Industries,Web Development,4.3,Infrastructure
BuildPro Solutions,Cloud Services,4.8,IT Services
BrightPath Solutions,Digital Marketing,3.5,IT Services
PrimeLogics Group,Interior Design,3.3,IT Services
MarketGenius Industries,Corporate Training,3.4,Design
CloudLink Group,Digital Marketing,4.6,Infrastructure
SecureNet Enterprises,Web Development,4.5,Design
CoreBuild Group,Corporate Training,3.5,Design
MarketGenius Group,Digital Marketing,3.7,Design
CloudLink Pvt Ltd,Interior Design,4.1,Finance
NextGen Group,Financial Consulting,4.6,Infrastructure
AdWise Group,Cyber Security,3.9,IT Services
InteriorHive Solutions,Cloud Services,4.1,Design
NextGen Enterprises,Civil Construction,4.6,IT Services
InteriorHive Solutions,Cloud Services,5.0,Design
SecureNet Enterprises,Web Development,3.5,Infrastructure
MegaBuild Group,Cloud Services,4.2,Marketing
CyberMatrix Group,Cloud Services,3.7,Design
InteriorHive Group,Cyber Security,3.0,Finance
InteriorHive Enterprises,Cloud Services,3.7,IT Services
VisionTech Pvt Ltd,Mobile App Development,4.5,Infrastructure
TechNova Industries,Corporate Training,3.1,Design
UrbanCraft Industries,Mobile App Development,4.9,Finance
CyberMatrix Solutions,Web Development,4.0,Education
AdWise Enterprises,Cyber Security,3.4,Infrastructure
InteriorHive Group,Corporate Training,4.0,Design
CloudSphere Industries,Cyber Security,4.9,Infrastructure
UrbanCraft Pvt Ltd,Mobile App Development,3.5,Marketing
BrightPath Solutions,Civil Construction,5.0,Education
CoreBuild Industries,Digital Marketing,3.9,Infrastructure
PrimeLogics Solutions,Civil Construction,3.0,Infrastructure
TechNova Solutions,Interior Design,3.8,Marketing
FinEdge Pvt Ltd,Civil Construction,4.6,Infrastructure
SecureNet Industries,Mobile App Development,4.9,Finance
TechNova Solutions,Corporate Training,3.3,Marketing
BrightPath Industries,AI/ML Services,3.2,Marketing
PrimeLogics Enterprises,Web Development,3.8,IT Services
MarketGenius Industries,Corporate Training,3.3,Marketing
InteriorHive Industries,Interior Design,4.2,Marketing
BuildPro Enterprises,Interior Design,3.7,IT Services
CoreBuild Industries,Web Development,4.2,IT Services
AlphaWorks Solutions,AI/ML Services,3.1,Finance
CoreBuild Group,AI/ML Services,3.1,Education
UrbanCraft Pvt Ltd,Cyber Security,3.6,Education
CyberMatrix Solutions,Civil Construction,3.3,Finance
NextGen Pvt Ltd,Cyber Security,3.8,Education
BuildPro Solutions,Interior Design,3.9,Marketing
CloudLink Enterprises,Web Development,4.4,Finance
UrbanCraft Solutions,Web Development,3.5,Finance
CoreBuild Solutions,Interior Design,3.8,Marketing
PrimeLogics Industries,Civil Construction,4.9,Education
InteriorHive Industries,Cloud Services,4.7,Education
GreenLeaf Group,Cloud Services,4.1,IT Services
BrightPath Group,Cloud Services,4.2,Design
CoreBuild Enterprises,Digital Marketing,3.1,Finance
MarketGenius Group,Corporate Training,3.8,Design
CoreBuild Solutions,Interior Design,3.3,IT Services
FinEdge Solutions,Corporate Training,4.0,Design
PrimeLogics Enterprises,Digital Marketing,3.4,IT Services
SkyHigh Solutions,Financial Consulting,4.1,Design
UrbanCraft Group,Cyber Security,4.7,Marketing
BrightPath Group,Cloud Services,3.2,Marketing
PrimeLogics Group,Mobile App Development,3.8,IT Services
VisionTech Solutions,Digital Marketing,4.7,Marketing
PrimeLogics Group,Cloud Services,3.1,Infrastructure
AdWise Enterprises,Corporate Training,4.0,Design
BrightPath Industries,AI/ML Services,4.6,Education
NextGen Enterprises,Interior Design,4.6,Infrastructure
AlphaWorks Enterprises,Cyber Security,3.9,Finance
TechNova Enterprises,Mobile App Development,4.0,Education
BrightPath Industries,Financial Consulting,4.9,IT Services
PrimeLogics Group,Digital Marketing,4.4,Marketing
BuildPro Solutions,Corporate Training,4.8,Design
CloudSphere Group,Civil Construction,4.9,Infrastructure
InteriorHive Industries,Digital Marketing,4.1,Design
GreenLeaf Enterprises,AI/ML Services,4.3,Education
NextGen Solutions,Corporate Training,4.6,IT Services
CyberMatrix Enterprises,Mobile App Development,3.9,Design
VisionTech Group,Corporate Training,4.9,Design
VisionTech Industries,Mobile App Development,4.9,Education
MarketGenius Solutions,Financial Consulting,3.8,Design
VisionTech Enterprises,Digital Marketing,3.7,Education
AlphaWorks Solutions,Mobile App Development,4.3,Education
MarketGenius Industries,AI/ML Services,4.3,Design
CyberMatrix Industries,Digital Marketing,3.8,Infrastructure
MegaBuild Solutions,Interior Design,4.6,Finance
MarketGenius Enterprises,Corporate Training,4.1,IT Services
BrightPath Enterprises,Mobile App Development,4.8,Infrastructure
BuildPro Industries,Interior Design,3.9,Finance
UrbanCraft Solutions,Web Development,3.8,Design
TechNova Industries,Digital Marketing,3.2,IT Services
AdWise Group,Financial Consulting,4.6,Infrastructure
BuildPro Enterprises,AI/ML Services,3.7,Infrastructure
CoreBuild Solutions,Cloud Services,3.2,Marketing
CyberMatrix Industries,Mobile App Development,4.6,Design
CyberMatrix Pvt Ltd,Corporate Training,4.8,Design
AdWise Solutions,Cyber Security,4.7,Design
FinEdge Industries,Financial Consulting,4.0,Infrastructure
SkyHigh Pvt Ltd,Cyber Security,4.9,Education
CloudSphere Enterprises,Interior Design,4.7,Marketing
AlphaWorks Pvt Ltd,Cyber Security,4.2,Finance
GreenLeaf Group,Cyber Security,4.4,Finance
CloudSphere Enterprises,Interior Design,3.3,IT Services
GreenLeaf Industries,Cyber Security,4.6,Infrastructure
BrightPath Pvt Ltd,Web Development,4.9,Marketing
CloudSphere Enterprises,Corporate Training,4.3,Marketing
InteriorHive Enterprises,Financial Consulting,3.4,Education
BuildPro Solutions,Financial Consulting,3.4,Infrastructure
CloudLink Industries,AI/ML Services,4.9,Design
SecureNet Pvt Ltd,Interior Design,4.8,IT Services
CyberMatrix Industries,Web Development,5.0,Infrastructure
MegaBuild Pvt Ltd,Digital Marketing,3.5,Education
CloudLink Pvt Ltd,Cloud Services,3.4,Finance
MarketGenius Solutions,Civil Construction,3.9,Infrastructure
PrimeLogics Group,Civil Construction,3.6,Education
MarketGenius Solutions,AI/ML Services,4.3,Finance
GreenLeaf Group,Civil Construction,4.0,Design
AdWise Solutions,Mobile App Development,4.9,Marketing
VisionTech Enterprises,Web Development,3.1,Finance
BrightPath Solutions,Civil Construction,3.5,Finance
MegaBuild Industries,Cyber Security,5.0,Finance
TechNova Industries,Cyber Security,3.1,Education
VisionTech Pvt Ltd,Civil Construction,3.3,Finance
AdWise Group,Web Development,4.1,Design
AdWise Enterprises,Mobile App Development,4.4,Infrastructure
MegaBuild Pvt Ltd,Financial Consulting,4.8,Finance
TechNova Pvt Ltd,Digital Marketing,4.1,Finance
FinEdge Solutions,Interior Design,3.9,Marketing
SkyHigh Pvt Ltd,Digital Marketing,3.4,Infrastructure
MarketGenius Solutions,Cloud Services,4.8,IT Services
CloudSphere Enterprises,Cloud Services,3.7,Design
CoreBuild Pvt Ltd,Financial Consulting,4.4,Finance
TechNova Pvt Ltd,Interior Design,4.5,Infrastructure
AdWise Industries,Mobile App Development,4.2,Infrastructure
SkyHigh Solutions,Interior Design,4.2,Design
AlphaWorks Industries,AI/ML Services,4.9,Finance
CloudLink Industries,Mobile App Development,3.9,Finance
NextGen Group,Web Development,3.6,Finance
BrightPath Industries,Mobile App Development,3.3,IT Services
CoreBuild Pvt Ltd,Digital Marketing,4.0,Education
PrimeLogics Group,Corporate Training,5.0,Education
CloudLink Enterprises,Mobile App Development,4.9,Marketing
GreenLeaf Pvt Ltd,Cyber Security,4.8,Finance
UrbanCraft Solutions,Mobile App Development,3.5,IT Services
UrbanCraft Group,Mobile App Development,4.4,Education
FinEdge Solutions,Interior Design,4.8,Marketing
InteriorHive Group,Web Development,4.0,Finance
NextGen Solutions,Cloud Services,4.3,IT Services
PrimeLogics Industries,Digital Marketing,4.0,Infrastructure
AdWise Solutions,Digital Marketing,4.1,Marketing
AlphaWorks Industries,Financial Consulting,4.2,IT Services
UrbanCraft Industries,AI/ML Services,3.4,Finance
SkyHigh Enterprises,Financial Consulting,3.7,Education
AdWise Pvt Ltd,Web Development,3.3,IT Services
SkyHigh Group,AI/ML Services,4.4,Design
NextGen Solutions,Civil Construction,4.5,Finance
NextGen Group,Web Development,4.8,IT Services
MegaBuild Solutions,Cyber Security,4.1,IT Services
MegaBuild Enterprises,AI/ML Services,4.9,Infrastructure
InteriorHive Solutions,Cyber Security,3.1,Infrastructure
CloudLink Solutions,Digital Marketing,4.7,Infrastructure
SkyHigh Pvt Ltd,AI/ML Services,3.3,Education
SecureNet Enterprises,Cyber Security,4.7,Marketing
SecureNet Enterprises,Mobile App Development,4.1,Marketing
PrimeLogics Group,Financial Consulting,4.6,Infrastructure
SkyHigh Solutions,Civil Construction,3.6,Infrastructure
AdWise Group,AI/ML Services,3.1,Education
SkyHigh Industries,Cloud Services,3.7,Education
InteriorHive Solutions,Cyber Security,3.7,Finance
MarketGenius Industries,Corporate Training,4.0,Education
UrbanCraft Pvt Ltd,Interior Design,5.0,Finance
GreenLeaf Solutions,Corporate Training,3.0,Infrastructure
UrbanCraft Solutions,Financial Consulting,4.6,Finance
GreenLeaf Group,Web Development,4.1,IT Services
UrbanCraft Group,AI/ML Services,3.5,Design
CloudLink Solutions,Interior Design,3.2,Finance
FinEdge Enterprises,Financial Consulting,4.1,Marketing
CyberMatrix Enterprises,Digital Marketing,4.4,Infrastructure
SkyHigh Solutions,AI/ML Services,4.3,Education
CyberMatrix Solutions,Corporate Training,3.9,Marketing
InteriorHive Pvt Ltd,Mobile App Development,4.8,Finance
InteriorHive Industries,Mobile App Development,4.6,Marketing
FinEdge Enterprises,Civil Construction,4.3,Infrastructure
BuildPro Pvt Ltd,Corporate Training,3.8,Infrastructure
CloudSphere Solutions,AI/ML Services,3.7,Design
TechNova Group,Digital Marketing,4.6,IT Services
CloudLink Industries,Cloud Services,4.4,Education
UrbanCraft Pvt Ltd,Interior Design,3.9,Marketing
SecureNet Industries,Cyber Security,3.3,Marketing
CloudLink Enterprises,Financial Consulting,4.9,Design
GreenLeaf Pvt Ltd,Corporate Training,3.0,Design
BrightPath Industries,Web Development,4.3,Finance
AdWise Pvt Ltd,Mobile App Development,4.5,Marketing
CoreBuild Enterprises,AI/ML Services,3.9,Marketing
UrbanCraft Group,AI/ML Services,3.4,Marketing
SkyHigh Industries,Civil Construction,5.0,IT Services
InteriorHive Group,Cyber Security,4.4,Education
GreenLeaf Enterprises,AI/ML Services,4.9,Marketing
BuildPro Industries,Civil Construction,3.1,Education
GreenLeaf Enterprises,Corporate Training,3.3,Infrastructure
CyberMatrix Industries,Digital Marketing,3.1,Marketing
BuildPro Solutions,Financial Consulting,3.2,IT Services
CoreBuild Solutions,Web Development,3.3,Design
PrimeLogics Solutions,Cloud Services,4.6,Finance
FinEdge Solutions,AI/ML Services,4.3,Infrastructure
NextGen Enterprises,Cloud Services,4.7,Marketing
PrimeLogics Enterprises,Mobile App Development,4.7,Infrastructure
NextGen Enterprises,Digital Marketing,4.2,Marketing
VisionTech Solutions,AI/ML Services,3.5,Finance
FinEdge Industries,Civil Construction,5.0,Design
AdWise Group,Digital Marketing,3.1,Design
UrbanCraft Solutions,AI/ML Services,3.9,Marketing
FinEdge Solutions,Corporate Training,3.3,Finance
BuildPro Enterprises,Civil Construction,4.7,Design
GreenLeaf Solutions,Digital Marketing,3.2,Design
CloudLink Industries,Financial Consulting,3.8,Education
CoreBuild Industries,Corporate Training,3.1,Infrastructure
MarketGenius Enterprises,Digital Marketing,4.2,Education
MegaBuild Industries,Cloud Services,3.9,Design
MarketGenius Industries,Civil Construction,4.2,IT Services
FinEdge Enterprises,Cyber Security,4.5,Design
BuildPro Industries,AI/ML Services,4.6,Marketing
FinEdge Solutions,Civil Construction,4.5,Infrastructure
SecureNet Group,Corporate Training,4.7,Infrastructure
CloudLink Group,Web Development,5.0,Design
MegaBuild Group,Cyber Security,4.2,Marketing
AdWise Solutions,Cloud Services,4.0,IT Services
UrbanCraft Pvt Ltd,Interior Design,4.8,Education
MegaBuild Enterprises,Mobile App Development,3.7,Marketing
CloudLink Enterprises,AI/ML Services,4.3,Marketing
CyberMatrix Solutions,Cloud Services,3.7,IT Services
PrimeLogics Enterprises,Digital Marketing,4.1,Finance
AdWise Solutions,Web Development,3.8,Infrastructure
AdWise Enterprises,Digital Marketing,4.4,Education
FinEdge Industries,Digital Marketing,3.1,Finance
VisionTech Group,Mobile App Development,4.6,Infrastructure
TechNova Pvt Ltd,Digital Marketing,3.8,Design
CloudSphere Pvt Ltd,Web Development,3.0,Marketing
AdWise Group,Digital Marketing,3.0,Marketing
CoreBuild Industries,Corporate Training,4.0,Marketing
VisionTech Industries,Cloud Services,4.3,Marketing
MegaBuild Industries,Digital Marketing,3.7,IT Services
VisionTech Pvt Ltd,Digital Marketing,4.2,Infrastructure
MarketGenius Industries,Interior Design,3.4,Design
PrimeLogics Industries,Corporate Training,3.1,IT Services
CoreBuild Industries,Web Development,3.8,IT Services
MegaBuild Enterprises,AI/ML Services,3.4,Education
TechNova Pvt Ltd,Web Development,3.1,IT Services
UrbanCraft Solutions,Civil Construction,4.5,Infrastructure
GreenLeaf Enterprises,Web Development,3.8,Marketing
InteriorHive Solutions,Interior Design,3.2,Education
SkyHigh Pvt Ltd,Interior Design,4.7,IT Services
PrimeLogics Solutions,Digital Marketing,3.4,Education
VisionTech Group,AI/ML Services,4.2,Education
FinEdge Enterprises,Cloud Services,3.7,Education
GreenLeaf Pvt Ltd,Financial Consulting,3.9,Infrastructure
AlphaWorks Solutions,Cloud Services,3.7,Design
InteriorHive Pvt Ltd,Web Development,4.6,Education
AlphaWorks Solutions,Financial Consulting,3.4,Infrastructure
BuildPro Enterprises,Web Development,4.8,IT Services
MegaBuild Enterprises,Interior Design,4.5,Infrastructure
CloudSphere Pvt Ltd,Digital Marketing,3.2,Finance
UrbanCraft Pvt Ltd,Cloud Services,3.4,Finance
AlphaWorks Industries,Civil Construction,4.7,Marketing
SkyHigh Enterprises,Corporate Training,3.7,Infrastructure
BuildPro Enterprises,Interior Design,3.3,Design
MegaBuild Pvt Ltd,Interior Design,3.3,IT Services
CloudSphere Enterprises,Corporate Training,4.1,Finance
TechNova Solutions,Interior Design,4.2,Infrastructure
GreenLeaf Pvt Ltd,AI/ML Services,4.3,Infrastructure
CoreBuild Pvt Ltd,Cyber Security,4.6,Infrastructure
FinEdge Solutions,AI/ML Services,3.7,Marketing
GreenLeaf Enterprises,Mobile App Development,3.2,IT Services
BrightPath Industries,Web Development,4.0,Marketing
UrbanCraft Enterprises,Mobile App Development,4.0,Education
SkyHigh Solutions,Financial Consulting,3.1,Infrastructure
CyberMatrix Group,Digital Marketing,4.0,Infrastructure
BuildPro Solutions,Interior Design,3.4,Infrastructure
AlphaWorks Pvt Ltd,Digital Marketing,3.7,Infrastructure
CloudLink Group,Interior Design,4.6,IT Services
FinEdge Solutions,Civil Construction,4.9,Design
CoreBuild Pvt Ltd,Cyber Security,4.7,Finance
CyberMatrix Group,Mobile App Development,3.3,IT Services
PrimeLogics Pvt Ltd,Financial Consulting,3.3,Finance
SkyHigh Pvt Ltd,Civil Construction,3.3,Education
BrightPath Industries,Digital Marketing,4.1,Infrastructure
AlphaWorks Solutions,Cloud Services,3.1,IT Services
UrbanCraft Enterprises,AI/ML Services,3.1,IT Services
TechNova Enterprises,Interior Design,3.5,Education
VisionTech Industries,Financial Consulting,4.0,Infrastructure
GreenLeaf Solutions,Civil Construction,3.2,Education
MarketGenius Group,Interior Design,3.7,IT Services
VisionTech Solutions,Digital Marketing,4.2,Marketing
SecureNet Solutions,Corporate Training,4.0,Finance
TechNova Enterprises,Web Development,4.9,Infrastructure
VisionTech Pvt Ltd,Civil Construction,3.8,Education
BuildPro Industries,Financial Consulting,4.9,Marketing
CloudLink Enterprises,Interior Design,4.5,Infrastructure
MegaBuild Pvt Ltd,Civil Construction,3.6,IT Services
SkyHigh Enterprises,Cyber Security,4.9,Finance
CyberMatrix Solutions,Corporate Training,3.6,Infrastructure
SecureNet Pvt Ltd,Mobile App Development,4.5,Design
SkyHigh Pvt Ltd,AI/ML Services,4.9,Finance
FinEdge Industries,AI/ML Services,3.7,Finance
BrightPath Group,Cyber Security,3.5,Education
MarketGenius Pvt Ltd,Corporate Training,4.2,Education
AlphaWorks Enterprises,Corporate Training,3.4,Infrastructure
CloudSphere Enterprises,Cloud Services,3.4,Finance
SecureNet Pvt Ltd,Cyber Security,3.9,Finance
InteriorHive Solutions,Cloud Services,3.9,Marketing
MegaBuild Pvt Ltd,AI/ML Services,4.3,Education
VisionTech Enterprises,Web Development,4.0,Education
TechNova Industries,Web Development,3.6,Education
BrightPath Enterprises,Mobile App Development,4.3,Infrastructure
CloudLink Enterprises,Web Development,3.3,Design
BrightPath Enterprises,AI/ML Services,4.4,IT Services
UrbanCraft Industries,Corporate Training,3.6,IT Services
PrimeLogics Group,Cyber Security,4.7,IT Services
CoreBuild Solutions,Mobile App Development,3.4,Marketing
CyberMatrix Industries,Digital Marketing,3.9,Finance
AdWise Industries,Web Development,3.6,Finance
TechNova Group,Financial Consulting,3.7,Marketing
VisionTech Pvt Ltd,Digital Marketing,3.1,IT Services
CyberMatrix Pvt Ltd,Digital Marketing,4.2,Finance
MarketGenius Pvt Ltd,Financial Consulting,3.8,Marketing
CyberMatrix Pvt Ltd,Mobile App Development,4.9,Finance
FinEdge Group,Digital Marketing,3.2,Education
FinEdge Solutions,Civil Construction,4.3,Marketing
PrimeLogics Solutions,Interior Design,4.7,Infrastructure
CyberMatrix Enterprises,Interior Design,3.7,Infrastructure
CyberMatrix Industries,Interior Design,4.9,Design
FinEdge Industries,Cyber Security,3.6,Marketing
CyberMatrix Industries,Corporate Training,3.5,Design
AdWise Industries,Mobile App Development,3.8,Infrastructure
CoreBuild Industries,Cyber Security,5.0,IT Services
VisionTech Industries,Web Development,3.1,Finance
CloudSphere Enterprises,Interior Design,4.2,Marketing
TechNova Solutions,Cyber Security,3.9,Marketing
MegaBuild Solutions,AI/ML Services,3.7,Marketing
CloudLink Group,Cyber Security,3.9,Education
CloudLink Solutions,Web Development,3.8,Design
VisionTech Group,AI/ML Services,3.1,Education
AdWise Enterprises,Digital Marketing,3.2,Marketing
CyberMatrix Industries,AI/ML Services,3.6,IT Services
SecureNet Enterprises,Mobile App Development,3.7,Marketing
CloudLink Solutions,Civil Construction,4.9,Infrastructure
CyberMatrix Pvt Ltd,Financial Consulting,3.0,Education
AlphaWorks Enterprises,Cyber Security,3.2,Design
CoreBuild Industries,Financial Consulting,3.2,Finance
SecureNet Industries,Cloud Services,3.1,Finance
CloudLink Industries,Corporate Training,4.2,Education
BrightPath Industries,Civil Construction,5.0,IT Services
VisionTech Enterprises,AI/ML Services,3.0,Design
FinEdge Solutions,Mobile App Development,3.6,Finance
NextGen Pvt Ltd,Civil Construction,3.6,IT Services
PrimeLogics Group,AI/ML Services,4.2,Design
FinEdge Pvt Ltd,AI/ML Services,3.8,Finance
SkyHigh Solutions,Digital Marketing,4.4,Infrastructure
MegaBuild Group,Cyber Security,3.6,Finance
TechNova Group,Civil Construction,3.4,IT Services
AlphaWorks Group,Corporate Training,3.1,Education
CoreBuild Solutions,Mobile App Development,4.3,Education
AlphaWorks Group,Cyber Security,4.7,Education
NextGen Enterprises,Interior Design,4.9,Marketing
BrightPath Solutions,Digital Marketing,3.2,Infrastructure
CloudLink Pvt Ltd,Cloud Services,4.6,Infrastructure
MarketGenius Enterprises,Interior Design,3.6,Education
UrbanCraft Industries,Financial Consulting,3.9,Finance
SecureNet Industries,Financial Consulting,3.3,Education
AdWise Solutions,Digital Marketing,4.7,Finance
VisionTech Enterprises,Financial Consulting,3.4,IT Services
GreenLeaf Industries,Civil Construction,3.7,Marketing
BuildPro Enterprises,Cyber Security,4.2,IT Services
InteriorHive Enterprises,Digital Marketing,3.0,Design
SkyHigh Enterprises,Corporate Training,3.5,Marketing
CyberMatrix Enterprises,Interior Design,4.1,Marketing
UrbanCraft Group,Mobile App Development,3.0,Education
PrimeLogics Solutions,Web Development,3.4,IT Services
AlphaWorks Industries,Civil Construction,4.5,Design
MarketGenius Enterprises,Corporate Training,4.4,Marketing
VisionTech Industries,Cyber Security,4.5,Finance
BuildPro Solutions,Cyber Security,3.9,Education
UrbanCraft Group,Cloud Services,4.1,IT Services
CloudLink Enterprises,Corporate Training,3.4,Marketing
FinEdge Solutions,Corporate Training,3.8,Education
MarketGenius Enterprises,AI/ML Services,3.2,Infrastructure
FinEdge Pvt Ltd,Cloud Services,4.3,Design
NextGen Pvt Ltd,Mobile App Development,3.7,Marketing
CloudLink Solutions,Digital Marketing,4.2,Infrastructure
AdWise Group,Financial Consulting,4.9,Marketing
CloudSphere Enterprises,Mobile App Development,3.3,IT Services
CloudSphere Group,Civil Construction,4.7,IT Services
SkyHigh Group,Financial Consulting,3.9,Marketing
SkyHigh Enterprises,Cyber Security,4.6,Marketing
BrightPath Pvt Ltd,Corporate Training,4.6,Marketing
MarketGenius Group,Cloud Services,4.8,Marketing
SkyHigh Industries,Digital Marketing,3.1,Design
SkyHigh Pvt Ltd,Web Development,3.7,Design
UrbanCraft Group,Interior Design,4.7,Education
PrimeLogics Pvt Ltd,Civil Construction,3.3,Finance
TechNova Enterprises,Web Development,4.7,Marketing
VisionTech Enterprises,Civil Construction,3.1,Marketing
MegaBuild Industries,Cyber Security,4.3,Marketing
GreenLeaf Industries,Cyber Security,3.5,IT Services
FinEdge Industries,Digital Marketing,3.6,Education
CoreBuild Industries,Mobile App Development,3.7,Infrastructure
MarketGenius Industries,Cyber Security,4.8,Finance
CloudSphere Pvt Ltd,Financial Consulting,3.1,Infrastructure
SecureNet Group,Cloud Services,3.3,Design
TechNova Industries,Financial Consulting,4.3,Infrastructure
SecureNet Solutions,Cloud Services,3.5,Marketing
SecureNet Pvt Ltd,Corporate Training,3.7,IT Services
SkyHigh Industries,Civil Construction,4.7,Finance
CloudLink Solutions,Financial Consulting,3.2,Education
NextGen Enterprises,Digital Marketing,3.3,IT Services
InteriorHive Group,Civil Construction,3.5,Infrastructure
CoreBuild Solutions,AI/ML Services,4.8,Finance
CyberMatrix Enterprises,Cyber Security,4.8,Design
TechNova Solutions,Interior Design,4.5,Finance
GreenLeaf Industries,Interior Design,3.2,IT Services
AlphaWorks Solutions,Web Development,4.5,Marketing
VisionTech Industries,Web Development,3.7,IT Services
MarketGenius Industries,Civil Construction,3.8,Infrastructure
CloudSphere Group,AI/ML Services,3.6,Education
AlphaWorks Industries,Cyber Security,3.8,Infrastructure
NextGen Pvt Ltd,Interior Design,4.5,Marketing
SkyHigh Pvt Ltd,Web Development,3.6,Marketing
AdWise Solutions,Financial Consulting,4.8,Infrastructure
NextGen Industries,Financial Consulting,3.9,Finance
SecureNet Group,Corporate Training,3.4,Design
InteriorHive Solutions,Web Development,4.4,Design
TechNova Enterprises,Corporate Training,3.1,IT Services
TechNova Industries,Mobile App Development,4.7,Education
AlphaWorks Solutions,Digital Marketing,4.6,Marketing
GreenLeaf Pvt Ltd,Cyber Security,3.1,IT Services
AdWise Industries,Corporate Training,3.1,Design
CoreBuild Solutions,Interior Design,4.5,Finance
AdWise Enterprises,Cloud Services,3.1,Marketing
CloudSphere Enterprises,Corporate Training,4.6,Education
CloudLink Industries,Cloud Services,4.8,Design
PrimeLogics Solutions,Interior Design,4.5,Marketing
CyberMatrix Enterprises,Interior Design,3.5,Marketing
FinEdge Enterprises,Digital Marketing,3.3,Finance
TechNova Group,Interior Design,4.3,Education
AdWise Pvt Ltd,Cyber Security,4.1,IT Services
UrbanCraft Enterprises,Civil Construction,4.4,Education
CoreBuild Group,Web Development,3.8,Finance
VisionTech Enterprises,Digital Marketing,4.7,Infrastructure
GreenLeaf Pvt Ltd,AI/ML Services,4.9,Education
PrimeLogics Pvt Ltd,Financial Consulting,4.7,Education
BuildPro Group,Mobile App Development,4.6,Design
PrimeLogics Industries,Interior Design,4.6,Design
MegaBuild Pvt Ltd,Web Development,4.5,Design
PrimeLogics Enterprises,Digital Marketing,5.0,Finance
CloudLink Group,Digital Marketing,3.8,Finance
CloudSphere Group,Mobile App Development,4.3,Education
InteriorHive Group,Interior Design,3.5,Infrastructure
CoreBuild Enterprises,Civil Construction,4.5,Infrastructure
PrimeLogics Solutions,Web Development,3.3,Education
MegaBuild Pvt Ltd,Interior Design,3.4,Design
BuildPro Group,Mobile App Development,4.5,Infrastructure
PrimeLogics Pvt Ltd,Interior Design,4.4,Marketing
TechNova Pvt Ltd,Digital Marketing,3.3,Design
BuildPro Solutions,Web Development,4.6,Design
MegaBuild Enterprises,Interior Design,3.6,Infrastructure
MegaBuild Enterprises,Interior Design,3.6,Marketing
CoreBuild Industries,Web Development,3.8,Marketing
MarketGenius Solutions,Web Development,4.8,IT Services
SkyHigh Industries,Interior Design,3.5,Education
FinEdge Group,Interior Design,3.5,Marketing
TechNova Industries,Digital Marketing,3.0,Finance
AlphaWorks Group,Digital Marketing,4.0,IT Services
InteriorHive Solutions,AI/ML Services,3.4,Education
NextGen Enterprises,Cyber Security,3.2,Finance
GreenLeaf Enterprises,Digital Marketing,3.0,Design
UrbanCraft Enterprises,Mobile App Development,3.1,Education
MarketGenius Solutions,Cloud Services,4.5,Infrastructure
CyberMatrix Industries,AI/ML Services,4.7,Marketing
MarketGenius Pvt Ltd,Cyber Security,3.6,IT Services
MarketGenius Industries,Cyber Security,4.0,Infrastructure
MarketGenius Industries,Digital Marketing,4.0,IT Services
BuildPro Enterprises,Cyber Security,3.5,Infrastructure
BrightPath Solutions,Corporate Training,3.1,IT Services
PrimeLogics Enterprises,Digital Marketing,3.0,Design
UrbanCraft Solutions,Cloud Services,4.0,Education
UrbanCraft Enterprises,Interior Design,4.4,Education
UrbanCraft Group,Web Development,4.6,IT Services
GreenLeaf Group,Web Development,3.4,Infrastructure
InteriorHive Industries,Web Development,4.0,Design
InteriorHive Industries,Interior Design,4.3,Finance
PrimeLogics Group,Civil Construction,4.6,Marketing
CyberMatrix Solutions,Civil Construction,4.5,Marketing
FinEdge Industries,Civil Construction,3.9,Marketing
CoreBuild Enterprises,Digital Marketing,4.8,Infrastructure
AdWise Enterprises,Interior Design,3.5,Infrastructure
VisionTech Pvt Ltd,Interior Design,3.3,IT Services
AlphaWorks Pvt Ltd,Web Development,4.1,Design
BuildPro Pvt Ltd,Mobile App Development,4.1,IT Services
MegaBuild Solutions,Financial Consulting,4.2,Infrastructure
VisionTech Pvt Ltd,Corporate Training,4.3,Marketing
CloudSphere Industries,Corporate Training,3.6,IT Services
SkyHigh Enterprises,Interior Design,3.6,Infrastructure
UrbanCraft Group,Corporate Training,4.9,Design
InteriorHive Enterprises,Web Development,3.6,Finance
CyberMatrix Pvt Ltd,Web Development,3.1,Infrastructure
UrbanCraft Solutions,Civil Construction,4.6,Finance
NextGen Industries,AI/ML Services,3.3,Finance
UrbanCraft Industries,Web Development,3.4,Marketing
BrightPath Industries,Financial Consulting,3.1,Education
CloudLink Group,AI/ML Services,4.8,Design
AlphaWorks Pvt Ltd,Mobile App Development,4.0,Design
CyberMatrix Group,Interior Design,3.6,IT Services
GreenLeaf Industries,Civil Construction,3.5,Finance
BuildPro Enterprises,Corporate Training,4.6,Design
TechNova Solutions,Corporate Training,4.6,Marketing
MarketGenius Solutions,AI/ML Services,4.3,Education
BrightPath Pvt Ltd,AI/ML Services,4.5,Marketing
GreenLeaf Pvt Ltd,Mobile App Development,3.7,Education
VisionTech Solutions,Digital Marketing,4.8,Finance
PrimeLogics Enterprises,Digital Marketing,4.4,Finance
GreenLeaf Industries,Cyber Security,3.7,Infrastructure
InteriorHive Enterprises,Web Development,4.5,Finance
InteriorHive Industries,Interior Design,3.7,Design
UrbanCraft Industries,Mobile App Development,3.3,Design
BuildPro Industries,Civil Construction,3.8,Design
VisionTech Group,Mobile App Development,3.5,IT Services
CloudLink Industries,Civil Construction,3.2,Infrastructure
BrightPath Pvt Ltd,Corporate Training,4.4,Finance
AlphaWorks Industries,Financial Consulting,4.0,Finance
FinEdge Solutions,Civil Construction,3.4,Marketing
FinEdge Enterprises,Cyber Security,3.3,IT Services
VisionTech Group,Corporate Training,3.9,Marketing
PrimeLogics Enterprises,Mobile App Development,4.0,Marketing
InteriorHive Industries,Cyber Security,3.9,Marketing
SecureNet Group,Mobile App Development,4.1,IT Services
VisionTech Pvt Ltd,Mobile App Development,3.4,IT Services
MegaBuild Pvt Ltd,Corporate Training,4.1,Marketing
InteriorHive Industries,Cyber Security,3.4,IT Services
NextGen Pvt Ltd,AI/ML Services,4.4,Infrastructure
TechNova Industries,Web Development,3.1,Education
MegaBuild Enterprises,Web Development,4.6,Education
TechNova Enterprises,Digital Marketing,3.7,Finance
SkyHigh Enterprises,Civil Construction,4.4,IT Services
UrbanCraft Industries,Corporate Training,3.1,IT Services
InteriorHive Pvt Ltd,Web Development,4.9,Education
BrightPath Industries,Civil Construction,4.6,IT Services
CyberMatrix Pvt Ltd,Cloud Services,3.3,Finance
InteriorHive Enterprises,Interior Design,3.1,IT Services
NextGen Solutions,Cloud Services,3.5,Design
UrbanCraft Pvt Ltd,Civil Construction,4.6,Design
AdWise Industries,Mobile App Development,4.3,Education
UrbanCraft Pvt Ltd,AI/ML Services,4.4,Finance
MegaBuild Industries,Corporate Training,4.1,Infrastructure
GreenLeaf Group,Financial Consulting,4.2,Education
GreenLeaf Solutions,Digital Marketing,3.4,Education
SecureNet Pvt Ltd,Mobile App Development,4.5,Finance
GreenLeaf Industries,Interior Design,3.5,Finance
UrbanCraft Group,Cloud Services,3.7,Infrastructure
AdWise Group,Corporate Training,3.5,Education
PrimeLogics Pvt Ltd,Civil Construction,3.8,Education
SkyHigh Industries,Mobile App Development,3.1,Finance
CloudLink Solutions,Interior Design,3.2,Education
BrightPath Solutions,Web Development,3.1,Infrastructure
GreenLeaf Pvt Ltd,Financial Consulting,3.2,IT Services
InteriorHive Enterprises,Cyber Security,4.4,Finance
GreenLeaf Group,Financial Consulting,4.6,IT Services
TechNova Solutions,Civil Construction,3.6,Finance
BuildPro Pvt Ltd,Cyber Security,3.8,Education
CyberMatrix Solutions,Web Development,3.2,IT Services
AdWise Pvt Ltd,Cyber Security,4.4,Finance
AdWise Group,Web Development,3.2,Finance
VisionTech Solutions,Digital Marketing,3.6,Infrastructure
MegaBuild Pvt Ltd,Mobile App Development,3.2,Education
CyberMatrix Solutions,Civil Construction,4.8,IT Services
AlphaWorks Industries,Financial Consulting,3.3,IT Services
GreenLeaf Solutions,AI/ML Services,3.7,Design
UrbanCraft Enterprises,Web Development,4.8,Marketing
SecureNet Enterprises,Interior Design,3.6,Marketing
NextGen Enterprises,Cloud Services,4.0,Finance
CyberMatrix Enterprises,Interior Design,4.7,Finance
CloudSphere Pvt Ltd,Cloud Services,4.9,Finance
InteriorHive Industries,Mobile App Development,3.3,Design
MegaBuild Pvt Ltd,Interior Design,3.6,Education
TechNova Group,Digital Marketing,3.8,Design
GreenLeaf Pvt Ltd,Interior Design,3.1,Finance
AdWise Enterprises,Cyber Security,4.5,IT Services
CloudSphere Group,Mobile App Development,4.1,Finance
PrimeLogics Solutions,Civil Construction,4.6,IT Services
TechNova Pvt Ltd,Web Development,3.3,Infrastructure
CoreBuild Group,Civil Construction,4.6,Finance
VisionTech Industries,Corporate Training,3.6,Infrastructure
AlphaWorks Solutions,Web Development,3.7,Design
InteriorHive Industries,Mobile App Development,3.2,IT Services
CoreBuild Enterprises,Interior Design,3.4,Marketing
TechNova Group,Digital Marketing,3.7,Infrastructure
CyberMatrix Pvt Ltd,Financial Consulting,3.8,Infrastructure
AdWise Solutions,Corporate Training,4.4,Finance
GreenLeaf Enterprises,Cyber Security,3.2,Education
BrightPath Group,Web Development,3.7,Infrastructure
PrimeLogics Pvt Ltd,AI/ML Services,4.3,IT Services
CoreBuild Enterprises,Digital Marketing,4.6,Marketing
AdWise Pvt Ltd,Cloud Services,3.0,Education
VisionTech Pvt Ltd,AI/ML Services,3.8,Infrastructure
UrbanCraft Pvt Ltd,Cyber Security,3.8,Design
FinEdge Enterprises,Cloud Services,4.8,Design
CoreBuild Enterprises,Digital Marketing,4.1,IT Services
MegaBuild Group,Interior Design,5.0,Design
GreenLeaf Solutions,AI/ML Services,3.6,Marketing
AdWise Industries,Interior Design,4.2,Finance
BrightPath Solutions,Mobile App Development,3.1,Finance
InteriorHive Pvt Ltd,Mobile App Development,3.4,Finance
MarketGenius Group,Cyber Security,4.2,IT Services
AdWise Group,Civil Construction,3.8,Design
CoreBuild Solutions,Financial Consulting,3.7,Infrastructure
MegaBuild Industries,Cyber Security,3.5,Finance
AdWise Group,Financial Consulting,3.0,IT Services
UrbanCraft Pvt Ltd,Digital Marketing,4.7,Infrastructure
VisionTech Industries,Corporate Training,4.0,IT Services
AlphaWorks Industries,Civil Construction,3.6,Finance
SkyHigh Pvt Ltd,Civil Construction,4.4,Design
BrightPath Solutions,Cloud Services,4.6,Infrastructure
PrimeLogics Group,Civil Construction,4.3,Infrastructure
GreenLeaf Solutions,Financial Consulting,3.1,IT Services
AlphaWorks Solutions,Cloud Services,4.8,Education
PrimeLogics Pvt Ltd,Mobile App Development,3.7,Design
SkyHigh Pvt Ltd,Web Development,3.2,Design
BrightPath Industries,Civil Construction,3.1,Education
AdWise Pvt Ltd,Cyber Security,3.7,Infrastructure
BrightPath Enterprises,Corporate Training,3.1,IT Services
MarketGenius Pvt Ltd,Digital Marketing,4.2,Infrastructure
PrimeLogics Enterprises,Financial Consulting,3.1,Design
PrimeLogics Enterprises,Cloud Services,4.6,Education
SkyHigh Solutions,Cloud Services,4.9,Education
CloudLink Pvt Ltd,Financial Consulting,3.3,Infrastructure
MegaBuild Enterprises,Financial Consulting,4.3,Marketing
TechNova Pvt Ltd,AI/ML Services,3.7,Marketing
MarketGenius Solutions,AI/ML Services,4.9,Marketing
FinEdge Pvt Ltd,Corporate Training,4.3,IT Services
TechNova Pvt Ltd,AI/ML Services,3.2,IT Services
MegaBuild Pvt Ltd,Financial Consulting,3.1,Marketing
CloudSphere Industries,Financial Consulting,3.2,Finance
PrimeLogics Industries,Civil Construction,4.5,Infrastructure
NextGen Group,Interior Design,4.9,Marketing
VisionTech Industries,Web Development,3.7,Marketing
AdWise Pvt Ltd,Corporate Training,3.0,Marketing
CoreBuild Solutions,Civil Construction,3.9,Marketing
CoreBuild Solutions,AI/ML Services,4.3,Finance
VisionTech Group,Cyber Security,4.0,Education
SecureNet Enterprises,AI/ML Services,3.7,Finance
CyberMatrix Industries,Interior Design,3.7,IT Services
BrightPath Pvt Ltd,Cloud Services,4.0,Design
SecureNet Pvt Ltd,Interior Design,4.6,IT Services
CloudSphere Solutions,Web Development,3.7,Education
SkyHigh Solutions,Cloud Services,3.4,Infrastructure
AlphaWorks Solutions,Corporate Training,3.4,Design
UrbanCraft Pvt Ltd,Cyber Security,4.1,Marketing
SkyHigh Pvt Ltd,Mobile App Development,3.5,Marketing
PrimeLogics Industries,Mobile App Development,3.2,Infrastructure
TechNova Solutions,Web Development,3.1,Marketing
SkyHigh Solutions,Digital Marketing,3.8,Marketing
SkyHigh Solutions,Cyber Security,3.3,Marketing
SkyHigh Group,Mobile App Development,4.2,Education
TechNova Enterprises,Cloud Services,4.0,Finance
PrimeLogics Solutions,Interior Design,4.0,Marketing
PrimeLogics Pvt Ltd,Corporate Training,4.1,Design
MarketGenius Solutions,Interior Design,4.6,Marketing
CoreBuild Industries,Cyber Security,4.9,Finance
CloudSphere Industries,Web Development,3.5,Design
FinEdge Industries,Web Development,4.2,Infrastructure
CyberMatrix Solutions,Digital Marketing,3.6,IT Services
VisionTech Industries,Mobile App Development,4.5,Infrastructure
InteriorHive Solutions,Digital Marketing,3.5,Marketing
BrightPath Group,Interior Design,3.8,Marketing
InteriorHive Industries,AI/ML Services,4.1,Design
SkyHigh Industries,Digital Marketing,4.3,Marketing
VisionTech Group,AI/ML Services,3.7,IT Services
NextGen Group,Digital Marketing,4.8,Design
CoreBuild Pvt Ltd,Cyber Security,4.7,Education
CloudLink Enterprises,Digital Marketing,4.9,Marketing
NextGen Enterprises,Corporate Training,3.8,Education
UrbanCraft Industries,Mobile App Development,3.5,Finance
InteriorHive Industries,Financial Consulting,4.1,Design
InteriorHive Enterprises,AI/ML Services,4.0,Design
FinEdge Group,Digital Marketing,3.3,Infrastructure
FinEdge Industries,Interior Design,4.9,Design
BrightPath Pvt Ltd,Web Development,3.8,Finance
MarketGenius Enterprises,Cyber Security,4.5,Education
MarketGenius Group,Mobile App Development,4.4,Education
AlphaWorks Group,Corporate Training,3.7,Marketing
SkyHigh Enterprises,Civil Construction,4.7,Finance
InteriorHive Enterprises,Interior Design,3.4,Finance
CloudSphere Industries,Web Development,4.9,Finance
TechNova Industries,Civil Construction,3.5,Design
SkyHigh Group,Corporate Training,4.5,Design
CloudSphere Industries,Corporate Training,3.7,Design
FinEdge Enterprises,Interior Design,4.6,Infrastructure
AdWise Enterprises,AI/ML Services,4.3,Design
VisionTech Enterprises,Financial Consulting,4.6,Education
CyberMatrix Enterprises,Financial Consulting,4.5,Infrastructure
SecureNet Solutions,AI/ML Services,3.1,IT Services
TechNova Solutions,Cyber Security,4.0,Marketing
MarketGenius Enterprises,Mobile App Development,3.3,Infrastructure
MegaBuild Pvt Ltd,Mobile App Development,4.7,Infrastructure
SecureNet Industries,Civil Construction,3.7,Design
AdWise Group,Cyber Security,4.4,Finance
VisionTech Pvt Ltd,Mobile App Development,4.6,Finance
NextGen Enterprises,Interior Design,3.2,Infrastructure
UrbanCraft Group,Mobile App Development,3.6,Infrastructure
CoreBuild Pvt Ltd,Corporate Training,4.8,Design
MarketGenius Group,Interior Design,3.8,Design
UrbanCraft Pvt Ltd,Mobile App Development,4.8,IT Services
VisionTech Pvt Ltd,Cyber Security,4.5,Marketing
NextGen Solutions,Corporate Training,3.3,Design
TechNova Industries,Cyber Security,3.8,Finance
UrbanCraft Group,Cyber Security,3.3,Infrastructure
CoreBuild Group,Mobile App Development,4.0,Finance
SecureNet Group,Cloud Services,3.1,Design
CloudSphere Industries,Cyber Security,3.6,Finance
CoreBuild Pvt Ltd,Corporate Training,3.8,Infrastructure
CloudSphere Group,Financial Consulting,4.7,Infrastructure
SkyHigh Enterprises,Cyber Security,3.4,Infrastructure
AlphaWorks Industries,Cloud Services,3.7,Infrastructure
AdWise Industries,Financial Consulting,4.4,Infrastructure
BuildPro Solutions,Digital Marketing,3.8,Finance
UrbanCraft Group,Mobile App Development,4.1,Design
AdWise Pvt Ltd,AI/ML Services,4.0,Finance
BrightPath Industries,Financial Consulting,3.5,IT Services
VisionTech Industries,Financial Consulting,4.9,Infrastructure
MarketGenius Group,Cyber Security,4.4,Infrastructure
UrbanCraft Group,Corporate Training,4.4,Design
NextGen Industries,Mobile App Development,3.6,Education
MarketGenius Group,Digital Marketing,4.4,Infrastructure
SkyHigh Group,Financial Consulting,4.6,Education
UrbanCraft Group,Corporate Training,3.9,Infrastructure
UrbanCraft Pvt Ltd,Cloud Services,4.1,Marketing
CloudSphere Enterprises,Mobile App Development,3.0,Infrastructure
AlphaWorks Industries,Cyber Security,3.1,IT Services
AdWise Pvt Ltd,Corporate Training,3.8,Education
NextGen Group,Financial Consulting,3.1,Design
CoreBuild Group,Civil Construction,3.2,IT Services
CloudSphere Solutions,Civil Construction,3.7,Design
NextGen Solutions,Interior Design,3.1,IT Services
TechNova Enterprises,Cyber Security,4.6,IT Services
PrimeLogics Group,Web Development,4.7,IT Services
InteriorHive Enterprises,Mobile App Development,3.3,Infrastructure
UrbanCraft Industries,Civil Construction,4.5,Marketing
SkyHigh Pvt Ltd,Financial Consulting,3.8,Marketing
BuildPro Solutions,Cyber Security,4.4,IT Services
CloudSphere Pvt Ltd,Interior Design,4.4,IT Services
AlphaWorks Industries,Corporate Training,3.7,IT Services
AdWise Enterprises,Interior Design,4.5,Finance
AdWise Enterprises,Cloud Services,3.4,Education
SecureNet Solutions,Mobile App Development,3.0,Design
AlphaWorks Group,Financial Consulting,3.4,Finance
AdWise Pvt Ltd,Financial Consulting,3.9,Design
CoreBuild Solutions,Web Development,3.5,Education
PrimeLogics Enterprises,Interior Design,4.4,Marketing
MegaBuild Enterprises,Digital Marketing,4.7,Design
BrightPath Solutions,Financial Consulting,4.6,Design
CloudLink Enterprises,Civil Construction,3.9,Marketing
InteriorHive Group,Digital Marketing,3.6,IT Services
CloudLink Solutions,Financial Consulting,4.7,Infrastructure
UrbanCraft Industries,Digital Marketing,3.1,Finance
VisionTech Solutions,Mobile App Development,4.1,Finance
MarketGenius Group,Civil Construction,3.6,Marketing
BuildPro Pvt Ltd,AI/ML Services,4.6,Design
AdWise Group,Financial Consulting,4.2,Finance
BuildPro Industries,AI/ML Services,4.8,IT Services
CyberMatrix Solutions,Mobile App Development,4.2,Finance
MarketGenius Industries,Digital Marketing,3.4,IT Services
NextGen Enterprises,Web Development,4.4,Finance
BrightPath Pvt Ltd,Web Development,3.0,Infrastructure
FinEdge Pvt Ltd,Cloud Services,4.0,Finance
SkyHigh Enterprises,Civil Construction,4.4,Marketing
FinEdge Group,Cyber Security,3.1,IT Services
FinEdge Enterprises,AI/ML Services,4.7,Education
CloudSphere Solutions,Cloud Services,3.1,Education
NextGen Pvt Ltd,Interior Design,3.4,Finance
GreenLeaf Solutions,AI/ML Services,4.3,Finance
SkyHigh Group,Interior Design,3.4,Marketing
CyberMatrix Group,Financial Consulting,4.2,Design
BrightPath Enterprises,Financial Consulting,4.8,Marketing
NextGen Pvt Ltd,Cyber Security,4.6,Finance
TechNova Pvt Ltd,AI/ML Services,3.5,Finance
PrimeLogics Industries,Corporate Training,3.4,Education
CoreBuild Group,Civil Construction,5.0,Education
MegaBuild Pvt Ltd,Mobile App Development,3.6,IT Services
CloudSphere Group,Interior Design,3.4,Infrastructure
VisionTech Enterprises,Web Development,4.3,Infrastructure
SecureNet Pvt Ltd,Web Development,4.6,Design
TechNova Group,AI/ML Services,4.5,IT Services
SecureNet Enterprises,Cloud Services,3.9,Infrastructure
GreenLeaf Group,Financial Consulting,4.6,Marketing
MarketGenius Solutions,AI/ML Services,5.0,Infrastructure
MarketGenius Pvt Ltd,Civil Construction,5.0,Education
PrimeLogics Solutions,Web Development,4.4,Design
CyberMatrix Enterprises,Cyber Security,4.5,Finance
BrightPath Solutions,Civil Construction,4.2,Marketing
NextGen Industries,Civil Construction,4.7,Education
NextGen Enterprises,Cyber Security,4.2,Infrastructure
CloudLink Enterprises,Web Development,4.5,IT Services
SecureNet Industries,Interior Design,4.0,Infrastructure
CyberMatrix Industries,Civil Construction,3.8,IT Services
CloudLink Pvt Ltd,Digital Marketing,4.0,Infrastructure
GreenLeaf Pvt Ltd,Digital Marketing,3.4,Education
MegaBuild Group,Mobile App Development,3.8,Finance
MegaBuild Enterprises,Cloud Services,4.1,IT Services
MegaBuild Group,AI/ML Services,3.7,IT Services
TechNova Solutions,Corporate Training,4.4,IT Services
SecureNet Enterprises,Web Development,4.6,IT Services
CloudLink Solutions,Digital Marketing,4.3,Education
SkyHigh Solutions,Corporate Training,4.6,Design
CloudSphere Group,Cyber Security,4.7,Finance
SkyHigh Group,Cloud Services,5.0,Marketing
BuildPro Enterprises,Cloud Services,4.2,Infrastructure
CloudLink Enterprises,Digital Marketing,4.6,IT Services
FinEdge Solutions,Cloud Services,4.1,Infrastructure
CloudSphere Enterprises,Web Development,4.8,IT Services
CloudSphere Solutions,Cyber Security,4.3,Infrastructure
TechNova Enterprises,Civil Construction,4.5,Infrastructure
AlphaWorks Industries,Mobile App Development,3.7,Education
VisionTech Pvt Ltd,AI/ML Services,4.3,Design
CyberMatrix Solutions,Financial Consulting,3.7,Education
CoreBuild Solutions,Interior Design,4.5,Education
VisionTech Solutions,Interior Design,3.2,IT Services
CoreBuild Pvt Ltd,Interior Design,4.1,Education
SecureNet Enterprises,Cloud Services,4.4,Finance
PrimeLogics Solutions,Mobile App Development,3.3,Infrastructure
TechNova Pvt Ltd,Corporate Training,3.6,Education
BrightPath Enterprises,Mobile App Development,3.2,Marketing
CloudLink Group,AI/ML Services,3.1,IT Services
UrbanCraft Solutions,Corporate Training,4.8,Design
NextGen Solutions,Web Development,5.0,Education
UrbanCraft Solutions,Digital Marketing,4.5,IT Services
MegaBuild Enterprises,Financial Consulting,3.4,Marketing
FinEdge Enterprises,Cloud Services,4.7,Marketing
MarketGenius Group,Interior Design,4.9,Education
NextGen Industries,Financial Consulting,4.7,IT Services
InteriorHive Industries,Cloud Services,4.8,Infrastructure
SkyHigh Solutions,Web Development,3.8,Design
NextGen Solutions,Corporate Training,4.4,Education
BuildPro Industries,Mobile App Development,4.6,Marketing
VisionTech Industries,Corporate Training,4.0,Marketing
InteriorHive Solutions,Interior Design,3.9,Finance
InteriorHive Enterprises,Cloud Services,4.8,Design
UrbanCraft Solutions,Corporate Training,3.8,Marketing
GreenLeaf Group,Cyber Security,3.6,IT Services
MarketGenius Industries,Civil Construction,3.4,Design
BrightPath Solutions,AI/ML Services,4.9,Education
AdWise Group,Corporate Training,4.2,Infrastructure
SecureNet Pvt Ltd,Cyber Security,4.9,Marketing
BrightPath Industries,Financial Consulting,3.7,Infrastructure
GreenLeaf Solutions,Civil Construction,3.4,Design
MegaBuild Group,Civil Construction,3.9,Marketing
MegaBuild Industries,Interior Design,4.9,Marketing
UrbanCraft Industries,Cyber Security,3.3,Education
NextGen Pvt Ltd,AI/ML Services,3.3,IT Services
MegaBuild Group,Civil Construction,3.4,IT Services
TechNova Enterprises,Interior Design,3.6,Infrastructure
UrbanCraft Enterprises,AI/ML Services,4.3,Education
VisionTech Pvt Ltd,Interior Design,3.6,Finance
CloudLink Solutions,Corporate Training,3.1,Finance
SecureNet Industries,Cyber Security,3.7,IT Services
BrightPath Group,Web Development,3.3,Finance
TechNova Pvt Ltd,Cyber Security,4.2,Design
BuildPro Solutions,AI/ML Services,4.2,Design
PrimeLogics Industries,Civil Construction,4.1,Design
TechNova Group,Corporate Training,3.8,Marketing
CyberMatrix Industries,Cloud Services,4.6,Design
SecureNet Solutions,Cyber Security,4.8,IT Services
NextGen Solutions,Digital Marketing,3.3,Finance
BrightPath Enterprises,Interior Design,5.0,Design
CoreBuild Solutions,Interior Design,3.1,Finance
NextGen Industries,Cloud Services,4.5,Education
CloudLink Group,Civil Construction,4.3,Design
SkyHigh Pvt Ltd,Civil Construction,4.3,Marketing
MegaBuild Group,Web Development,3.8,Finance
VisionTech Industries,Web Development,3.2,Marketing
CyberMatrix Industries,Interior Design,3.7,Marketing
AdWise Industries,Cyber Security,3.8,Infrastructure
BrightPath Group,Mobile App Development,3.2,Finance
CloudLink Group,Civil Construction,4.7,Marketing
VisionTech Solutions,Cloud Services,3.1,Design
TechNova Group,Financial Consulting,3.5,Education
MarketGenius Solutions,Web Development,4.9,Design
CloudLink Solutions,Civil Construction,3.8,Marketing
UrbanCraft Solutions,Financial Consulting,3.4,Infrastructure
CloudSphere Group,Interior Design,3.7,Marketing
SkyHigh Enterprises,Mobile App Development,3.0,Marketing
BrightPath Group,Civil Construction,3.9,Design
PrimeLogics Industries,Cyber Security,3.9,Infrastructure
InteriorHive Pvt Ltd,Civil Construction,3.0,Marketing
PrimeLogics Solutions,Civil Construction,4.9,IT Services
PrimeLogics Pvt Ltd,Mobile App Development,3.7,Finance
MegaBuild Solutions,AI/ML Services,3.5,Education
FinEdge Solutions,Cloud Services,3.0,IT Services
CloudSphere Solutions,Cyber Security,3.7,IT Services
InteriorHive Industries,AI/ML Services,3.1,Infrastructure
BuildPro Pvt Ltd,Financial Consulting,4.3,Marketing
BrightPath Industries,Mobile App Development,3.6,Education
AdWise Enterprises,Cloud Services,4.4,Infrastructure
AlphaWorks Solutions,Financial Consulting,3.5,Education
CloudSphere Pvt Ltd,Web Development,3.9,Infrastructure
FinEdge Enterprises,Financial Consulting,3.0,Infrastructure
FinEdge Group,Financial Consulting,5.0,IT Services
InteriorHive Group,Civil Construction,4.0,Finance
BrightPath Industries,Cyber Security,3.3,Education
BrightPath Group,Financial Consulting,4.5,Marketing
VisionTech Enterprises,Digital Marketing,4.2,Marketing
BuildPro Pvt Ltd,Civil Construction,4.5,IT Services
BuildPro Industries,Digital Marketing,4.7,Marketing
VisionTech Industries,Interior Design,3.9,IT Services
VisionTech Group,AI/ML Services,3.2,IT Services
SkyHigh Pvt Ltd,Interior Design,3.8,Marketing
AdWise Group,Cloud Services,4.0,Design
CloudLink Enterprises,Cloud Services,4.9,Marketing
InteriorHive Group,Web Development,4.1,Infrastructure
MegaBuild Group,Cyber Security,4.6,IT Services
VisionTech Group,Corporate Training,5.0,Education
SkyHigh Group,Digital Marketing,4.3,Infrastructure
AlphaWorks Pvt Ltd,Financial Consulting,3.8,Finance
BrightPath Industries,Civil Construction,4.4,Finance
CyberMatrix Pvt Ltd,Civil Construction,3.9,Design
UrbanCraft Group,Cloud Services,4.4,Education
MegaBuild Enterprises,AI/ML Services,4.7,Marketing
BuildPro Pvt Ltd,Digital Marketing,3.6,Finance
MegaBuild Industries,Financial Consulting,4.4,Infrastructure
CloudLink Pvt Ltd,Civil Construction,3.0,Finance
MarketGenius Solutions,Digital Marketing,4.0,Design
PrimeLogics Enterprises,Mobile App Development,3.7,Design
AdWise Solutions,Interior Design,4.1,Marketing
SkyHigh Enterprises,Corporate Training,3.3,Education
FinEdge Industries,Interior Design,4.4,Design
TechNova Group,AI/ML Services,3.0,Finance
CoreBuild Industries,Interior Design,4.1,Finance
NextGen Pvt Ltd,AI/ML Services,4.2,Finance
CloudSphere Pvt Ltd,Mobile App Development,3.7,Infrastructure
InteriorHive Enterprises,Digital Marketing,3.2,Education
CyberMatrix Industries,Cloud Services,5.0,Finance
PrimeLogics Pvt Ltd,Web Development,3.2,Marketing
CloudSphere Industries,Web Development,3.5,Finance
GreenLeaf Solutions,AI/ML Services,3.9,Education
TechNova Solutions,Corporate Training,3.7,Marketing
VisionTech Group,Financial Consulting,4.1,IT Services
CloudLink Solutions,Cyber Security,5.0,Design
NextGen Pvt Ltd,Mobile App Development,3.5,Education
UrbanCraft Pvt Ltd,Mobile App Development,4.8,Marketing
AlphaWorks Industries,Web Development,4.9,Marketing
CoreBuild Pvt Ltd,Corporate Training,4.3,Design
CoreBuild Pvt Ltd,Mobile App Development,4.9,Finance
CoreBuild Enterprises,Web Development,4.8,Finance
AlphaWorks Group,Cyber Security,4.3,IT Services
GreenLeaf Industries,AI/ML Services,4.5,Marketing
PrimeLogics Enterprises,Mobile App Development,3.1,IT Services
MarketGenius Industries,Interior Design,4.6,IT Services
BuildPro Enterprises,Cyber Security,3.1,Finance
CoreBuild Pvt Ltd,Interior Design,3.0,Finance
TechNova Industries,Digital Marketing,4.3,Finance
MegaBuild Solutions,Cloud Services,3.5,Marketing
TechNova Industries,Interior Design,4.7,Infrastructure
SkyHigh Industries,Mobile App Development,4.9,IT Services
MarketGenius Enterprises,Interior Design,3.8,Finance
TechNova Enterprises,AI/ML Services,4.1,Finance
CloudSphere Industries,Corporate Training,3.1,Marketing
VisionTech Solutions,Financial Consulting,3.6,IT Services
AdWise Industries,Cyber Security,3.6,IT Services
VisionTech Enterprises,Digital Marketing,3.6,IT Services
UrbanCraft Industries,Cyber Security,4.9,Design
GreenLeaf Enterprises,Digital Marketing,4.7,Marketing
CloudSphere Group,Cloud Services,3.9,Marketing
BrightPath Industries,Interior Design,4.4,Finance
AlphaWorks Industries,Cyber Security,3.1,Marketing
NextGen Industries,Financial Consulting,3.2,Finance
NextGen Enterprises,Corporate Training,4.5,Infrastructure
SkyHigh Industries,Mobile App Development,3.1,Education
TechNova Industries,Mobile App Development,5.0,Finance
AlphaWorks Solutions,Web Development,4.3,Education
CyberMatrix Pvt Ltd,Civil Construction,4.8,Finance
SkyHigh Group,Digital Marketing,4.7,Design
AdWise Solutions,Financial Consulting,4.7,Finance
AlphaWorks Industries,Corporate Training,4.7,Design
PrimeLogics Pvt Ltd,Cloud Services,3.4,Finance
MegaBuild Pvt Ltd,Interior Design,4.1,IT Services
UrbanCraft Group,Digital Marketing,4.3,Finance
UrbanCraft Industries,Interior Design,3.2,Design
PrimeLogics Solutions,Civil Construction,3.4,Education
SecureNet Solutions,Web Development,3.2,Finance
CyberMatrix Solutions,Cyber Security,4.3,Design
GreenLeaf Industries,Cloud Services,4.2,Education
BrightPath Pvt Ltd,Cyber Security,4.6,Finance
UrbanCraft Solutions,Interior Design,3.9,Infrastructure
FinEdge Pvt Ltd,AI/ML Services,3.3,Education
NextGen Enterprises,Cloud Services,4.0,Education
BuildPro Solutions,Civil Construction,4.2,Design
CoreBuild Industries,Corporate Training,4.7,IT Services
TechNova Enterprises,Web Development,3.1,Finance
VisionTech Solutions,Web Development,3.6,Design
CloudLink Group,AI/ML Services,3.4,Finance
CyberMatrix Industries,Civil Construction,4.0,Finance
MarketGenius Enterprises,Civil Construction,4.4,IT Services
AdWise Enterprises,Web Development,3.8,Finance
MegaBuild Enterprises,Cyber Security,4.2,Design
SecureNet Group,Interior Design,4.0,IT Services
CloudLink Pvt Ltd,Mobile App Development,3.9,Design
GreenLeaf Industries,Corporate Training,3.4,Design
AdWise Group,Cloud Services,3.8,Marketing
MarketGenius Industries,Cloud Services,3.0,Design
SecureNet Solutions,Interior Design,3.8,Infrastructure
MarketGenius Industries,Cyber Security,3.4,Marketing
GreenLeaf Solutions,Cloud Services,3.9,Marketing
BuildPro Industries,AI/ML Services,4.3,IT Services
SkyHigh Solutions,Mobile App Development,4.8,Education
SecureNet Industries,Cloud Services,3.9,Infrastructure
PrimeLogics Solutions,Financial Consulting,4.4,Infrastructure
InteriorHive Enterprises,Cyber Security,3.5,Finance
TechNova Pvt Ltd,Financial Consulting,3.8,Infrastructure
SkyHigh Group,Mobile App Development,3.9,Marketing
AdWise Solutions,Corporate Training,4.4,Education
FinEdge Group,Digital Marketing,3.1,Marketing
VisionTech Group,Interior Design,4.9,Finance
CloudSphere Solutions,Civil Construction,3.7,Finance
MegaBuild Group,Mobile App Development,4.2,Education
FinEdge Industries,Corporate Training,3.8,Marketing
CloudLink Solutions,AI/ML Services,4.3,Finance
UrbanCraft Group,Web Development,3.5,Marketing
CyberMatrix Solutions,Digital Marketing,3.4,Design
FinEdge Industries,Digital Marketing,4.1,Marketing
TechNova Pvt Ltd,AI/ML Services,4.4,Finance
TechNova Industries,Mobile App Development,4.8,Marketing
GreenLeaf Industries,Interior Design,4.7,Infrastructure
NextGen Group,Financial Consulting,4.8,Marketing
CloudLink Group,Cloud Services,4.8,IT Services
TechNova Industries,Mobile App Development,4.3,IT Services
PrimeLogics Industries,Civil Construction,4.3,Finance
UrbanCraft Group,Cloud Services,3.2,Marketing
CoreBuild Group,Corporate Training,3.6,IT Services
VisionTech Industries,Web Development,4.4,Finance
VisionTech Solutions,Mobile App Development,3.4,Infrastructure
SkyHigh Pvt Ltd,Civil Construction,4.1,Finance
AlphaWorks Industries,Interior Design,5.0,IT Services
VisionTech Industries,Corporate Training,3.2,Design
CyberMatrix Industries,Cyber Security,4.1,Infrastructure
TechNova Industries,Corporate Training,3.7,Marketing
GreenLeaf Pvt Ltd,Civil Construction,3.0,Design
CloudSphere Pvt Ltd,AI/ML Services,3.7,Education
SecureNet Pvt Ltd,Cloud Services,4.7,Education
CloudLink Solutions,Corporate Training,3.6,Education
TechNova Industries,Corporate Training,3.2,IT Services
AlphaWorks Pvt Ltd,Corporate Training,4.1,IT Services
CloudSphere Solutions,Cyber Security,3.4,Infrastructure
VisionTech Solutions,Digital Marketing,3.1,Marketing
GreenLeaf Enterprises,Cloud Services,3.7,Marketing
BrightPath Enterprises,Cyber Security,4.0,Education
CloudSphere Industries,Cyber Security,3.3,Education
CoreBuild Pvt Ltd,Corporate Training,3.1,IT Services
BuildPro Pvt Ltd,Mobile App Development,4.4,Education
MegaBuild Group,AI/ML Services,3.7,Marketing
VisionTech Enterprises,AI/ML Services,3.8,Marketing
NextGen Industries,AI/ML Services,4.8,IT Services
NextGen Pvt Ltd,Civil Construction,4.9,IT Services
AdWise Enterprises,Digital Marketing,5.0,Design
VisionTech Enterprises,AI/ML Services,4.7,IT Services
MarketGenius Group,Digital Marketing,3.3,IT Services
PrimeLogics Enterprises,Digital Marketing,3.2,Education
AlphaWorks Pvt Ltd,Digital Marketing,4.9,Design
GreenLeaf Group,Cyber Security,3.7,Design
CoreBuild Group,Financial Consulting,3.3,Design
CoreBuild Industries,AI/ML Services,4.0,Finance
PrimeLogics Enterprises,Web Development,4.0,Education
UrbanCraft Enterprises,Cyber Security,3.1,Finance
UrbanCraft Solutions,Digital Marketing,3.1,IT Services
CyberMatrix Enterprises,Civil Construction,4.0,Infrastructure
CloudSphere Enterprises,Digital Marketing,4.4,IT Services
VisionTech Enterprises,Financial Consulting,4.7,Infrastructure
NextGen Solutions,Mobile App Development,4.5,Education
CloudLink Enterprises,Mobile App Development,4.8,IT Services
InteriorHive Industries,Digital Marketing,4.8,Design
TechNova Group,Mobile App Development,4.4,Design
InteriorHive Solutions,Financial Consulting,3.5,Marketing
NextGen Pvt Ltd,Web Development,3.3,IT Services
BrightPath Pvt Ltd,Civil Construction,3.6,IT Services
AdWise Solutions,Civil Construction,3.7,Marketing
TechNova Group,Web Development,4.0,Infrastructure
BuildPro Enterprises,Interior Design,4.8,IT Services
CloudLink Pvt Ltd,Cyber Security,4.3,IT Services
MegaBuild Solutions,Digital Marketing,3.7,Design
CyberMatrix Pvt Ltd,Cyber Security,3.9,Marketing
FinEdge Pvt Ltd,AI/ML Services,4.6,Finance
UrbanCraft Solutions,Corporate Training,4.3,Design
AdWise Group,Digital Marketing,4.6,Finance
BuildPro Pvt Ltd,Financial Consulting,3.5,Design
FinEdge Group,Mobile App Development,4.7,Finance
SecureNet Solutions,Financial Consulting,3.9,Finance
BuildPro Pvt Ltd,Financial Consulting,4.4,Design
NextGen Group,Interior Design,3.1,Design
GreenLeaf Group,Cyber Security,3.6,Marketing
NextGen Group,AI/ML Services,3.7,IT Services
NextGen Group,Cloud Services,3.1,Finance
FinEdge Group,AI/ML Services,3.2,IT Services
FinEdge Group,Interior Design,4.5,Infrastructure
CyberMatrix Solutions,Mobile App Development,4.8,IT Services
PrimeLogics Pvt Ltd,Web Development,3.5,Finance
SecureNet Industries,AI/ML Services,3.2,Finance
InteriorHive Enterprises,Cyber Security,3.2,Marketing
SecureNet Pvt Ltd,Cyber Security,4.4,Marketing
UrbanCraft Industries,Web Development,4.1,Education
MegaBuild Industries,Interior Design,4.4,Marketing
SkyHigh Group,Cloud Services,3.5,IT Services
BrightPath Industries,Civil Construction,4.9,Education
BrightPath Enterprises,Corporate Training,4.9,Infrastructure
SkyHigh Solutions,Mobile App Development,3.2,Design
TechNova Group,Mobile App Development,4.9,Finance
CyberMatrix Enterprises,Digital Marketing,4.3,Infrastructure
MarketGenius Solutions,Financial Consulting,3.9,IT Services
BuildPro Solutions,Corporate Training,4.0,Education
CloudLink Industries,Civil Construction,4.8,IT Services
VisionTech Enterprises,Web Development,3.2,Infrastructure
GreenLeaf Industries,Mobile App Development,3.2,Marketing
SecureNet Solutions,Cyber Security,4.8,Marketing
MegaBuild Pvt Ltd,AI/ML Services,4.4,IT Services
AdWise Pvt Ltd,Mobile App Development,4.4,Infrastructure
BrightPath Pvt Ltd,Mobile App Development,3.2,Marketing
NextGen Pvt Ltd,AI/ML Services,4.7,Education
MegaBuild Solutions,Mobile App Development,4.8,Infrastructure
AdWise Industries,Cyber Security,4.3,Design
MegaBuild Solutions,Corporate Training,3.8,Design
GreenLeaf Pvt Ltd,Digital Marketing,4.7,Finance
CoreBuild Industries,AI/ML Services,3.3,IT Services
MarketGenius Group,AI/ML Services,4.9,Infrastructure
AdWise Pvt Ltd,AI/ML Services,3.6,Education
SkyHigh Enterprises,Cloud Services,4.2,Design
AdWise Group,Web Development,3.8,IT Services
MegaBuild Industries,Mobile App Development,3.6,Design
VisionTech Enterprises,Corporate Training,3.1,Design
CloudSphere Group,Interior Design,3.2,Marketing
CloudSphere Group,Mobile App Development,4.7,Marketing
VisionTech Group,Financial Consulting,3.8,Design
SkyHigh Industries,AI/ML Services,3.8,Education
BrightPath Pvt Ltd,Financial Consulting,4.1,Infrastructure
SecureNet Group,Interior Design,3.9,Finance
PrimeLogics Pvt Ltd,Mobile App Development,3.2,Finance
CloudSphere Solutions,Financial Consulting,3.2,Finance
CoreBuild Group,Civil Construction,3.0,Finance
MarketGenius Group,Financial Consulting,3.0,Marketing
CoreBuild Enterprises,Civil Construction,4.1,Education
UrbanCraft Industries,Financial Consulting,4.5,Design
CloudSphere Industries,Web Development,3.4,Infrastructure
CyberMatrix Industries,Cloud Services,4.6,Finance
VisionTech Industries,Corporate Training,3.4,Marketing
TechNova Enterprises,Interior Design,4.1,Finance
FinEdge Group,Corporate Training,3.5,Design
CoreBuild Group,Corporate Training,3.9,Design
CloudSphere Group,Cloud Services,4.6,Finance
AlphaWorks Group,Mobile App Development,4.2,IT Services
NextGen Group,Civil Construction,4.3,IT Services
FinEdge Enterprises,AI/ML Services,4.8,Infrastructure
CoreBuild Enterprises,Civil Construction,3.2,Finance
UrbanCraft Enterprises,Web Development,4.6,Education
CloudSphere Group,Corporate Training,4.5,IT Services
MegaBuild Solutions,Interior Design,4.5,IT Services
CloudSphere Industries,Civil Construction,4.1,Marketing
SkyHigh Group,Interior Design,3.2,Finance
SkyHigh Industries,Civil Construction,3.0,Marketing
TechNova Enterprises,AI/ML Services,3.7,Finance
FinEdge Group,Mobile App Development,3.0,Infrastructure
TechNova Solutions,Cyber Security,3.2,Finance
FinEdge Enterprises,Corporate Training,4.3,Finance
PrimeLogics Pvt Ltd,Civil Construction,4.8,Marketing
CyberMatrix Industries,Cloud Services,4.9,Design
BuildPro Enterprises,Web Development,3.5,Finance
NextGen Pvt Ltd,Digital Marketing,3.2,Marketing
BrightPath Group,Interior Design,4.6,IT Services
CyberMatrix Solutions,Cyber Security,3.0,Education
CloudSphere Pvt Ltd,Web Development,4.4,Finance
AdWise Industries,Cyber Security,3.7,Design
UrbanCraft Industries,Cyber Security,4.1,Finance
BrightPath Enterprises,Cloud Services,4.2,Infrastructure
CloudSphere Pvt Ltd,AI/ML Services,3.8,IT Services
PrimeLogics Group,Web Development,4.8,Design
MarketGenius Group,Web Development,4.8,Marketing
SecureNet Group,Web Development,3.8,IT Services
NextGen Solutions,Interior Design,3.2,Design
GreenLeaf Group,Corporate Training,3.7,Education
AdWise Group,Financial Consulting,3.3,Education
AdWise Group,Financial Consulting,4.2,Education
InteriorHive Group,Web Development,3.6,Design
GreenLeaf Enterprises,Mobile App Development,4.6,Design
NextGen Enterprises,Mobile App Development,4.6,Infrastructure
TechNova Pvt Ltd,Cyber Security,3.5,Marketing
MegaBuild Industries,Corporate Training,3.8,Education
PrimeLogics Enterprises,Cyber Security,4.7,Infrastructure
BrightPath Industries,AI/ML Services,4.0,Marketing
VisionTech Solutions,Mobile App Development,3.2,Finance
CoreBuild Enterprises,Interior Design,4.9,Infrastructure
AdWise Enterprises,Financial Consulting,4.8,Finance
BrightPath Industries,Cyber Security,4.0,Infrastructure
MarketGenius Industries,Interior Design,4.1,IT Services
TechNova Pvt Ltd,Financial Consulting,4.0,Finance
CloudSphere Industries,Interior Design,4.5,Infrastructure
SecureNet Group,Financial Consulting,3.4,Finance
NextGen Industries,Mobile App Development,3.5,IT Services
NextGen Enterprises,Cyber Security,4.0,Finance
BrightPath Solutions,Cyber Security,4.2,Education
AdWise Industries,Digital Marketing,3.6,Marketing
TechNova Group,Cloud Services,4.8,IT Services
PrimeLogics Enterprises,Interior Design,3.5,Marketing
TechNova Pvt Ltd,Cloud Services,4.1,Infrastructure
NextGen Solutions,Cyber Security,4.7,Marketing
PrimeLogics Solutions,Corporate Training,4.8,IT Services
AdWise Industries,Cyber Security,3.1,IT Services
BrightPath Industries,Civil Construction,3.7,Marketing
UrbanCraft Industries,Digital Marketing,3.9,Infrastructure
UrbanCraft Solutions,Digital Marketing,3.9,Finance
PrimeLogics Pvt Ltd,Cyber Security,3.1,IT Services
InteriorHive Industries,Web Development,4.9,Finance
GreenLeaf Industries,Civil Construction,4.2,Infrastructure
PrimeLogics Industries,Financial Consulting,3.2,Finance
InteriorHive Group,Web Development,4.4,Marketing
GreenLeaf Solutions,Cloud Services,3.5,Design
BuildPro Solutions,Cloud Services,3.7,Education
MegaBuild Solutions,Civil Construction,3.1,Finance
NextGen Group,Civil Construction,3.3,Education
CoreBuild Group,Cyber Security,3.1,Design
TechNova Enterprises,Civil Construction,4.3,Finance
CloudLink Industries,Interior Design,3.8,Education
SecureNet Enterprises,AI/ML Services,4.2,IT Services
UrbanCraft Enterprises,Corporate Training,3.4,Finance
AlphaWorks Group,Web Development,4.7,Education
BrightPath Enterprises,AI/ML Services,3.6,Finance
CyberMatrix Solutions,Cyber Security,4.2,Infrastructure
CloudSphere Pvt Ltd,Civil Construction,4.4,IT Services
BuildPro Industries,Financial Consulting,4.8,IT Services
FinEdge Enterprises,Digital Marketing,3.5,Finance
SkyHigh Solutions,Digital Marketing,4.9,IT Services
PrimeLogics Group,Interior Design,4.9,Infrastructure
MegaBuild Solutions,Corporate Training,4.4,IT Services
CoreBuild Industries,Interior Design,4.7,IT Services
UrbanCraft Pvt Ltd,AI/ML Services,4.7,Infrastructure
SecureNet Group,Interior Design,4.0,Marketing
BuildPro Enterprises,Civil Construction,3.9,IT Services
UrbanCraft Industries,Cloud Services,3.4,Infrastructure
MegaBuild Enterprises,Cloud Services,4.2,Design
PrimeLogics Group,Corporate Training,4.5,Infrastructure
CyberMatrix Solutions,Corporate Training,4.4,Infrastructure
AdWise Enterprises,Web Development,3.3,Finance
InteriorHive Group,Digital Marketing,3.1,Marketing
InteriorHive Group,Cloud Services,3.1,Infrastructure
SkyHigh Solutions,Cloud Services,4.5,IT Services
UrbanCraft Enterprises,Digital Marketing,3.6,Education
BrightPath Group,Financial Consulting,4.8,Education
FinEdge Pvt Ltd,Civil Construction,3.9,IT Services
BrightPath Enterprises,Financial Consulting,3.4,Marketing
BuildPro Group,AI/ML Services,4.0,Finance
InteriorHive Enterprises,Mobile App Development,4.6,Infrastructure
MegaBuild Industries,Financial Consulting,4.7,Marketing
BuildPro Industries,AI/ML Services,4.3,Marketing
TechNova Industries,Mobile App Development,3.4,Infrastructure
CloudSphere Group,Interior Design,3.0,Design
FinEdge Solutions,Web Development,3.5,Marketing
CloudSphere Solutions,Corporate Training,4.2,Finance
CoreBuild Enterprises,Web Development,3.6,Marketing
FinEdge Group,Cloud Services,3.1,Marketing
InteriorHive Industries,AI/ML Services,4.7,IT Services
SecureNet Industries,Cloud Services,3.4,Infrastructure
PrimeLogics Group,Financial Consulting,4.2,Education
InteriorHive Pvt Ltd,Mobile App Development,3.8,IT Services
CloudSphere Solutions,Civil Construction,3.2,Finance
CoreBuild Enterprises,Web Development,3.1,IT Services
SecureNet Enterprises,Cloud Services,4.4,Education
SkyHigh Enterprises,Mobile App Development,3.6,Infrastructure
NextGen Enterprises,Mobile App Development,4.9,IT Services
PrimeLogics Pvt Ltd,AI/ML Services,3.4,Infrastructure
CyberMatrix Group,Web Development,3.3,Education
AdWise Enterprises,Financial Consulting,3.1,IT Services
CloudLink Group,Cloud Services,4.8,Marketing
NextGen Solutions,Financial Consulting,3.8,Finance
MarketGenius Industries,Financial Consulting,5.0,Infrastructure
FinEdge Solutions,Cyber Security,3.1,Marketing
FinEdge Solutions,Digital Marketing,3.1,Marketing
AlphaWorks Solutions,Interior Design,3.4,Infrastructure
SkyHigh Pvt Ltd,Web Development,4.6,Infrastructure
InteriorHive Enterprises,Civil Construction,3.0,Infrastructure
FinEdge Solutions,Mobile App Development,4.3,Infrastructure
UrbanCraft Group,Web Development,4.4,Education
CloudSphere Group,Interior Design,3.5,Finance
CoreBuild Enterprises,Corporate Training,3.4,Design
AlphaWorks Solutions,Civil Construction,3.9,Design
CloudLink Enterprises,Cloud Services,3.2,Infrastructure
FinEdge Enterprises,Corporate Training,5.0,Finance
PrimeLogics Enterprises,Cyber Security,3.6,IT Services
CoreBuild Pvt Ltd,Corporate Training,3.1,Marketing
UrbanCraft Group,Financial Consulting,4.9,Finance
FinEdge Solutions,Corporate Training,3.7,Marketing
TechNova Group,Civil Construction,4.3,Design
SecureNet Solutions,Civil Construction,3.1,IT Services
MegaBuild Solutions,Web Development,3.6,Design
FinEdge Solutions,Mobile App Development,4.4,Finance
VisionTech Group,Web Development,3.9,Education
NextGen Industries,Corporate Training,3.8,Finance
CloudLink Group,Financial Consulting,3.6,Infrastructure
CloudLink Enterprises,Digital Marketing,4.1,Infrastructure
CloudLink Enterprises,Interior Design,3.5,Finance
AdWise Pvt Ltd,Corporate Training,4.1,Finance
VisionTech Solutions,Corporate Training,3.2,Marketing
NextGen Solutions,AI/ML Services,3.6,Design
GreenLeaf Enterprises,AI/ML Services,3.1,Design
CoreBuild Industries,Cloud Services,4.5,Marketing
PrimeLogics Pvt Ltd,Corporate Training,3.7,Education
BuildPro Industries,Mobile App Development,4.7,Finance
SkyHigh Industries,Interior Design,4.0,Infrastructure
AlphaWorks Solutions,Mobile App Development,4.5,Education
BuildPro Industries,Interior Design,3.5,IT Services
CoreBuild Enterprises,Interior Design,4.2,IT Services
BrightPath Pvt Ltd,Corporate Training,4.5,Infrastructure
UrbanCraft Enterprises,Cloud Services,4.8,Infrastructure
UrbanCraft Industries,Civil Construction,4.3,Education
NextGen Enterprises,Digital Marketing,4.7,Design
InteriorHive Industries,AI/ML Services,3.7,Education
PrimeLogics Solutions,Cyber Security,3.8,Infrastructure
SecureNet Group,Civil Construction,3.4,Finance
AlphaWorks Enterprises,Corporate Training,4.6,Design
MegaBuild Industries,Cyber Security,4.2,Infrastructure
CyberMatrix Industries,Web Development,3.4,IT Services
TechNova Enterprises,Digital Marketing,4.8,Design
AdWise Group,Web Development,3.9,Design
SkyHigh Solutions,Web Development,3.2,Marketing
CoreBuild Industries,Financial Consulting,3.4,Design
SkyHigh Group,Cloud Services,3.5,Marketing
MarketGenius Pvt Ltd,AI/ML Services,3.1,IT Services
TechNova Enterprises,Digital Marketing,3.0,Finance
CyberMatrix Industries,Cyber Security,4.0,Design
CoreBuild Pvt Ltd,Financial Consulting,4.6,Design
PrimeLogics Industries,Civil Construction,3.2,Finance
PrimeLogics Industries,Web Development,4.3,Design
BrightPath Solutions,AI/ML Services,4.3,IT Services
MegaBuild Enterprises,Digital Marketing,4.9,Education
GreenLeaf Industries,Interior Design,4.6,Design
BrightPath Pvt Ltd,Cloud Services,3.9,Infrastructure
BrightPath Solutions,Financial Consulting,4.8,Education
CyberMatrix Industries,Cyber Security,3.0,IT Services
CoreBuild Pvt Ltd,Financial Consulting,4.5,Infrastructure
InteriorHive Enterprises,Corporate Training,4.8,Marketing
BuildPro Group,Interior Design,4.1,Finance
CloudLink Enterprises,Web Development,3.4,IT Services
CloudLink Industries,Cloud Services,4.3,Education
AdWise Industries,Mobile App Development,4.5,Design
BrightPath Pvt Ltd,Financial Consulting,3.8,Finance
UrbanCraft Industries,Financial Consulting,3.6,Design
BuildPro Group,Financial Consulting,4.6,Education
CloudLink Industries,Web Development,4.1,Marketing
VisionTech Industries,Interior Design,4.9,Design
AlphaWorks Industries,AI/ML Services,3.6,Infrastructure
SecureNet Industries,Digital Marketing,4.1,IT Services
GreenLeaf Solutions,Digital Marketing,3.6,Design
FinEdge Group,Civil Construction,4.8,Infrastructure
GreenLeaf Enterprises,Financial Consulting,4.8,Design
InteriorHive Solutions,Digital Marketing,4.9,Design
InteriorHive Group,Cyber Security,4.3,Education
InteriorHive Industries,Civil Construction,3.9,Education
CoreBuild Solutions,Corporate Training,4.0,Finance
CloudSphere Industries,Mobile App Development,3.9,Education
MarketGenius Solutions,Civil Construction,4.6,Design
PrimeLogics Pvt Ltd,Mobile App Development,4.9,Infrastructure
CoreBuild Pvt Ltd,Digital Marketing,3.3,Education
SkyHigh Pvt Ltd,Web Development,4.4,Marketing
MarketGenius Pvt Ltd,Civil Construction,4.3,Design
CloudLink Enterprises,Cloud Services,3.5,IT Services
UrbanCraft Industries,AI/ML Services,4.0,Design
SecureNet Group,AI/ML Services,3.9,Education
FinEdge Enterprises,AI/ML Services,3.9,Marketing
AlphaWorks Industries,AI/ML Services,4.1,Design
SecureNet Group,Interior Design,3.4,Finance
MarketGenius Enterprises,Mobile App Development,3.4,Education
SkyHigh Pvt Ltd,Digital Marketing,4.1,Design
NextGen Enterprises,Civil Construction,3.3,Finance
AdWise Group,Mobile App Development,3.2,Infrastructure
UrbanCraft Pvt Ltd,Mobile App Development,3.5,Design
CyberMatrix Solutions,Web Development,4.4,Education
TechNova Pvt Ltd,Financial Consulting,4.5,Education
TechNova Industries,Digital Marketing,4.3,Education
PrimeLogics Industries,Corporate Training,4.5,Design
VisionTech Enterprises,AI/ML Services,3.6,Marketing
AdWise Group,Digital Marketing,3.4,Marketing
AlphaWorks Industries,AI/ML Services,4.0,IT Services
AlphaWorks Enterprises,Financial Consulting,3.8,IT Services
MarketGenius Group,Mobile App Development,3.0,Education
MegaBuild Group,Corporate Training,4.8,Design
AlphaWorks Group,Cyber Security,4.4,Design
CoreBuild Pvt Ltd,Civil Construction,4.2,Marketing
CloudLink Industries,Digital Marketing,4.3,Finance
AdWise Industries,Cloud Services,4.8,Finance
BuildPro Solutions,Digital Marketing,4.2,Education
MarketGenius Pvt Ltd,Cloud Services,4.2,Education
BuildPro Group,Mobile App Development,4.9,Infrastructure
AlphaWorks Industries,Corporate Training,3.5,Finance
AlphaWorks Industries,Corporate Training,4.4,Finance
CloudLink Group,Cyber Security,3.0,Infrastructure
FinEdge Industries,Cyber Security,4.2,Design
CloudSphere Group,Interior Design,4.5,IT Services
InteriorHive Pvt Ltd,Digital Marketing,3.2,Infrastructure
SkyHigh Pvt Ltd,Mobile App Development,4.3,Marketing
BuildPro Enterprises,Mobile App Development,3.3,Design
TechNova Solutions,Mobile App Development,3.3,Infrastructure
PrimeLogics Solutions,Cloud Services,4.8,Design
InteriorHive Enterprises,Cloud Services,3.6,IT Services
BuildPro Solutions,AI/ML Services,3.6,Design
PrimeLogics Solutions,Cloud Services,3.8,Infrastructure
TechNova Industries,AI/ML Services,3.6,Marketing
AdWise Group,Interior Design,3.5,Marketing
MegaBuild Industries,Cyber Security,4.5,IT Services
CoreBuild Solutions,Corporate Training,4.3,Design
TechNova Solutions,Financial Consulting,3.5,Education
AdWise Industries,Financial Consulting,4.0,Education
MarketGenius Enterprises,AI/ML Services,3.4,IT Services
PrimeLogics Pvt Ltd,Civil Construction,4.3,Marketing
TechNova Enterprises,Cyber Security,3.2,IT Services
CloudLink Industries,Digital Marketing,3.2,Design
BrightPath Group,Interior Design,4.1,IT Services
UrbanCraft Pvt Ltd,Cyber Security,3.5,Education
CoreBuild Solutions,Cyber Security,4.4,Infrastructure
GreenLeaf Enterprises,Digital Marketing,3.3,IT Services
AdWise Industries,Web Development,4.4,IT Services
PrimeLogics Enterprises,Cyber Security,4.3,Design
UrbanCraft Enterprises,Corporate Training,4.7,IT Services
FinEdge Solutions,Financial Consulting,3.6,IT Services
TechNova Industries,Cyber Security,4.5,Marketing
BuildPro Solutions,AI/ML Services,3.5,Marketing
GreenLeaf Enterprises,Corporate Training,3.1,Design
SecureNet Enterprises,AI/ML Services,4.8,Design
CloudSphere Pvt Ltd,Financial Consulting,4.7,Marketing
MarketGenius Enterprises,AI/ML Services,4.3,Marketing
CloudSphere Industries,Financial Consulting,3.3,IT Services
BuildPro Enterprises,Mobile App Development,3.8,Finance
VisionTech Group,Interior Design,4.9,Education
CoreBuild Enterprises,Mobile App Development,3.7,Finance
BrightPath Enterprises,AI/ML Services,4.5,Education
TechNova Pvt Ltd,Cyber Security,3.0,Marketing
AlphaWorks Industries,Civil Construction,4.1,IT Services
InteriorHive Pvt Ltd,Corporate Training,3.3,Marketing
BrightPath Solutions,Financial Consulting,3.2,Design
CloudLink Group,Corporate Training,5.0,Infrastructure
MarketGenius Enterprises,Cloud Services,3.6,Education
CloudSphere Industries,Interior Design,4.0,Infrastructure
FinEdge Industries,Civil Construction,4.3,Design
CloudLink Industries,Cyber Security,3.1,Marketing
AdWise Industries,Cloud Services,3.6,Marketing
MegaBuild Pvt Ltd,Interior Design,4.7,Finance
VisionTech Solutions,Financial Consulting,3.1,Infrastructure
TechNova Pvt Ltd,AI/ML Services,4.4,Education
AdWise Industries,Digital Marketing,3.1,Marketing
TechNova Industries,Civil Construction,4.7,Infrastructure
CyberMatrix Group,Mobile App Development,4.6,Infrastructure
AdWise Industries,Cloud Services,3.1,IT Services
MegaBuild Enterprises,Digital Marketing,3.3,Design
CoreBuild Group,Corporate Training,4.3,Finance
PrimeLogics Industries,Civil Construction,4.3,Education
FinEdge Pvt Ltd,Financial Consulting,3.7,IT Services
MegaBuild Group,Civil Construction,4.6,Education
PrimeLogics Pvt Ltd,Cyber Security,3.1,Marketing
AlphaWorks Enterprises,Financial Consulting,4.7,Finance
TechNova Group,Mobile App Development,4.1,Education
TechNova Solutions,Web Development,3.8,Marketing
UrbanCraft Group,Interior Design,4.9,Finance
PrimeLogics Industries,Cyber Security,3.2,Marketing
CyberMatrix Group,Cloud Services,4.5,Finance
NextGen Group,Financial Consulting,3.9,Infrastructure
PrimeLogics Solutions,Financial Consulting,3.5,Infrastructure
UrbanCraft Enterprises,Financial Consulting,3.4,Marketing
CyberMatrix Enterprises,Cyber Security,4.0,Education
UrbanCraft Solutions,Corporate Training,3.6,Finance
CloudSphere Enterprises,Mobile App Development,4.9,Finance
TechNova Solutions,Cloud Services,3.5,Infrastructure
NextGen Solutions,Civil Construction,3.5,Marketing
BrightPath Solutions,AI/ML Services,4.5,Infrastructure
FinEdge Solutions,Mobile App Development,4.9,Education
FinEdge Enterprises,Civil Construction,5.0,Finance
CoreBuild Industries,Corporate Training,3.3,Marketing
PrimeLogics Group,Interior Design,4.4,IT Services
InteriorHive Group,Mobile App Development,3.8,Marketing
CloudSphere Group,AI/ML Services,3.2,Marketing
FinEdge Enterprises,Financial Consulting,3.3,Education
SecureNet Group,Cloud Services,4.4,Finance
AlphaWorks Group,Financial Consulting,4.7,Finance
BuildPro Pvt Ltd,Cloud Services,3.8,Design
CloudLink Group,Digital Marketing,4.3,IT Services
BuildPro Group,Cyber Security,3.5,Marketing
FinEdge Group,AI/ML Services,4.4,Finance
CloudLink Enterprises,Corporate Training,4.0,Finance
NextGen Solutions,Web Development,3.7,Education
AlphaWorks Industries,Interior Design,4.1,IT Services
FinEdge Industries,Digital Marketing,4.5,IT Services
AdWise Group,Web Development,3.5,Infrastructure
SecureNet Solutions,AI/ML Services,3.9,Education
CoreBuild Industries,Civil Construction,3.7,Education
CloudLink Enterprises,Cyber Security,4.2,Education
FinEdge Pvt Ltd,AI/ML Services,4.6,Education
SkyHigh Industries,Civil Construction,3.3,Education
MegaBuild Pvt Ltd,Financial Consulting,4.1,Infrastructure
SecureNet Solutions,Digital Marketing,4.6,Finance
AlphaWorks Pvt Ltd,Corporate Training,4.7,Finance
FinEdge Group,Mobile App Development,4.7,Education
SkyHigh Group,Corporate Training,3.3,Marketing
SecureNet Pvt Ltd,Civil Construction,3.2,Marketing
CyberMatrix Pvt Ltd,Web Development,3.9,Design
NextGen Solutions,Financial Consulting,3.3,Finance
GreenLeaf Pvt Ltd,Financial Consulting,4.6,Design
InteriorHive Industries,Civil Construction,4.9,Marketing
CyberMatrix Pvt Ltd,Corporate Training,4.1,Infrastructure
BuildPro Solutions,Web Development,4.7,Marketing
CloudLink Solutions,Interior Design,4.9,IT Services
AlphaWorks Enterprises,Financial Consulting,3.1,Design
MarketGenius Solutions,Digital Marketing,4.2,Education
NextGen Solutions,Mobile App Development,4.9,IT Services
CyberMatrix Industries,Corporate Training,3.3,Infrastructure
NextGen Enterprises,Cloud Services,4.4,Finance
InteriorHive Group,Interior Design,4.1,IT Services
BrightPath Industries,Digital Marketing,4.3,Marketing
PrimeLogics Enterprises,Cyber Security,3.6,Marketing
BrightPath Industries,Cloud Services,3.6,Finance
CyberMatrix Pvt Ltd,Civil Construction,4.9,IT Services
FinEdge Industries,AI/ML Services,3.4,Design
FinEdge Group,AI/ML Services,3.8,Design
SkyHigh Enterprises,Interior Design,4.8,Design
CyberMatrix Group,Corporate Training,3.9,IT Services
NextGen Pvt Ltd,Civil Construction,4.4,Infrastructure
VisionTech Enterprises,AI/ML Services,4.2,Infrastructure
MegaBuild Solutions,Interior Design,3.9,Finance
BrightPath Pvt Ltd,AI/ML Services,4.7,IT Services
NextGen Solutions,Cloud Services,4.2,Marketing
InteriorHive Industries,Mobile App Development,4.6,Design
TechNova Enterprises,Civil Construction,3.2,Finance
VisionTech Solutions,Cloud Services,5.0,Design
CloudLink Pvt Ltd,Cyber Security,4.9,Finance
CloudSphere Solutions,Mobile App Development,3.7,Finance
CoreBuild Solutions,Interior Design,4.9,Education
AdWise Solutions,Cyber Security,4.6,Finance
SecureNet Group,Mobile App Development,3.5,Education
CloudSphere Industries,Cyber Security,5.0,IT Services
CloudLink Group,Financial Consulting,3.1,Infrastructure
AlphaWorks Solutions,Cloud Services,4.7,Marketing
GreenLeaf Enterprises,Interior Design,4.7,IT Services
UrbanCraft Solutions,Cyber Security,4.5,Design
VisionTech Solutions,Cloud Services,4.0,Infrastructure
CloudSphere Group,Corporate Training,4.8,Finance
AdWise Pvt Ltd,Cloud Services,4.3,Education
AdWise Enterprises,Interior Design,4.6,Marketing
SecureNet Pvt Ltd,Interior Design,3.2,Marketing
GreenLeaf Solutions,AI/ML Services,4.0,Design
CyberMatrix Industries,Mobile App Development,4.8,Design
MegaBuild Solutions,Web Development,3.0,Infrastructure
UrbanCraft Solutions,Interior Design,3.2,Marketing
GreenLeaf Solutions,AI/ML Services,4.4,Marketing
CyberMatrix Enterprises,Web Development,4.8,Finance
TechNova Solutions,AI/ML Services,4.0,IT Services
SecureNet Pvt Ltd,AI/ML Services,3.9,Education
InteriorHive Group,Civil Construction,3.9,Infrastructure
AlphaWorks Enterprises,Corporate Training,4.5,Infrastructure
FinEdge Pvt Ltd,Cloud Services,4.1,Infrastructure
TechNova Solutions,Financial Consulting,5.0,Design
AdWise Solutions,Cyber Security,3.5,Design
UrbanCraft Group,Financial Consulting,3.8,Design
BuildPro Pvt Ltd,Civil Construction,3.2,Design
SkyHigh Group,Financial Consulting,4.2,Marketing
SecureNet Group,Interior Design,4.3,Education
PrimeLogics Solutions,Corporate Training,4.5,Infrastructure
CoreBuild Enterprises,AI/ML Services,3.8,Infrastructure
CyberMatrix Enterprises,Mobile App Development,3.5,Marketing
MegaBuild Enterprises,Civil Construction,3.2,Finance
FinEdge Industries,Civil Construction,4.4,Infrastructure
InteriorHive Pvt Ltd,AI/ML Services,4.6,Marketing
CoreBuild Solutions,Digital Marketing,3.8,Education
BuildPro Solutions,Financial Consulting,3.1,Infrastructure
PrimeLogics Industries,Cloud Services,4.4,Education
InteriorHive Pvt Ltd,Interior Design,4.9,Finance
CoreBuild Pvt Ltd,Financial Consulting,4.0,Infrastructure
FinEdge Pvt Ltd,AI/ML Services,3.4,Infrastructure
UrbanCraft Pvt Ltd,Financial Consulting,4.4,IT Services
MarketGenius Group,AI/ML Services,4.0,Design
FinEdge Group,Financial Consulting,4.1,Marketing
CloudLink Pvt Ltd,AI/ML Services,4.3,Finance
CloudLink Group,Web Development,4.4,Infrastructure
NextGen Solutions,Civil Construction,4.2,Education
AlphaWorks Enterprises,Corporate Training,4.6,Finance
MarketGenius Pvt Ltd,Mobile App Development,4.9,Education
CloudLink Solutions,Digital Marketing,3.6,Design
MarketGenius Industries,Web Development,3.6,Finance
InteriorHive Solutions,Digital Marketing,3.9,Infrastructure
PrimeLogics Pvt Ltd,Mobile App Development,4.0,Design
BrightPath Enterprises,AI/ML Services,5.0,IT Services
BuildPro Group,Web Development,4.6,Design
BuildPro Solutions,Financial Consulting,4.0,Infrastructure
VisionTech Enterprises,Financial Consulting,3.6,IT Services
PrimeLogics Group,Financial Consulting,3.9,Infrastructure
UrbanCraft Pvt Ltd,Web Development,3.5,Marketing
BrightPath Group,Interior Design,3.7,Infrastructure
SecureNet Group,AI/ML Services,3.4,Education
MarketGenius Industries,Civil Construction,4.7,Finance
SkyHigh Enterprises,Digital Marketing,4.0,Marketing
PrimeLogics Industries,Corporate Training,4.0,Design
AdWise Industries,Cloud Services,4.3,Finance
GreenLeaf Enterprises,Mobile App Development,3.7,Design
GreenLeaf Enterprises,Cloud Services,3.5,Education
CloudLink Solutions,Web Development,4.8,Marketing
MegaBuild Group,Corporate Training,4.7,Marketing
SecureNet Enterprises,Digital Marketing,4.5,Education
UrbanCraft Solutions,Web Development,4.3,Education
CyberMatrix Enterprises,Web Development,3.1,IT Services
AdWise Group,Cyber Security,3.8,Marketing
VisionTech Pvt Ltd,Digital Marketing,3.8,Finance
MarketGenius Enterprises,Financial Consulting,3.5,Design
VisionTech Pvt Ltd,Corporate Training,4.8,Design
MarketGenius Industries,Interior Design,3.2,Infrastructure
GreenLeaf Group,Digital Marketing,4.4,IT Services
CyberMatrix Solutions,Cloud Services,4.5,Marketing
PrimeLogics Industries,Corporate Training,3.6,Finance
CloudSphere Enterprises,Mobile App Development,4.1,Finance
InteriorHive Solutions,Mobile App Development,4.6,Marketing
TechNova Pvt Ltd,Web Development,3.0,IT Services
PrimeLogics Solutions,Web Development,4.5,IT Services
CoreBuild Industries,Mobile App Development,5.0,Finance
CloudSphere Enterprises,Digital Marketing,3.8,Education
BrightPath Group,Web Development,3.9,Infrastructure
CoreBuild Solutions,Interior Design,3.3,Design
InteriorHive Solutions,Financial Consulting,3.8,Education
VisionTech Solutions,AI/ML Services,3.2,Design
NextGen Group,Cyber Security,3.1,IT Services
MegaBuild Industries,Cyber Security,4.5,Marketing
UrbanCraft Enterprises,Cyber Security,4.1,IT Services
MarketGenius Pvt Ltd,Digital Marketing,3.2,Finance
AlphaWorks Solutions,Financial Consulting,3.3,Infrastructure
TechNova Industries,AI/ML Services,3.1,Marketing
SecureNet Enterprises,AI/ML Services,3.9,Design
CloudSphere Solutions,Mobile App Development,4.8,Education
BuildPro Pvt Ltd,Web Development,4.8,Finance
PrimeLogics Solutions,Mobile App Development,4.9,Marketing
AdWise Solutions,Civil Construction,3.5,Education
BrightPath Enterprises,AI/ML Services,3.6,Education
CyberMatrix Enterprises,Web Development,4.0,IT Services
CloudSphere Pvt Ltd,AI/ML Services,4.3,Design
BuildPro Group,Corporate Training,3.3,IT Services
MegaBuild Industries,Cloud Services,4.1,Infrastructure
InteriorHive Pvt Ltd,Cyber Security,3.5,IT Services
BuildPro Pvt Ltd,AI/ML Services,3.7,Education
MarketGenius Pvt Ltd,Interior Design,3.2,IT Services
AdWise Industries,Civil Construction,4.2,Education
InteriorHive Solutions,Corporate Training,4.0,Marketing
TechNova Enterprises,Digital Marketing,3.6,Marketing
AlphaWorks Solutions,Web Development,4.7,IT Services
CloudLink Pvt Ltd,Interior Design,3.3,Infrastructure
CloudSphere Solutions,Financial Consulting,3.9,Design
InteriorHive Industries,Interior Design,4.2,Finance
UrbanCraft Industries,Digital Marketing,4.9,Education
MegaBuild Enterprises,Mobile App Development,4.1,Finance
CloudSphere Pvt Ltd,Corporate Training,3.7,Finance
InteriorHive Group,Cloud Services,3.7,Education
UrbanCraft Industries,Web Development,3.8,Infrastructure
PrimeLogics Group,Web Development,3.3,Marketing
CloudLink Enterprises,Civil Construction,3.5,Education
CloudSphere Solutions,Corporate Training,4.2,Education
MarketGenius Solutions,Corporate Training,4.9,Marketing
InteriorHive Pvt Ltd,Corporate Training,4.2,Marketing
NextGen Solutions,AI/ML Services,3.8,Education
PrimeLogics Enterprises,Financial Consulting,3.2,IT Services
SecureNet Solutions,Interior Design,3.9,Education
MegaBuild Enterprises,Web Development,3.6,Marketing
NextGen Industries,Web Development,4.9,IT Services
BrightPath Group,Mobile App Development,4.2,Infrastructure
SecureNet Group,Cloud Services,3.4,Infrastructure
VisionTech Industries,AI/ML Services,3.1,Finance
BuildPro Enterprises,Interior Design,4.0,Infrastructure
GreenLeaf Group,Financial Consulting,3.3,Design
CoreBuild Group,Web Development,3.0,Design
BrightPath Industries,Financial Consulting,4.8,IT Services
GreenLeaf Industries,Mobile App Development,4.4,Education
MegaBuild Solutions,Financial Consulting,4.1,Infrastructure
UrbanCraft Solutions,AI/ML Services,3.6,Marketing
AdWise Industries,Cloud Services,3.1,Marketing
BuildPro Enterprises,Financial Consulting,3.2,Marketing
CyberMatrix Group,Cyber Security,4.7,Marketing
PrimeLogics Pvt Ltd,Cloud Services,4.6,Infrastructure
NextGen Group,Interior Design,4.2,Education
BrightPath Pvt Ltd,Interior Design,4.6,Infrastructure
PrimeLogics Pvt Ltd,Digital Marketing,4.1,Infrastructure
AdWise Enterprises,Web Development,3.6,Infrastructure
VisionTech Pvt Ltd,Mobile App Development,4.8,Design
CloudLink Group,Cloud Services,3.5,Design
PrimeLogics Industries,Cloud Services,3.2,Marketing
PrimeLogics Industries,Mobile App Development,3.4,IT Services
CyberMatrix Group,Cloud Services,4.0,Finance
CloudSphere Group,Web Development,3.1,Infrastructure
MarketGenius Group,Interior Design,4.5,Marketing
TechNova Enterprises,Financial Consulting,3.0,Design
InteriorHive Solutions,Cloud Services,3.8,Marketing
VisionTech Enterprises,Cyber Security,4.5,Marketing
FinEdge Enterprises,Cyber Security,3.7,Marketing
BrightPath Solutions,AI/ML Services,4.1,Design
NextGen Industries,Cloud Services,4.6,IT Services
UrbanCraft Enterprises,AI/ML Services,4.5,Finance
VisionTech Enterprises,Cyber Security,4.0,IT Services
SkyHigh Pvt Ltd,Cloud Services,3.6,Finance
CloudSphere Enterprises,Interior Design,3.2,IT Services
VisionTech Enterprises,Mobile App Development,4.7,IT Services
UrbanCraft Pvt Ltd,Financial Consulting,4.7,Design
CyberMatrix Enterprises,Civil Construction,3.7,Education
InteriorHive Solutions,Mobile App Development,3.5,IT Services
CoreBuild Enterprises,Civil Construction,3.8,Marketing
CloudSphere Group,Financial Consulting,3.2,Design
BuildPro Industries,Civil Construction,4.6,Design
FinEdge Enterprises,Civil Construction,4.9,Design
UrbanCraft Industries,AI/ML Services,3.8,Education
TechNova Solutions,Interior Design,3.6,Design
TechNova Enterprises,Civil Construction,3.7,Education
UrbanCraft Industries,Mobile App Development,4.5,Infrastructure
CloudLink Enterprises,Financial Consulting,4.0,IT Services
MarketGenius Solutions,Financial Consulting,3.7,Finance
AdWise Enterprises,Cloud Services,4.2,Education
BuildPro Enterprises,Financial Consulting,4.6,Education
CloudLink Group,Digital Marketing,4.3,Marketing
SkyHigh Group,Cyber Security,4.5,Design
CoreBuild Pvt Ltd,Cyber Security,3.9,Infrastructure
CloudSphere Solutions,Civil Construction,4.0,Design
NextGen Enterprises,Civil Construction,4.3,Marketing
SkyHigh Enterprises,Interior Design,4.0,Finance
CloudSphere Industries,Digital Marketing,4.7,Design
FinEdge Solutions,Civil Construction,4.8,Finance
MarketGenius Solutions,Cloud Services,3.8,Infrastructure
PrimeLogics Pvt Ltd,Interior Design,4.6,IT Services
SecureNet Enterprises,Web Development,3.2,Marketing
MarketGenius Industries,Cloud Services,3.8,IT Services
BuildPro Industries,Digital Marketing,4.0,Education
PrimeLogics Group,Cyber Security,4.6,Marketing
BrightPath Industries,Mobile App Development,3.7,Marketing
CyberMatrix Pvt Ltd,Corporate Training,3.8,Finance
MegaBuild Industries,Mobile App Development,3.3,Education
VisionTech Pvt Ltd,Corporate Training,3.6,IT Services
CoreBuild Enterprises,Web Development,4.9,Infrastructure
AdWise Industries,Corporate Training,4.6,Education
MegaBuild Solutions,Interior Design,3.8,Infrastructure
UrbanCraft Solutions,Cloud Services,3.3,Education
GreenLeaf Enterprises,Financial Consulting,4.4,Infrastructure
CloudSphere Group,Financial Consulting,3.1,Marketing
CloudSphere Enterprises,Corporate Training,4.3,Finance
CoreBuild Pvt Ltd,Interior Design,3.1,IT Services
PrimeLogics Group,Civil Construction,3.0,Education
TechNova Group,Corporate Training,4.3,Infrastructure
PrimeLogics Solutions,Interior Design,4.1,Infrastructure
CloudSphere Group,AI/ML Services,4.5,IT Services
SecureNet Pvt Ltd,Web Development,4.9,Infrastructure
UrbanCraft Enterprises,Digital Marketing,3.9,Infrastructure
PrimeLogics Pvt Ltd,AI/ML Services,3.5,Finance
CyberMatrix Solutions,Civil Construction,4.7,Infrastructure
CyberMatrix Group,Cloud Services,3.8,Marketing
InteriorHive Industries,Civil Construction,4.4,Infrastructure
BuildPro Solutions,Web Development,4.2,Marketing
MegaBuild Pvt Ltd,Cyber Security,4.2,Marketing
CyberMatrix Industries,Corporate Training,3.4,Finance
SkyHigh Enterprises,Corporate Training,3.4,Marketing
UrbanCraft Group,Cyber Security,4.4,Marketing
CoreBuild Pvt Ltd,Corporate Training,4.9,Marketing
CloudSphere Group,Corporate Training,3.4,Finance
AlphaWorks Pvt Ltd,Mobile App Development,3.7,Marketing
CoreBuild Pvt Ltd,Cloud Services,4.3,Marketing
CoreBuild Industries,Cyber Security,3.5,Education
CoreBuild Pvt Ltd,Interior Design,4.5,Education
CloudLink Enterprises,Interior Design,4.7,Marketing
CyberMatrix Pvt Ltd,Web Development,3.3,Marketing
BrightPath Pvt Ltd,Financial Consulting,3.8,Education
VisionTech Solutions,Civil Construction,3.2,Design
AlphaWorks Industries,Financial Consulting,4.7,Finance
BuildPro Industries,Cyber Security,3.3,Marketing
PrimeLogics Enterprises,AI/ML Services,3.5,Design
VisionTech Industries,AI/ML Services,4.6,IT Services
SecureNet Enterprises,Corporate Training,3.1,Finance
FinEdge Pvt Ltd,Mobile App Development,4.8,IT Services
AlphaWorks Industries,Cloud Services,4.8,Marketing
InteriorHive Enterprises,Mobile App Development,4.0,Design
CloudLink Pvt Ltd,Corporate Training,4.4,IT Services
BrightPath Group,Digital Marketing,4.7,Education
GreenLeaf Enterprises,Digital Marketing,4.0,Education
CloudLink Industries,Interior Design,4.1,Finance
UrbanCraft Pvt Ltd,Cyber Security,4.6,Design
BrightPath Solutions,Cyber Security,4.8,Infrastructure
BrightPath Enterprises,Mobile App Development,4.5,Marketing
AdWise Pvt Ltd,Interior Design,3.4,Design
TechNova Industries,AI/ML Services,3.4,Finance
TechNova Solutions,AI/ML Services,4.0,Marketing
FinEdge Enterprises,Financial Consulting,5.0,Finance
CyberMatrix Enterprises,Web Development,4.3,Finance
SecureNet Pvt Ltd,AI/ML Services,3.4,Education
TechNova Solutions,Civil Construction,3.3,Design
CloudSphere Group,Cloud Services,4.1,Education
UrbanCraft Group,Financial Consulting,3.3,Design
CyberMatrix Pvt Ltd,Corporate Training,3.5,Marketing
MegaBuild Pvt Ltd,Civil Construction,4.7,Education
SkyHigh Group,Financial Consulting,4.8,Finance
FinEdge Group,Civil Construction,3.4,Infrastructure
CyberMatrix Solutions,Financial Consulting,4.0,Education
GreenLeaf Solutions,Web Development,3.0,Design
SecureNet Industries,Cloud Services,3.8,Finance
CoreBuild Enterprises,Corporate Training,5.0,IT Services
SecureNet Solutions,Interior Design,4.9,IT Services
CloudSphere Group,Mobile App Development,3.9,Finance
AdWise Industries,Interior Design,3.9,Infrastructure
MegaBuild Solutions,Interior Design,3.2,Design
TechNova Industries,Digital Marketing,4.7,IT Services
SkyHigh Industries,Digital Marketing,3.0,Finance
BuildPro Pvt Ltd,AI/ML Services,4.2,IT Services
MegaBuild Group,Mobile App Development,4.4,Design
CoreBuild Solutions,Cloud Services,4.7,IT Services
CloudSphere Industries,Digital Marketing,3.1,Education
SkyHigh Solutions,Cyber Security,4.2,Design
BrightPath Group,AI/ML Services,4.9,Marketing
CoreBuild Group,Web Development,5.0,Education
NextGen Industries,Cyber Security,4.2,Design
InteriorHive Solutions,Mobile App Development,3.7,Infrastructure
UrbanCraft Solutions,Corporate Training,5.0,IT Services
InteriorHive Group,Cloud Services,4.2,IT Services
FinEdge Solutions,Cyber Security,3.8,IT Services
MegaBuild Pvt Ltd,Digital Marketing,4.5,IT Services
SkyHigh Enterprises,Digital Marketing,4.9,IT Services
SkyHigh Industries,Mobile App Development,4.2,Finance
MegaBuild Group,Corporate Training,3.4,Design
UrbanCraft Group,Cloud Services,3.4,IT Services
PrimeLogics Pvt Ltd,Civil Construction,3.0,Design
BrightPath Industries,Mobile App Development,4.4,Marketing
MegaBuild Industries,Web Development,3.5,IT Services
UrbanCraft Group,AI/ML Services,4.6,Infrastructure
GreenLeaf Solutions,Corporate Training,4.7,Education
BuildPro Group,Web Development,5.0,Design
VisionTech Solutions,Mobile App Development,3.6,IT Services
UrbanCraft Group,Civil Construction,3.6,Finance
GreenLeaf Solutions,Cloud Services,4.1,Education
AdWise Solutions,Mobile App Development,4.1,IT Services
CoreBuild Pvt Ltd,Mobile App Development,3.0,Education
AdWise Solutions,Financial Consulting,3.8,Education
CloudLink Enterprises,Mobile App Development,3.2,Marketing
FinEdge Group,Web Development,5.0,Design
CloudSphere Enterprises,Financial Consulting,4.5,Infrastructure
PrimeLogics Enterprises,Cyber Security,3.9,Education
CyberMatrix Group,Interior Design,4.2,Finance
CyberMatrix Industries,Civil Construction,3.5,IT Services
NextGen Solutions,Web Development,3.8,Infrastructure
InteriorHive Solutions,Digital Marketing,4.3,Marketing
BuildPro Pvt Ltd,Web Development,3.9,Finance
MarketGenius Enterprises,Interior Design,4.2,Education
CloudLink Enterprises,Interior Design,3.1,IT Services
SkyHigh Group,Mobile App Development,3.2,Finance
FinEdge Industries,Web Development,3.7,Education
SecureNet Pvt Ltd,Digital Marketing,4.8,Marketing
TechNova Solutions,Interior Design,3.2,Infrastructure
CoreBuild Solutions,AI/ML Services,3.5,Marketing
VisionTech Industries,Corporate Training,4.7,Marketing
PrimeLogics Group,Interior Design,4.2,Finance
SkyHigh Industries,AI/ML Services,4.6,Education
GreenLeaf Pvt Ltd,Mobile App Development,5.0,IT Services
VisionTech Pvt Ltd,Corporate Training,4.3,Design
SkyHigh Group,Financial Consulting,3.6,Marketing
UrbanCraft Solutions,Digital Marketing,3.4,Education
AlphaWorks Enterprises,Financial Consulting,4.7,Education
UrbanCraft Enterprises,Corporate Training,3.8,IT Services
CloudSphere Enterprises,Digital Marketing,3.3,Education
CloudSphere Solutions,Cyber Security,4.0,IT Services
MarketGenius Pvt Ltd,Cyber Security,3.5,Infrastructure
InteriorHive Enterprises,Financial Consulting,4.9,Finance
BuildPro Group,Cyber Security,4.2,Finance
VisionTech Industries,AI/ML Services,4.0,Education
VisionTech Solutions,Corporate Training,3.0,Education
MarketGenius Pvt Ltd,Web Development,4.3,IT Services
PrimeLogics Solutions,Cloud Services,4.2,Marketing
GreenLeaf Industries,Digital Marketing,3.7,IT Services
TechNova Pvt Ltd,Cyber Security,4.9,Design
CyberMatrix Group,Digital Marketing,3.6,Finance
TechNova Enterprises,Mobile App Development,3.9,Marketing
SkyHigh Industries,Interior Design,4.3,Education
MarketGenius Industries,Cyber Security,4.5,Finance
BrightPath Pvt Ltd,AI/ML Services,4.5,Design
CoreBuild Pvt Ltd,Civil Construction,3.7,Design
CloudSphere Pvt Ltd,AI/ML Services,3.3,Marketing
SkyHigh Group,Civil Construction,4.8,Design
AlphaWorks Industries,Civil Construction,4.7,Finance
MarketGenius Industries,AI/ML Services,3.8,Education
FinEdge Industries,Civil Construction,3.8,Marketing
PrimeLogics Pvt Ltd,Corporate Training,3.9,Design
SecureNet Pvt Ltd,Civil Construction,4.7,Infrastructure
CoreBuild Solutions,Corporate Training,3.4,Finance
CoreBuild Solutions,Cloud Services,3.7,Education
CoreBuild Group,Interior Design,4.8,Finance
PrimeLogics Enterprises,Web Development,4.7,Finance
TechNova Enterprises,Digital Marketing,3.1,Marketing
AlphaWorks Solutions,Cloud Services,4.0,Design
VisionTech Pvt Ltd,Web Development,3.5,Design
SkyHigh Group,Civil Construction,3.8,Marketing
UrbanCraft Enterprises,Corporate Training,4.2,Marketing
BuildPro Solutions,Web Development,4.5,Finance
CloudSphere Pvt Ltd,Cyber Security,3.9,Finance
NextGen Group,Corporate Training,4.2,IT Services
CoreBuild Industries,AI/ML Services,3.6,Education
TechNova Industries,Cloud Services,3.3,Education
BuildPro Solutions,Interior Design,3.4,Finance
InteriorHive Solutions,Web Development,3.6,IT Services
CoreBuild Group,Digital Marketing,3.1,Design
CyberMatrix Group,Mobile App Development,4.7,Finance
SkyHigh Group,Cloud Services,3.3,Education
CyberMatrix Pvt Ltd,Cyber Security,4.1,Education
NextGen Industries,Cloud Services,4.2,Design
GreenLeaf Group,Interior Design,4.1,Education
SecureNet Industries,Cloud Services,3.5,Education
BuildPro Group,Mobile App Development,3.9,Design
MarketGenius Group,Interior Design,3.1,Infrastructure
InteriorHive Industries,Financial Consulting,3.9,Design
FinEdge Solutions,Corporate Training,4.7,Infrastructure
NextGen Pvt Ltd,Corporate Training,3.3,Education
MarketGenius Pvt Ltd,Corporate Training,4.5,IT Services
CoreBuild Industries,Interior Design,3.3,IT Services
MarketGenius Enterprises,Civil Construction,3.0,Marketing
SecureNet Solutions,Mobile App Development,3.4,Design
SecureNet Industries,Web Development,3.9,Finance
InteriorHive Industries,Digital Marketing,3.1,Finance
PrimeLogics Pvt Ltd,Corporate Training,3.3,IT Services
PrimeLogics Pvt Ltd,Mobile App Development,3.3,IT Services
CyberMatrix Group,Financial Consulting,3.3,Education
MegaBuild Industries,Cloud Services,3.6,Design
GreenLeaf Group,Civil Construction,4.9,Education
PrimeLogics Industries,Mobile App Development,3.4,Marketing
FinEdge Pvt Ltd,Corporate Training,4.4,Infrastructure
PrimeLogics Pvt Ltd,Cyber Security,4.9,Marketing
UrbanCraft Group,Corporate Training,4.2,Infrastructure
CloudSphere Group,Cloud Services,4.2,IT Services
PrimeLogics Pvt Ltd,Cyber Security,4.4,IT Services
SkyHigh Pvt Ltd,Financial Consulting,4.6,Infrastructure
PrimeLogics Group,Corporate Training,4.9,Infrastructure
PrimeLogics Enterprises,Cloud Services,4.3,Finance
FinEdge Solutions,Web Development,4.9,Design
CloudSphere Group,Civil Construction,4.4,Finance
GreenLeaf Solutions,Mobile App Development,3.1,IT Services
CyberMatrix Group,Web Development,3.7,Marketing
PrimeLogics Solutions,Civil Construction,4.2,Education
